Year,Quarter,MType,資料日期,公司代號,公司名稱,利息淨收益,利息以外淨損益,呆帳費用、承諾及保證責任準備提存,營業費用,繼續營業單位稅前淨利（淨損）,所得稅費用（利益）,繼續營業單位本期稅後淨利（淨損）,停業單位損益,合併前非屬共同控制股權損益,本期稅後淨利（淨損）,其他綜合損益（稅後）,合併前非屬共同控制股權綜合損益淨額,本期綜合損益總額（稅後）,淨利（損）歸屬於母公司業主,淨利（損）歸屬於共同控制下前手權益,淨利（損）歸屬於非控制權益,綜合損益總額歸屬於母公司業主,綜合損益總額歸屬於共同控制下前手權益,綜合損益總額歸屬於非控制權益,基本每股盈餘（元）,營業收入,營業成本,原始認列生物資產及農產品之利益（損失）,生物資產當期公允價值減出售成本之變動利益（損失）,營業毛利（毛損）,未實現銷貨（損）益,已實現銷貨（損）益,營業毛利（毛損）淨額,其他收益及費損淨額,營業利益（損失）,營業外收入及支出,稅前淨利（淨損）,繼續營業單位本期淨利（淨損）,本期淨利（淨損）,其他綜合損益（淨額）,本期綜合損益總額,淨利（淨損）歸屬於母公司業主,淨利（淨損）歸屬於共同控制下前手權益,淨利（淨損）歸屬於非控制權益,保險服務結果,財務結果,其他營業結果,繼續營業單位稅前純益（純損）,繼續營業單位本期純益（純損）,其他綜合損益（稅後淨額）,基本每股盈餘,收入,支出,其他綜合損益,收益,支出及費用,營業利益,營業外損益,本期其他綜合損益（稅後淨額）
2026,2,otc,2026-08-20,1240,茂生農經,,,,131685.0,,15197,,,,,,,,,,,130213,,318,2.85,1440672.0,1267704,21939,24180,219087.0,,,219087.0,,87402.0,54301.0,141703,126506,126506,4025,130531,126188,,318,,,,,,,,,,,,,,,
2026,2,otc,2026-08-20,1259,安心,,,,711174.0,,1782,,,,,,,,,,,-167624,,401,2.02,3091195.0,2373772,,,717423.0,,,717423.0,,6249.0,61251.0,67500,65718,65718,-232941,-167223,65317,,401,,,,,,,,,,,,,,,
2026,2,otc,2026-08-20,1264,德麥,,,,573111.0,,138328,,,,,,,,,,,436421,,88566,11.01,3512615.0,2352398,,,1160217.0,,,1160217.0,,587106.0,17243.0,604349,466021,466021,58966,524987,407978,,58043,,,,,,,,,,,,,,,
2026,2,otc,2026-08-20,1268,漢來美食,,,,1301925.0,,86886,,,,,,,,,,,435408,,,9.21,3675641.0,1916952,,,1758689.0,,,1758689.0,,456764.0,19126.0,475890,389004,389004,46404,435408,389004,,,,,,,,,,,,,,,,,
2026,2,otc,2026-08-20,1294,漢田生技,,,,61467.0,,19811,,,,,,,,,,,80824,,11,2.22,455326.0,294582,,,160744.0,,,160744.0,,99277.0,1369.0,100646,80835,80835,,80835,80824,,11,,,,,,,,,,,,,,,
2026,2,otc,2026-08-20,1295,生合,,,,177696.0,,7127,,,,,,,,,,,83521,,,1.97,510716.0,256589,,,254127.0,,,254127.0,,76431.0,-1271.0,75160,68033,68033,15488,83521,68033,,,,,,,,,,,,,,,,,
2026,2,otc,2026-08-20,1336,台翰,,,,150977.0,,14829,,,,,,,,,,,59941,,,0.41,1247607.0,1064666,,,182941.0,,,182941.0,,31964.0,14977.0,46941,32112,32112,27829,59941,32112,,,,,,,,,,,,,,,,,
2026,2,otc,2026-08-20,1565,精華,,,,164898.0,,41692,,,,,,,,,,,152011,,,3.0,1780360.0,1444589,,,335771.0,,,335771.0,,170873.0,22275.0,193148,151456,151456,555,152011,151456,,,,,,,,,,,,,,,,,
2026,2,otc,2026-08-20,1569,濱川,,,,284018.0,,63458,,,,,,,,,,,-164970,,17820,-1.67,1624996.0,1514234,,,110762.0,,,110762.0,,-173256.0,16651.0,-156605,-220063,-220063,72913,-147150,-236976,,16913,,,,,,,,,,,,,,,
2026,2,otc,2026-08-20,1570,力肯,,,,36222.0,,6892,,,,,,,,,,,73580,,,0.54,288259.0,224517,,,63742.0,,,63742.0,,27520.0,7221.0,34741,27849,27849,45731,73580,27849,,,,,,,,,,,,,,,,,
2026,2,otc,2026-08-20,1580,新麥,,,,574806.0,,121092,,,,,,,,,,,314176,,20913,4.62,2264808.0,1320343,,,944465.0,,,944465.0,,369659.0,-4955.0,364704,243612,243612,91477,335089,228074,,15538,,,,,,,,,,,,,,,
2026,2,otc,2026-08-20,1584,精剛,,,,90903.0,,6915,,,,,,,,,,,3114,,554,0.19,1084456.0,919472,,,164984.0,,,164984.0,,74081.0,-23219.0,50862,43947,43947,-40279,3668,43393,,554,,,,,,,,,,,,,,,
2026,2,otc,2026-08-20,1586,和勤,,,,155676.0,,5836,,,,,,,,,,,91089,,,0.32,1169445.0,978093,,,191352.0,,,191352.0,,35676.0,3049.0,38725,32889,32889,58200,91089,32889,,,,,,,,,,,,,,,,,
2026,2,otc,2026-08-20,1593,祺驊,,,,144013.0,,50744,,,,,,,,,,,114945,,18114,2.61,646718.0,451598,,,195120.0,,,195120.0,,51107.0,121543.0,172650,121906,121906,11153,133059,103792,,18114,,,,,,,,,,,,,,,
2026,2,otc,2026-08-20,1595,川寶,,,,163262.0,,845,,,,,,,,,,,-49464,,0,-0.98,411957.0,330158,,,81799.0,,,81799.0,,-81463.0,29034.0,-52429,-53274,-53274,3810,-49464,-53274,,0,,,,,,,,,,,,,,,
2026,2,otc,2026-08-20,1599,宏佳騰,,,,260530.0,,6381,,,,,,,,,,,4564,,-17809,0.09,1083048.0,849199,,,233849.0,,,233849.0,,-26681.0,21431.0,-5250,-11631,-11631,-1614,-13245,6178,,-17809,,,,,,,,,,,,,,,
2026,2,otc,2026-08-20,1742,台蠟,,,,34780.0,,0,,,,,,,,,,,-19057,,,-0.2,41324.0,33697,,,7627.0,,,7627.0,,-27153.0,8743.0,-18410,-18410,-18410,-647,-19057,-18410,,,,,,,,,,,,,,,,,
2026,2,otc,2026-08-20,1777,生泰,,,,69413.0,,43185,,,,,,,,,,,,,,3.64,611976.0,359542,,,252434.0,,,252434.0,,183021.0,22387.0,205408,162223,162223,2809,165032,,,,,,,,,,,,,,,,,,
2026,2,otc,2026-08-20,1780,立弘,,,,114392.0,,18142,,,,,,,,,,,80921,,,0.69,498399.0,298303,,,200096.0,,,200096.0,,85704.0,-186.0,85518,67376,67376,13545,80921,67376,,,,,,,,,,,,,,,,,
2026,2,otc,2026-08-20,1781,合世,,,,62491.0,,1448,,,,,,,,,,,-17339,,,-0.51,193290.0,165568,,,27722.0,,,27722.0,,-34769.0,12157.0,-22612,-24060,-24060,6721,-17339,-24060,,,,,,,,,,,,,,,,,
2026,2,otc,2026-08-20,1784,訊聯,,,,362759.0,,6768,,,,,,,,,,,32474,,-20357,0.64,653052.0,288662,,,364390.0,,,364390.0,,1631.0,16428.0,18059,11291,11291,826,12117,32173,,-20882,,,,,,,,,,,,,,,
2026,2,otc,2026-08-20,1785,光洋科,,,,1062695.0,,621572,,,,,,,,,,,2297978,,125108,3.66,30242528.0,26060715,,,4181813.0,,,4181813.0,,3119118.0,-196338.0,2922780,2301208,2301208,121878,2423086,2176131,,125077,,,,,,,,,,,,,,,
2026,2,otc,2026-08-20,1788,杏昌,,,,390992.0,,51150,,,,,,,,,,,212990,0,0,4.63,2252796.0,1611656,,,641140.0,,,641140.0,,250148.0,7147.0,257295,206145,206145,6845,212990,206145,0,0,,,,,,,,,,,,,,,
2026,2,otc,2026-08-20,1796,金穎生技,,,,75919.0,,-875,,,,,,,,,,,-3729,,,-0.11,322124.0,251800,,,70324.0,,,70324.0,,-5595.0,300.0,-5295,-4420,-4420,691,-3729,-4420,,,,,,,,,,,,,,,,,
2026,2,otc,2026-08-20,1799,易威,,,,202483.0,,80,,,,,,,,,,,17794,,2302,0.06,463329.0,241743,,,221586.0,,,221586.0,,19103.0,-9148.0,9955,9875,9875,10221,20096,7933,,1942,,,,,,,,,,,,,,,
2026,2,otc,2026-08-20,1813,寶利徠,,,,37955.0,,-2676,,,,,,,,,,,7848,,-5995,0.21,147746.0,158671,,,-10925.0,,,-10925.0,,-48880.0,50473.0,1593,4269,4269,-2416,1853,9908,,-5639,,,,,,,,,,,,,,,
2026,2,otc,2026-08-20,1815,富喬,,,,578945.0,,197897,,,,,,,,,,,1292886,,,2.24,4012631.0,2484132,,,1528499.0,,,1528499.0,,949554.0,548804.0,1498358,1300461,1300461,-7575,1292886,1300461,,,,,,,,,,,,,,,,,
2026,2,otc,2026-08-20,2035,唐榮公司,,,,143959.0,,-1949,,,,,,,,,,,,,,0.55,5291734.0,5029860,,,261874.0,,,261874.0,,117915.0,71816.0,189731,191680,191680,-3391,188289,,,,,,,,,,,,,,,,,,
2026,2,otc,2026-08-20,2061,風青,,,,33466.0,,4926,,,,,,,,,,,66341,,,1.03,672585.0,599836,,,72749.0,,,72749.0,,39283.0,24475.0,63758,58832,58832,7509,66341,58832,,,,,,,,,,,,,,,,,
2026,2,otc,2026-08-20,2063,世鎧精密,,,,66874.0,,7917,,,,,,,,,,,66201,,,0.85,459736.0,365389,,,94347.0,,,94347.0,,27473.0,21349.0,48822,40905,40905,25296,66201,40905,,,,,,,,,,,,,,,,,
2026,2,otc,2026-08-20,2064,晉椿,,,,64677.0,,-34,,,,,,,,,,,-7093,,-23,-0.04,894368.0,825983,,,68385.0,61,,68324.0,,3647.0,-6393.0,-2746,-2712,-2712,-4404,-7116,-2708,,-4,,,,,,,,,,,,,,,
2026,2,otc,2026-08-20,2065,世豐,,,,111275.0,,36747,,,,,,,,,,,125113,,,2.27,1092466.0,897533,,,194933.0,,,194933.0,,83658.0,97297.0,180955,144208,144208,-19095,125113,144208,,,,,,,,,,,,,,,,,
2026,2,otc,2026-08-20,2066,世德,,,,394511.0,,29486,,,,,,,,,,,136178,,,2.94,1457915.0,949116,,,508799.0,,,508799.0,,114288.0,45308.0,159596,130110,130110,6068,136178,130110,,,,,,,,,,,,,,,,,
2026,2,otc,2026-08-20,2067,嘉鋼,,,,78917.0,,-542,,,,,,,,,,,-69214,,-11094,-1.55,464880.0,452010,,,12870.0,,,12870.0,,-66047.0,-15561.0,-81608,-81066,-81066,758,-80308,-70091,,-10975,,,,,,,,,,,,,,,
2026,2,otc,2026-08-20,2070,精湛,,,,128463.0,,7094,,,,,,,,,,,54432,,,1.29,347768.0,173344,,,174424.0,,,174424.0,,45961.0,11922.0,57883,50789,50789,3643,54432,50789,,,,,,,,,,,,,,,,,
2026,2,otc,2026-08-20,2073,雄順,,,,32509.0,,0,,,,,,,,,,,,,,-0.37,379587.0,355626,,,23961.0,,,23961.0,,-8548.0,-1663.0,-10211,-10211,-10211,-693,-10904,,,,,,,,,,,,,,,,,,
2026,2,otc,2026-08-20,2221,大甲,,,,74893.0,,20663,,,,,,,,,,,80790,0,1881,1.86,807160.0,630960,,,176200.0,,,176200.0,,101307.0,57.0,101364,80701,80701,1970,82671,78820,0,1881,,,,,,,,,,,,,,,
2026,2,otc,2026-08-20,2230,泰茂,,,,106234.0,,-548,,,,,,,,,,,-58015,,-554,-1.48,1160457.0,1159458,,,999.0,,,999.0,,-105235.0,3523.0,-101712,-101164,-101164,42595,-58569,-99831,,-1333,,,,,,,,,,,,,,,
2026,2,otc,2026-08-20,2235,謚源,,,,37970.0,,4513,,,,,,,,,,,,,,0.47,290411.0,247326,,,43085.0,,,43085.0,,5115.0,16100.0,21215,16702,16702,0,16702,,,,,,,,,,,,,,,,,,
2026,2,otc,2026-08-20,2596,綠意,,,,78435.0,,49278,,,,,,,,,,,201190,,-2138,2.01,750324.0,430317,,,320007.0,,,320007.0,,241572.0,6758.0,248330,199052,199052,,199052,201190,,-2138,,,,,,,,,,,,,,,
2026,2,otc,2026-08-20,2640,大車隊,,,,470635.0,,78089,,,,,,,,,,,285830,,199,4.86,1665458.0,831060,,,834398.0,,,834398.0,,363763.0,2270.0,366033,287944,287944,-1915,286029,287745,,199,,,,,,,,,,,,,,,
2026,2,otc,2026-08-20,2641,正德,,,,63484.0,,34915,,,,,,,,,,,513973,,48485,1.25,1177268.0,707205,,,470063.0,,,470063.0,,406579.0,88336.0,494915,460000,460000,102458,562458,411515,,48485,,,,,,,,,,,,,,,
2026,2,otc,2026-08-20,2643,捷迅,,,,162216.0,,31846,,,,,,,,,,,118019,,,2.79,3411287.0,3122331,,,288956.0,,,288956.0,,126740.0,2766.0,129506,97660,97660,20359,118019,97660,,,,,,,,,,,,,,,,,
2026,2,otc,2026-08-20,2718,全心投控,,,,52447.0,,70702,,,,,,,,,,,236030,,,2.72,230354.0,101773,,,128581.0,,,128581.0,,76134.0,230900.0,307034,236332,236332,-302,236030,236332,,,,,,,,,,,,,,,,,
2026,2,otc,2026-08-20,2719,燦星旅,,,,73153.0,,2434,,,,,,,,,,,38230,,,0.55,849745.0,725493,,,124252.0,,,124252.0,,51099.0,-10435.0,40664,38230,38230,,38230,38230,,,,,,,,,,,,,,,,,
2026,2,otc,2026-08-20,2729,瓦城,,,,1432165.0,,55916,,,,,,,,,,,152524,,-1066,3.47,3289716.0,1636420,,,1653296.0,,,1653296.0,,221131.0,-18605.0,202526,146610,146610,4848,151458,147676,,-1066,,,,,,,,,,,,,,,
2026,2,otc,2026-08-20,2732,六角,,,,1176161.0,,40996,,,,,,,,,,,100994,,20685,2.13,2653869.0,1321331,,,1332538.0,0,498,1333036.0,406,157281.0,-5112.0,152169,111173,111173,10506,121679,95169,,16004,,,,,,,,,,,,,,,
2026,2,otc,2026-08-20,2734,易飛網,,,,130707.0,,949,,,,,,,,,,,1054,,-182,0.02,1020429.0,868992,,,151437.0,,,151437.0,,20730.0,-18913.0,1817,868,868,4,872,1026,,-158,,,,,,,,,,,,,,,
2026,2,otc,2026-08-20,2736,富野,,,,181820.0,,0,,,,,,,,,,,-44189,,-6144,-0.58,296112.0,152697,,,143415.0,,,143415.0,,-38405.0,-14260.0,-52665,-52665,-52665,2332,-50333,-46521,,-6144,,,,,,,,,,,,,,,
2026,2,otc,2026-08-20,2740,華軒,,,,34212.0,,0,,0,,,,,,,,,-33254,0,0,-2.1,30245.0,19002,,,11243.0,0,0,11243.0,0,-22969.0,-10285.0,-33254,-33254,-33254,0,-33254,-33254,0,0,,,,,,,,,,,,,,,
2026,2,otc,2026-08-20,2743,山富,,,,227899.0,,22286,,,,,,,,,,,108463,,,2.32,3448053.0,3078407,,,369646.0,,,369646.0,,141747.0,-10998.0,130749,108463,108463,,108463,108463,,,,,,,,,,,,,,,,,
2026,2,otc,2026-08-20,2745,五福,,,,469655.0,,46162,,,,,,,,,,,173141,,,5.12,5049526.0,4332554,,,716972.0,,,716972.0,,247317.0,-28014.0,219303,173141,173141,,173141,173141,,,,,,,,,,,,,,,,,
2026,2,otc,2026-08-20,2751,王座,,,,444319.0,,13102,,,,,,,,,,,47720,,5927,2.41,1012464.0,499123,,,513341.0,,,513341.0,176,69198.0,-2500.0,66698,53596,53596,51,53647,47669,,5927,,,,,,,,,,,,,,,
2026,2,otc,2026-08-20,2752,豆府,,,,888252.0,,52455,,,,,,,,,,,213061,,3181,8.1,2190179.0,1043166,,,1147013.0,,,1147013.0,,258761.0,13205.0,271966,219511,219511,-3269,216242,216346,,3165,,,,,,,,,,,,,,,
2026,2,otc,2026-08-20,2754,亞洲藏壽司,,,,1046947.0,,30515,,,,,,,,,,,122826,,,2.6,2989403.0,1760499,,,1228904.0,,,1228904.0,,181957.0,-29662.0,152295,121780,121780,1046,122826,121780,,,,,,,,,,,,,,,,,
2026,2,otc,2026-08-20,2755,揚秦,,,,304928.0,,34160,,,,,,,,,,,135773,,,2.9,1706889.0,1236268,,,470621.0,,,470621.0,,165693.0,3500.0,169193,135033,135033,740,135773,135033,,,,,,,,,,,,,,,,,
2026,2,otc,2026-08-20,2756,聯發國際,,,,276828.0,,9818,,,,,,,,,,,38792,,-1799,1.53,610188.0,298123,,,312065.0,,,312065.0,,35237.0,9849.0,45086,35268,35268,1725,36993,37220,,-1952,,,,,,,,,,,,,,,
2026,2,otc,2026-08-20,2916,滿心,,,,394667.0,,33374,,,,,,,,,,,,,,2.07,1005646.0,474232,,,531414.0,,,531414.0,,136747.0,30120.0,166867,133493,133493,6102,139595,,,,,,,,,,,,,,,,,,
2026,2,otc,2026-08-20,2924,宏太-KY,,,,31933.0,,0,,,,,,,,,,,-22696,,,-0.44,28475.0,20817,,,7658.0,,,7658.0,,-24275.0,1509.0,-22766,-22766,-22766,70,-22696,-22766,,,,,,,,,,,,,,,,,
2026,2,otc,2026-08-20,2926,誠品生活,,,,1371889.0,,26713,,,,,,,,,,,24265,,-404,0.32,3506633.0,2168083,,,1338550.0,,,1338550.0,,-33339.0,74915.0,41576,14863,14863,8998,23861,15132,,-269,,,,,,,,,,,,,,,
2026,2,otc,2026-08-20,2937,集雅社,,,,466273.0,,18957,,,,,,,,,,,64559,,,1.48,2624020.0,2072406,,,551614.0,,,551614.0,,85341.0,-1825.0,83516,64559,64559,,64559,64559,,,,,,,,,,,,,,,,,
2026,2,otc,2026-08-20,2941,米斯特,,,,271949.0,,4843,,,,,,,,,,,,,,1.37,465356.0,167822,,,297534.0,,,297534.0,,25585.0,310.0,25895,21052,21052,-11,21041,,,,,,,,,,,,,,,,,,
2026,2,otc,2026-08-20,2947,振宇五金,,,,435916.0,,10191,,,,,,,,,,,41600,,,1.78,1188211.0,696176,,,492035.0,,,492035.0,,56119.0,-4328.0,51791,41600,41600,,41600,41600,0,0,,,,,,,,,,,,,,,
2026,2,otc,2026-08-20,2948,寶陞,,,,404451.0,,14290,,,,,,,,,,,42293,,,0.98,1101442.0,637477,,,463965.0,,,463965.0,,59514.0,-14909.0,44605,30315,30315,11978,42293,30315,,,,,,,,,,,,,,,,,
2026,2,otc,2026-08-20,2949,欣新網,,,,312382.0,,18639,,,,,,,,,,,50385,,3062,1.68,3164715.0,2779610,,,385105.0,,,385105.0,,72723.0,-539.0,72184,53545,53545,-98,53447,50454,,3091,,,,,,,,,,,,,,,
2026,2,otc,2026-08-20,3064,泰偉,,,,43177.0,,0,,,,,,,,,,,-9369,,-2,-0.73,41307.0,4525,,,36782.0,,,36782.0,,-6395.0,-3045.0,-9440,-9440,-9440,69,-9371,-9438,,-2,,,,,,,,,,,,,,,
2026,2,otc,2026-08-20,3066,李洲,,,,77296.0,,4959,,,,,,,,,,,579372,,38489,5.41,140399.0,91306,,,49093.0,,,49093.0,,-28203.0,519209.0,491006,486047,486047,131814,617861,449239,,36808,,,,,,,,,,,,,,,
2026,2,otc,2026-08-20,3067,全域,,,,11637.0,,0,,,,,,,,,,,2339,,,0.12,32759.0,22507,,,10252.0,170,482,10564.0,,-1073.0,3412.0,2339,2339,2339,0,2339,2339,,,,,,,,,,,,,,,,,
2026,2,otc,2026-08-20,3071,協禧,,,,294872.0,,51501,,,,,,,,,,,133315,,37753,0.49,1513710.0,1040970,,,472740.0,,,472740.0,,177868.0,-44452.0,133416,81915,81915,89153,171068,53899,,28016,,,,,,,,,,,,,,,
2026,2,otc,2026-08-20,3073,天方能源,,,,27489.0,,0,,,,,,,,,,,-17427,,-400,-0.27,90021.0,75506,,,14515.0,,,14515.0,0,-12974.0,2067.0,-10907,-10907,-10907,-6920,-17827,-10507,,-400,,,,,,,,,,,,,,,
2026,2,otc,2026-08-20,3078,僑威,,,,389927.0,,71811,,,,,,,,,,,388467,,,1.02,3210107.0,2595758,,,614349.0,,,614349.0,,224422.0,78318.0,302740,230929,230929,157538,388467,230929,,,,,,,,,,,,,,,,,
2026,2,otc,2026-08-20,3081,聯亞,,,,251044.0,,196490,,,,,,,,,,,,,,7.75,2125567.0,928723,,,1196844.0,,,1196844.0,,945800.0,36692.0,982492,786002,786002,1592,787594,,,,,,,,,,,,,,,,,,
2026,2,otc,2026-08-20,3083,網龍,,,,162412.0,,1924,,,,,,,,,,,56751,,1880,0.3,187055.0,28401,,,158654.0,,,158654.0,,-3758.0,33233.0,29475,27551,27551,31080,58631,25775,,1776,,,,,,,,,,,,,,,
2026,2,otc,2026-08-20,3085,新零售,,,,50650.0,,0,,,,,,,,,,,-29083,,,-0.35,34557.0,12344,,,22213.0,,,22213.0,,-28437.0,4599.0,-23838,-23838,-23838,-5245,-29083,-23838,,,,,,,,,,,,,,,,,
2026,2,otc,2026-08-20,3086,華義*,,,,41888.0,,6,,,,,,,,,,,-16959,,-1979,-0.06,69502.0,50065,,,19437.0,,,19437.0,,-22451.0,3714.0,-18737,-18743,-18743,-195,-18938,-16870,,-1873,,,,,,,,,,,,,,,
2026,2,otc,2026-08-20,3088,艾訊,,,,959489.0,,134299,,,,,,,,,,,471655,,13963,4.28,4613348.0,3087015,,,1526333.0,67,61,1526327.0,,566838.0,47509.0,614347,480048,480048,5570,485618,466085,,13963,,,,,,,,,,,,,,,
2026,2,otc,2026-08-20,3093,港建*,,,,147454.0,,16778,,,,,,,,,,,640616,,0,0.41,765861.0,556650,,,209211.0,,,209211.0,,61757.0,14038.0,75795,59017,59017,581599,640616,59017,,0,,,,,,,,,,,,,,,
2026,2,otc,2026-08-20,3095,及成,,,,56807.0,,11,,,,,,,,,,,18954,,,1.73,360109.0,281477,,,78632.0,,,78632.0,,21825.0,-4470.0,17355,17344,17344,1610,18954,17344,,,,,,,,,,,,,,,,,
2026,2,otc,2026-08-20,3105,穩懋,,,,1520711.0,,366849,,,,,,,,,,,3030635,,-141393,3.56,9847328.0,7153704,,,2693624.0,,,2693624.0,,1172913.0,547323.0,1720236,1353387,1353387,1535855,2889242,1510391,,-157004,,,,,,,,,,,,,,,
2026,2,otc,2026-08-20,3114,好德,,,,106488.0,,16322,,,,,,,,,,,130819,,0,1.02,1558134.0,1394800,,,163334.0,,,163334.0,,56846.0,27934.0,84780,68458,68458,62361,130819,68458,,0,,,,,,,,,,,,,,,
2026,2,otc,2026-08-20,3115,富榮綱,,,,17336.0,,290,,,,,,,,,,,-2388,,,-0.09,3947.0,0,,,3947.0,,,3947.0,,-13389.0,7489.0,-5900,-6190,-6190,3802,-2388,-6190,,,,,,,,,,,,,,,,,
2026,2,otc,2026-08-20,3118,進階,,,,82632.0,,6944,,,,,,,,,,,,,,0.95,321210.0,206726,,,114484.0,,,114484.0,,31852.0,5892.0,37744,30800,30800,,30800,,,,,,,,,,,,,,,,,,
2026,2,otc,2026-08-20,3122,笙泉,,,,85388.0,,42,,,,,,,,,,,-28892,,0,-0.73,162390.0,105958,,,56432.0,,,56432.0,,-28956.0,-666.0,-29622,-29664,-29664,772,-28892,-29664,,0,,,,,,,,,,,,,,,
2026,2,otc,2026-08-20,3128,昇銳,,,,122515.0,,3735,,,,,,,,,,,12796,,1063,0.27,482657.0,343785,,,138872.0,,,138872.0,,16357.0,1237.0,17594,13859,13859,,13859,12796,,1063,,,,,,,,,,,,,,,
2026,2,otc,2026-08-20,3131,弘塑,,,,635318.0,,202770,,,,,,,,,,,953381,,-2719,27.27,3322908.0,2112683,,,1210225.0,,,1210225.0,,574907.0,411615.0,986522,783752,783752,166910,950662,786489,,-2737,,,,,,,,,,,,,,,
2026,2,otc,2026-08-20,3141,晶宏,,,,286181.0,,20726,,,,,,,,,,,288228,,-8542,2.19,885182.0,497166,,,388016.0,,,388016.0,,101835.0,73117.0,174952,154226,154226,125460,279686,162768,,-8542,,,,,,,,,,,,,,,
2026,2,otc,2026-08-20,3147,大綜,,,,433830.0,,139137,,,,,,,,,,,493489,,-6,11.26,8855091.0,7796239,,,1058852.0,,,1058852.0,,625022.0,5876.0,630898,491761,491761,1722,493483,491761,,0,,,,,,,,,,,,,,,
2026,2,otc,2026-08-20,3152,璟德,,,,116448.0,,49691,,,,,,,,,,,,,,3.21,758791.0,426155,,,332636.0,,,332636.0,,216188.0,25190.0,241378,191687,191687,,191687,,,,,,,,,,,,,,,,,,
2026,2,otc,2026-08-20,3158,嘉實,,,,232410.0,,26701,,,,,,,,,,,105929,,0,3.48,556378.0,196621,,,359757.0,,,359757.0,,127347.0,5389.0,132736,106035,106035,-106,105929,106035,,0,,,,,,,,,,,,,,,
2026,2,otc,2026-08-20,3162,精確,,,,448880.0,,11459,,,,,,,,,,,45489,,2858,0.05,4342980.0,3865903,,,477077.0,,,477077.0,,28197.0,-7747.0,20450,8991,8991,39356,48347,7880,,1111,,,,,,,,,,,,,,,
2026,2,otc,2026-08-20,3163,波若威,,,,168526.0,,14958,,,,,,,,,,,353898,,,3.5,1247946.0,1034308,,,213638.0,,,213638.0,,45112.0,301383.0,346495,331537,331537,22361,353898,331537,,,,,,,,,,,,,,,,,
2026,2,otc,2026-08-20,3169,亞信,,,,135799.0,,24544,,,,,,,,,,,126346,,,1.96,495261.0,227357,,,267904.0,,,267904.0,,132105.0,16375.0,148480,123936,123936,2410,126346,123936,,,,,,,,,,,,,,,,,
2026,2,otc,2026-08-20,3171,炎洲流通,,,,199198.0,,29401,,,,,,,,,,,127617,,12754,3.76,1413057.0,1056491,,,356566.0,,,356566.0,,157368.0,805.0,158173,128772,128772,11599,140371,118771,,10001,,,,,,,,,,,,,,,
2026,2,otc,2026-08-20,3176,基亞,,,,358210.0,,13162,,,,,,,,,,,-82692,,-10576,-0.57,546240.0,237741,,,308499.0,0,2553,311052.0,,-47158.0,-13713.0,-60871,-74033,-74033,-19235,-93268,-79132,,5099,,,,,,,,,,,,,,,
2026,2,otc,2026-08-20,3178,公準,,,,95623.0,,2404,,,,,,,,,,,19919,,640,0.43,661500.0,546667,,,114833.0,,,114833.0,,19210.0,2755.0,21965,19561,19561,998,20559,19221,,340,,,,,,,,,,,,,,,
2026,2,otc,2026-08-20,3188,鑫龍騰,,,,173095.0,,169402,,,,,,,,,,,640933,,,3.4,2531129.0,1543131,,,987998.0,,,987998.0,,814903.0,-4568.0,810335,640933,640933,,640933,640933,,,,,,,,,,,,,,,,,
2026,2,otc,2026-08-20,3191,雲嘉南,,,,36511.0,,1718,,,,,,,,,,,-9667,,,-0.26,89956.0,64684,,,25272.0,,,25272.0,0,-11239.0,1712.0,-9527,-11245,-11245,1578,-9667,-11245,,,,,,,,,,,,,,,,,
2026,2,otc,2026-08-20,3205,佰研,,,,27234.0,,0,,,,,,,,,,,-41214,,-647,0.02,335238.0,312766,,,22472.0,,,22472.0,,-4762.0,5788.0,1026,1026,1026,-42887,-41861,1673,,-647,,,,,,,,,,,,,,,
2026,2,otc,2026-08-20,3206,志豐,,,,262800.0,,22788,,,,,,,,,,,88700,,2461,0.82,1606949.0,1273573,,,333376.0,,,333376.0,,70576.0,927.0,71503,48715,48715,42446,91161,48372,,343,,,,,,,,,,,,,,,
2026,2,otc,2026-08-20,3207,耀勝,,,,222729.0,,1224,,,,,,,,,,,-38275,,36042,-1.09,823862.0,673065,,,150797.0,,,150797.0,,-71932.0,36930.0,-35002,-36226,-36226,33993,-2233,-72307,,36081,,,,,,,,,,,,,,,
2026,2,otc,2026-08-20,3211,順達,,,,507151.0,,91158,,,,,,,,,,,686788,,,3.4,6835813.0,5682496,,,1153317.0,,,1153317.0,,646166.0,-34984.0,611182,520024,520024,166764,686788,520024,,,,,,,,,,,,,,,,,
2026,2,otc,2026-08-20,3213,茂訊,,,,177309.0,,137564,,,,,,,,,,,542181,,15430,5.62,1736008.0,1113503,,,622505.0,,,622505.0,,445196.0,37338.0,482534,344970,344970,212641,557611,329540,,15430,,,,,,,,,,,,,,,
2026,2,otc,2026-08-20,3217,優群,,,,352952.0,,123199,,,,,,,,,,,1072679,,,5.2,1895341.0,981297,,,914044.0,,,914044.0,,561092.0,30350.0,591442,468243,468243,604436,1072679,468243,,,,,,,,,,,,,,,,,
2026,2,otc,2026-08-20,3218,大學光,,,,593751.0,,136247,,,,,,,,,,,618128,,10880,5.99,2216295.0,940777,,,1275518.0,,,1275518.0,,681767.0,-31913.0,649854,513607,513607,115401,629008,507233,,6374,,,,,,,,,,,,,,,
2026,2,otc,2026-08-20,3219,倚強科,,,,524341.0,,50114,,,,,,,,,,,207331,,22508,2.66,1135331.0,349964,,,785367.0,,,785367.0,,261026.0,-14213.0,246813,196699,196699,33140,229839,190620,,6079,,,,,,,,,,,,,,,
2026,2,otc,2026-08-20,3221,台嘉碩,,,,211658.0,,30745,,,,,,,,,,,144604,,-8288,0.82,1205467.0,915962,,,289505.0,,,289505.0,,77847.0,28989.0,106836,76091,76091,60225,136316,85580,,-9489,,,,,,,,,,,,,,,
2026,2,otc,2026-08-20,3224,三顧,,,,205022.0,,1592,,,,,,,,,,,-538,,-63275,-0.08,827191.0,704360,,,122831.0,,,122831.0,,-82191.0,14422.0,-67769,-69361,-69361,5548,-63813,-6179,,-63182,,,,,,,,,,,,,,,
2026,2,otc,2026-08-20,3226,龍鋒,,,,70489.0,,3771,,,,,,,,,,,,,,-0.36,635124.0,600650,,,34474.0,5112,2044,31406.0,,-39083.0,19464.0,-19619,-23390,-23390,637,-22753,,,,,,,,,,,,,,,,,,
2026,2,otc,2026-08-20,3227,原相,,,,1928527.0,,160109,,,,,,,,,,,4057190,,-6192,6.11,4747618.0,1955998,,,2791620.0,,,2791620.0,,863093.0,190545.0,1053638,893529,893529,3157469,4050998,899721,,-6192,,,,,,,,,,,,,,,
2026,2,otc,2026-08-20,3228,金麗科,,,,176279.0,,0,,,,,,,,,,,,,,-1.0,171637.0,68843,,,102794.0,,,102794.0,,-73485.0,1868.0,-71617,-71617,-71617,-896,-72513,,,,,,,,,,,,,,,,,,
2026,2,otc,2026-08-20,3230,錦明,,,,92598.0,,-215,,,,,,,,,,,-71273,,,-1.03,203447.0,195158,,,8289.0,,,8289.0,,-84309.0,-3756.0,-88065,-87850,-87850,16577,-71273,-87850,,,,,,,,,,,,,,,,,
2026,2,otc,2026-08-20,3232,昱捷,,,,70124.0,,3953,,,,,,,,,,,24002,,0,0.38,508897.0,421281,,,87616.0,,,87616.0,,17492.0,3964.0,21456,17503,17503,6499,24002,17503,,,,,,,,,,,,,,,,,
2026,2,otc,2026-08-20,3234,光環,,,,113864.0,,0,,,,,,,,,,,-49762,,-981,-0.48,378996.0,322205,,,56791.0,202,354,56943.0,,-56921.0,2785.0,-54136,-54136,-54136,3393,-50743,-53155,,-981,,,,,,,,,,,,,,,
2026,2,otc,2026-08-20,3236,千如,,,,231397.0,,23389,,,,,,,,,,,253257,,,0.2,1160957.0,876984,,,283973.0,,,283973.0,,52576.0,-7753.0,44823,21434,21434,231823,253257,21434,,,,,,,,,,,,,,,,,
2026,2,otc,2026-08-20,3252,海灣,,,,69311.0,,1662,,,,,,,,,,,-7108,,13352,-0.14,254868.0,148364,,,106504.0,,,106504.0,,37193.0,-29287.0,7906,6244,6244,0,6244,-7108,,13352,,,,,,,,,,,,,,,
2026,2,otc,2026-08-20,3259,鑫創,,,,96842.0,,,,,,,,,,,,,,,,-1.17,105167.0,92154,,,13013.0,,,13013.0,,-83829.0,-1693.0,-85522,-85522,-85522,,-85522,,,,,,,,,,,,,,,,,,
2026,2,otc,2026-08-20,3260,威剛,,,,5553728.0,,5826556,,,,,,,,,,,20214659,,899191,62.46,64242687.0,33643820,,,30598867.0,345,,30598522.0,,25044794.0,1523881.0,26568675,20742119,20742119,371731,21113850,19936408,,805711,,,,,,,,,,,,,,,
2026,2,otc,2026-08-20,3264,欣銓,,,,875008.0,,542486,,,,,,,,,,,2147556,,,4.39,8517069.0,5168181,,,3348888.0,,,3348888.0,,2473880.0,148799.0,2622679,2080193,2080193,67363,2147556,2080193,,,,,,,,,,,,,,,,,
2026,2,otc,2026-08-20,3265,台星科,,,,152652.0,,110602,,,,,,,,,,,513411,,,3.85,2715381.0,1967927,,,747454.0,,,747454.0,,594802.0,40615.0,635417,524815,524815,-11404,513411,524815,,,,,,,,,,,,,,,,,
2026,2,otc,2026-08-20,3268,海德威,,,,42435.0,,-809,,,,,,,,,,,15245,,,-0.12,515222.0,479944,,,35278.0,,,35278.0,,-7157.0,2344.0,-4813,-4004,-4004,19249,15245,-4004,,,,,,,,,,,,,,,,,
2026,2,otc,2026-08-20,3272,東碩,,,,272329.0,,14224,,,,,,,,,,,-86071,,,-4.05,1367343.0,1289182,,,78161.0,,,78161.0,,-194168.0,-34254.0,-228422,-242646,-242646,156575,-86071,-242646,,,,,,,,,,,,,,,,,
2026,2,otc,2026-08-20,3276,宇環,,,,44365.0,,1904,,,,,,,,,,,38741,,-9815,0.06,330834.0,321843,,,8991.0,,,8991.0,,-35374.0,31307.0,-4067,-5971,-5971,34897,28926,3844,,-9815,,,,,,,,,,,,,,,
2026,2,otc,2026-08-20,3284,太普高,,,,54117.0,,18005,,,,,,,,,,,73903,,-5666,0.72,420188.0,327093,,,93095.0,,,93095.0,,38978.0,56981.0,95959,77954,77954,-9717,68237,77727,,227,,,,,,,,,,,,,,,
2026,2,otc,2026-08-20,3285,微端,,,,90838.0,,10227,,,,,,,,,,,43715,,2847,0.91,558519.0,424263,,,134256.0,,,134256.0,,43418.0,8424.0,51842,41615,41615,4947,46562,39049,,2566,,,,,,,,,,,,,,,
2026,2,otc,2026-08-20,3287,廣寰科,,,,111970.0,,12620,,,,,,,,,,,257718,,17310,5.88,434235.0,251189,,,183046.0,,,183046.0,,71076.0,217404.0,288480,275860,275860,-832,275028,258550,,17310,,,,,,,,,,,,,,,
2026,2,otc,2026-08-20,3288,點晶,,,,31073.0,,0,,,,,,,,,,,-2392,,-3,-0.05,38994.0,10225,,,28769.0,,,28769.0,,-2304.0,1524.0,-780,-780,-780,-1615,-2395,-777,,-3,,,,,,,,,,,,,,,
2026,2,otc,2026-08-20,3289,宜特,,,,499302.0,,-10440,,,,,,,,,,,307793,,-7041,3.08,2266979.0,1770599,,,496380.0,,,496380.0,,-2922.0,252116.0,249194,259634,259634,41118,300752,266675,,-7041,,,,,,,,,,,,,,,
2026,2,otc,2026-08-20,3290,東浦,,,,416043.0,,-1024,,,,,,,,,,,424904,,,4.02,1857587.0,1439455,,,418132.0,,,418132.0,,2089.0,359917.0,362006,363030,363030,61874,424904,363030,,,,,,,,,,,,,,,,,
2026,2,otc,2026-08-20,3293,鈊象,,,,4915957.0,,1378674,,,,,,,,,,,6204009,,-91,22.77,12678167.0,276245,,,12401922.0,,,12401922.0,,7485965.0,310138.0,7796103,6417429,6417429,-213511,6203918,6417672,,-243,,,,,,,,,,,,,,,
2026,2,otc,2026-08-20,3294,英濟,,,,297239.0,,3262,,,,,,,,,,,24213,,-8773,-0.54,1466436.0,1348192,,,118244.0,,,118244.0,,-178995.0,101892.0,-77103,-80365,-80365,95805,15440,-71592,,-8773,,,,,,,,,,,,,,,
2026,2,otc,2026-08-20,3297,杭特,,,,51022.0,,-177,,,,,,,,,,,24828,,,0.69,115570.0,73360,,,42210.0,,,42210.0,,-8812.0,33463.0,24651,24828,24828,0,24828,24828,,,,,,,,,,,,,,,,,
2026,2,otc,2026-08-20,3303,岱稜,,,,345517.0,,87433,,,,,,,,,,,228218,,5755,2.4,1753568.0,1109576,,,643992.0,,,643992.0,,298475.0,19139.0,317614,230181,230181,3792,233973,224426,,5755,,,,,,,,,,,,,,,
2026,2,otc,2026-08-20,3306,鼎天,,,,133019.0,,450,,,,,,,,,,,,,,0.2,545194.0,409271,,,135923.0,,,135923.0,930,3834.0,6641.0,10475,10025,10025,805722,815747,,,,,,,,,,,,,,,,,,
2026,2,otc,2026-08-20,3310,佳穎,,,,141179.0,,14686,,,,,,,,,,,130680,,-1410,1.59,1115146.0,862729,,,252417.0,,,252417.0,,111238.0,21164.0,132402,117716,117716,11554,129270,119126,,-1410,,,,,,,,,,,,,,,
2026,2,otc,2026-08-20,3313,斐成,,,,26253.0,,261,,,,,,,,,,,-8278,,-4,-0.04,19177.0,14563,,,4614.0,,,4614.0,,-21639.0,13618.0,-8021,-8282,-8282,,-8282,-8278,,-4,,,,,,,,,,,,,,,
2026,2,otc,2026-08-20,3317,尼克森,,,,233844.0,,41888,,,,,,,,,,,140950,,2395,1.56,1434461.0,1016996,,,417465.0,,,417465.0,,183621.0,1071.0,184692,142804,142804,541,143345,140409,,2395,,,,,,,,,,,,,,,
2026,2,otc,2026-08-20,3322,建舜電,,,,280276.0,,0,,,,,,,,,,,-158397,,0,-1.13,1613890.0,1454047,,,159843.0,,,159843.0,,-120433.0,-25552.0,-145985,-145985,-145985,-12412,-158397,-145985,,0,,,,,,,,,,,,,,,
2026,2,otc,2026-08-20,3323,加百裕,,,,303830.0,,494,,,,,,,,,,,-95149,,-4891,-0.97,2173727.0,1987897,,,185830.0,,,185830.0,,-118000.0,17317.0,-100683,-101177,-101177,1137,-100040,-96286,,-4891,,,,,,,,,,,,,,,
2026,2,otc,2026-08-20,3324,雙鴻,,,,2099071.0,,582919,,,,,,,,,,,2090685,,178314,23.01,17251778.0,12242784,,,5008994.0,,,5008994.0,,2909923.0,-22684.0,2887239,2304320,2304320,-35321,2268999,2132961,,171359,,,,,,,,,,,,,,,
2026,2,otc,2026-08-20,3325,旭品,,,,92409.0,,3963,,,,,,,,,,,-115374,,-19990,-1.35,368481.0,408149,,,-39668.0,,,-39668.0,,-132077.0,-28476.0,-160553,-164516,-164516,29152,-135364,-146838,,-17678,,,,,,,,,,,,,,,
2026,2,otc,2026-08-20,3332,幸康,,,,234393.0,,25830,,,,,,,,,,,148185,,,2.53,951704.0,615219,,,336485.0,,,336485.0,,102092.0,45475.0,147567,121737,121737,26448,148185,121737,,,,,,,,,,,,,,,,,
2026,2,otc,2026-08-20,3339,泰谷,,,,163710.0,,0,,,,,,,,,,,-166555,,207,-2.61,412272.0,398266,,,14006.0,,,14006.0,,-149704.0,-16644.0,-166348,-166348,-166348,,-166348,-166555,,207,,,,,,,,,,,,,,,
2026,2,otc,2026-08-20,3349,寶德,,,,57028.0,,-238,,,,,,,,,,,-39124,,,-0.77,191018.0,178774,,,12244.0,,,12244.0,,-44784.0,8845.0,-35939,-35701,-35701,-3423,-39124,-35701,,,,,,,,,,,,,,,,,
2026,2,otc,2026-08-20,3354,律勝,,,,49095.0,,1981,,,,,,,,,,,-15209,,,-0.29,65018.0,43791,,,21227.0,,,21227.0,,-27868.0,9839.0,-18029,-20010,-20010,4801,-15209,-20010,,,,,,,,,,,,,,,,,
2026,2,otc,2026-08-20,3357,臺慶科,,,,535867.0,,133342,,,,,,,,,,,2301541,,-7806,6.33,3913502.0,2742498,,,1171004.0,2428,1598,1170174.0,,634307.0,217586.0,851893,718551,718551,1575184,2293735,727256,,-8705,,,,,,,,,,,,,,,
2026,2,otc,2026-08-20,3360,尚立,,,,141515.0,,6463,,,,,,,,,,,3075,,-9898,0.02,5250465.0,5085576,,,164889.0,,,164889.0,,23374.0,-25252.0,-1878,-8341,-8341,1518,-6823,1497,,-9838,,,,,,,,,,,,,,,
2026,2,otc,2026-08-20,3362,先進光,,,,537389.0,,-47898,,,,,,,,,,,-235431,,-389,-1.88,2058158.0,1833815,,,224343.0,,,224343.0,,-313046.0,-4217.0,-317263,-269365,-269365,33545,-235820,-269077,,-288,,,,,,,,,,,,,,,
2026,2,otc,2026-08-20,3363,上詮,,,,256226.0,,-30645,,,,,,,,,,,-129250,,,-1.18,811157.0,802981,,,8176.0,,,8176.0,,-248050.0,85508.0,-162542,-131897,-131897,2647,-129250,-131897,,,,,,,,,,,,,,,,,
2026,2,otc,2026-08-20,3372,典範,,,,45563.0,,0,,,,,,,,,,,,,,-0.1,648001.0,628452,,,19549.0,,,19549.0,,-26014.0,7613.0,-18401,-18401,-18401,,-18401,,,,,,,,,,,,,,,,,,
2026,2,otc,2026-08-20,3373,熱映,,,,64334.0,,-3767,,,,,,,,,,,-2019,,,-0.35,213998.0,178485,,,35513.0,,,35513.0,,-28821.0,8564.0,-20257,-16490,-16490,14471,-2019,-16490,,,,,,,,,,,,,,,,,
2026,2,otc,2026-08-20,3374,精材,,,,262642.0,,182421,,,,,,,,,,,,,,2.88,4098395.0,2926628,,,1171767.0,,,1171767.0,29427,938552.0,24611.0,963163,780742,780742,,780742,,,,,,,,,,,,,,,,,,
2026,2,otc,2026-08-20,3379,彬台,,,,89194.0,,16016,,,,,,,,,,,-28542,,,-0.93,298847.0,233705,,,65142.0,,,65142.0,,-24052.0,4727.0,-19325,-35341,-35341,6799,-28542,-35341,,,,,,,,,,,,,,,,,
2026,2,otc,2026-08-20,3388,崇越電,,,,533266.0,,116884,,,,,,,,,,,381277,,13081,3.41,4385264.0,3494456,,,890808.0,,,890808.0,,357542.0,26078.0,383620,266736,266736,127622,394358,254609,,12127,,,,,,,,,,,,,,,
2026,2,otc,2026-08-20,3390,旭軟,,,,76944.0,,152,,,,,,,,,,,43648,,,-0.5,486816.0,423069,,,63747.0,,,63747.0,,-13197.0,-25970.0,-39167,-39319,-39319,82967,43648,-39319,,,,,,,,,,,,,,,,,
2026,2,otc,2026-08-20,3402,漢科,,,,274749.0,,80642,,,,,,,,,,,291223,,,3.64,2944266.0,2324448,,,619818.0,,,619818.0,,345069.0,1384.0,346453,265811,265811,25412,291223,265811,,,,,,,,,,,,,,,,,
2026,2,otc,2026-08-20,3430,奇鈦科,,,,123011.0,,32211,,,,,,,,,,,98662,,,2.68,972559.0,737070,,,235489.0,,,235489.0,,112478.0,10169.0,122647,90436,90436,8226,98662,90436,,,,,,,,,,,,,,,,,
2026,2,otc,2026-08-20,3434,哲固,,,,48631.0,,1585,,,,,,,,,,,6393,,,0.18,256215.0,205632,,,50583.0,,,50583.0,,1952.0,5975.0,7927,6342,6342,51,6393,6342,,,,,,,,,,,,,,,,,
2026,2,otc,2026-08-20,3438,類比科,,,,160149.0,,4928,,,,,,,,,,,,,,0.63,448223.0,276222,,,172001.0,,,172001.0,,11852.0,22614.0,34466,29538,29538,660778,690316,,,,,,,,,,,,,,,,,,
2026,2,otc,2026-08-20,3441,聯一光電,,,,43498.0,,16793,,,,,,,,,,,62199,,1827,1.16,255240.0,167797,,,87443.0,,,87443.0,,43945.0,20450.0,64395,47602,47602,16424,64026,46399,,1203,,,,,,,,,,,,,,,
2026,2,otc,2026-08-20,3444,利機,,,,103376.0,,8854,,,,,,,,,,,51290,,,1.05,653233.0,524497,,,128736.0,,,128736.0,,25360.0,30719.0,56079,47225,47225,4065,51290,47225,,,,,,,,,,,,,,,,,
2026,2,otc,2026-08-20,3455,由田,,,,373773.0,,-23855,,,,,,,,,,,41901,,,-0.44,502712.0,216683,,,286029.0,,,286029.0,,-87744.0,37750.0,-49994,-26139,-26139,68040,41901,-26139,,,,,,,,,,,,,,,,,
2026,2,otc,2026-08-20,3465,進泰電子,,,,175921.0,,-1077,,,,,,,,,,,-10961,,-14422,-0.73,954129.0,836642,,,117487.0,,,117487.0,,-58434.0,15078.0,-43356,-42279,-42279,16896,-25383,-25878,,-16401,,,,,,,,,,,,,,,
2026,2,otc,2026-08-20,3466,德晉,,,,83056.0,,72,,,,,,,,,,,-41017,,,-0.59,136568.0,124021,,,12547.0,,,12547.0,,-70509.0,24660.0,-45849,-45921,-45921,4904,-41017,-45921,,,,,,,,,,,,,,,,,
2026,2,otc,2026-08-20,3467,台灣精材,,,,63674.0,,6150,,,,,,,,,,,,,,0.8,374815.0,282082,,,92733.0,,,92733.0,,29059.0,1922.0,30981,24831,24831,,24831,,,,,,,,,,,,,,,,,,
2026,2,otc,2026-08-20,3479,安勤,,,,812765.0,,110299,,,,,,,,,,,306607,0,28854,3.95,4574828.0,3384835,,,1189993.0,0,0,1189993.0,0,377228.0,43370.0,420598,310299,310299,25162,335461,285918,,24381,,,,,,,,,,,,,,,
2026,2,otc,2026-08-20,3483,力致,,,,681145.0,,33207,,,,,,,,,,,230126,,,0.69,4240984.0,3540977,,,700007.0,,,700007.0,,18862.0,81807.0,100669,67462,67462,162664,230126,67462,,,,,,,,,,,,,,,,,
2026,2,otc,2026-08-20,3484,崧騰,,,,336402.0,,52273,,,,,,,,,,,183432,,2334,1.3,2286420.0,1798225,,,488195.0,,,488195.0,,151793.0,4620.0,156413,104140,104140,81626,185766,102336,,1804,,,,,,,,,,,,,,,
2026,2,otc,2026-08-20,3485,敘豐,,,,53229.0,,26911,,,,,,,,,,,109100,,,2.93,297848.0,142624,,,155224.0,,,155224.0,,101995.0,29064.0,131059,104148,104148,4952,109100,104148,,,,,,,,,,,,,,,,,
2026,2,otc,2026-08-20,3489,森寶,,,,14259.0,,5518,,,,,,,,,,,2622,0,0,0.03,513051.0,489389,,,23662.0,,,23662.0,104,9507.0,-1367.0,8140,2622,2622,,2622,2622,0,0,,,,,,,,,,,,,,,
2026,2,otc,2026-08-20,3490,單井,,,,51353.0,,22014,,,,,,,,,,,349703,,,6.15,121087.0,101085,,,20002.0,,,20002.0,,-31351.0,391424.0,360073,338059,338059,11644,349703,338059,,,,,,,,,,,,,,,,,
2026,2,otc,2026-08-20,3491,昇達科,,,,537944.0,,113197,,,,,,,,,,,723798,,1,8.15,1922184.0,829153,,,1093031.0,,,1093031.0,,555087.0,119076.0,674163,560966,560966,162833,723799,560965,,1,,,,,,,,,,,,,,,
2026,2,otc,2026-08-20,3492,長盛,,,,95011.0,,7109,,,,,,,,,,,29895,0,0,0.51,432954.0,315275,,,117679.0,0,0,117679.0,,22668.0,2697.0,25365,18256,18256,11639,29895,18256,0,0,,,,,,,,,,,,,,,
2026,2,otc,2026-08-20,3498,陽程,,,,213459.0,,52918,,,,,,,,,,,251979,,-426,3.26,1065066.0,621597,,,443469.0,,,443469.0,,230010.0,19652.0,249662,196744,196744,54809,251553,197113,,-369,,,,,,,,,,,,,,,
2026,2,otc,2026-08-20,3499,環天科,,,,75598.0,,-2577,,,,,,,,,,,-39196,,0,-0.83,146791.0,119600,,,27191.0,,,27191.0,,-48407.0,103.0,-48304,-45727,-45727,6531,-39196,-45727,0,0,,,,,,,,,,,,,,,
2026,2,otc,2026-08-20,3508,位速,,,,120552.0,,9387,,,,,,,,,,,-37654,,-5497,-0.34,459827.0,410959,,,48868.0,,,48868.0,,-71684.0,40230.0,-31454,-40841,-40841,-2310,-43151,-34961,,-5880,,,,,,,,,,,,,,,
2026,2,otc,2026-08-20,3511,矽瑪,,,,177047.0,,531,,,,,,,,,,,-26114,,-10086,-0.41,930872.0,794706,,,136166.0,,,136166.0,,-40881.0,-1796.0,-42677,-43208,-43208,7008,-36200,-33122,,-10086,,,,,,,,,,,,,,,
2026,2,otc,2026-08-20,3512,皇龍,,,,51007.0,,8242,,,,,,,,,,,51300,,,0.45,272699.0,161921,,,110778.0,,,110778.0,,59771.0,-229.0,59542,51300,51300,,51300,51300,,,,,,,,,,,,,,,,,
2026,2,otc,2026-08-20,3516,亞帝歐,,,,100290.0,,8463,,,,,,,,,,,59597,,10699,0.43,568167.0,444523,,,123644.0,,,123644.0,,23354.0,21701.0,45055,36592,36592,33704,70296,25893,,10699,,,,,,,,,,,,,,,
2026,2,otc,2026-08-20,3520,華盈,,,,74595.0,,-1962,,,,,,,,,,,-4203,,0,-0.18,626931.0,557050,,,69881.0,,,69881.0,,-4714.0,-9624.0,-14338,-12376,-12376,8173,-4203,-12376,,0,,,,,,,,,,,,,,,
2026,2,otc,2026-08-20,3521,台鋼建設,,,,38393.0,,-12566,,,,,,,,,,,282997,,,1.96,11523.0,16004,,,-4481.0,,,-4481.0,,-42874.0,336994.0,294120,306686,306686,-23689,282997,306686,,,,,,,,,,,,,,,,,
2026,2,otc,2026-08-20,3522,御嵿,,,,381766.0,,721,,,,,,,,,,,-49758,,-6561,-0.49,684440.0,344917,,,339523.0,,,339523.0,,-42243.0,-12966.0,-55209,-55930,-55930,-389,-56319,-49369,,-6561,,,,,,,,,,,,,,,
2026,2,otc,2026-08-20,3523,迎輝,,,,35942.0,,488,,,,,,,,,,,-56887,,315,-0.89,40969.0,60958,,,-19989.0,,,-19989.0,,-55931.0,-153.0,-56084,-56572,-56572,0,-56572,-56887,,315,,,,,,,,,,,,,,,
2026,2,otc,2026-08-20,3526,凡甲,,,,406387.0,,125156,,,,,,,,,,,789242,,0,9.08,2311896.0,1180820,,,1131076.0,,,1131076.0,,724689.0,-1119.0,723570,598414,598414,190828,789242,598414,,0,,,,,,,,,,,,,,,
2026,2,otc,2026-08-20,3527,聚積,,,,292628.0,,11296,,,,,,,,,,,32394,,,0.15,732704.0,440033,,,292671.0,,,292671.0,,43.0,18021.0,18064,6768,6768,25626,32394,6768,,,,,,,,,,,,,,,,,
2026,2,otc,2026-08-20,3529,力旺,,,,862136.0,,176030,,,,,,,,,,,1176167,,34967,15.75,2190620.0,0,,,2190620.0,,,2190620.0,,1328484.0,58454.0,1386938,1210908,1210908,226,1211134,1176041,,34867,,,,,,,,,,,,,,,
2026,2,otc,2026-08-20,3531,先益,,,,112210.0,,10766,,,,,,,,,,,38654,,-1458,0.17,530995.0,439493,,,91502.0,,,91502.0,,-20708.0,40110.0,19402,8636,8636,28560,37196,10094,,-1458,,,,,,,,,,,,,,,
2026,2,otc,2026-08-20,3537,堡達,,,,101547.0,,29918,,,,,,,,,,,127910,,,2.13,1531944.0,1297848,,,234096.0,,-260,233836.0,,132289.0,17123.0,149412,119494,119494,8416,127910,119494,,,,,,,,,,,,,,,,,
2026,2,otc,2026-08-20,3540,曜越,,,,663749.0,,-2587,,,,,,,,,,,40440,,-6682,0.16,2285267.0,1616053,,,669214.0,550,,668664.0,0,4915.0,-2354.0,2561,5148,5148,28610,33758,11830,,-6682,,,,,,,,,,,,,,,
2026,2,otc,2026-08-20,3541,西柏,,,,184815.0,,-367,,,,,,,,,,,7140,,,0.13,501879.0,322436,,,179443.0,,,179443.0,,-5372.0,12055.0,6683,7050,7050,90,7140,7050,,,,,,,,,,,,,,,,,
2026,2,otc,2026-08-20,3546,宇峻,,,,589908.0,,44401,,,,,,,,,,,172815,,,3.3,931901.0,118986,,,812915.0,,,812915.0,,223007.0,23922.0,246929,202528,202528,-29713,172815,202528,,,,,,,,,,,,,,,,,
2026,2,otc,2026-08-20,3548,兆利,,,,418437.0,,10629,,,,,,,,,,,59753,,,-1.8,4066277.0,3766390,,,299887.0,,,299887.0,,-118550.0,7407.0,-111143,-121772,-121772,181525,59753,-121772,,,,,,,,,,,,,,,,,
2026,2,otc,2026-08-20,3551,世禾,,,,282868.0,,82322,,,,,,,,,,,407599,,,5.4,1672323.0,1028889,,,643434.0,,,643434.0,,360566.0,55070.0,415636,333314,333314,74285,407599,333314,,,,,,,,,,,,,,,,,
2026,2,otc,2026-08-20,3552,同致,,,,787795.0,,3674,,,,,,,,,,,10425,,,-1.53,3891209.0,3326670,,,564539.0,,,564539.0,,-223256.0,76994.0,-146262,-149936,-149936,160361,10425,-149936,,,,,,,,,,,,,,,,,
2026,2,otc,2026-08-20,3555,博士旺,,,,104383.0,,0,,,,,,,,,,,274545,,2886,6.87,451376.0,232109,,,219267.0,,,219267.0,,114884.0,162677.0,277561,277561,277561,-130,277431,274612,,2949,,,,,,,,,,,,,,,
2026,2,otc,2026-08-20,3556,禾瑞亞,,,,201093.0,,28002,,,,,,,,,,,151636,,-2235,2.38,628281.0,317126,,,311155.0,,,311155.0,,110062.0,66957.0,177019,149017,149017,384,149401,151404,,-2387,,,,,,,,,,,,,,,
2026,2,otc,2026-08-20,3558,神準,,,,1075862.0,,25537,,,,,,,,,,,52662,,27135,0.81,6627594.0,5537312,,,1090282.0,,,1090282.0,61639,76059.0,24546.0,100605,75068,75068,4729,79797,47841,,27227,,,,,,,,,,,,,,,
2026,2,otc,2026-08-20,3564,其陽,,,,322512.0,,1149,,,,,,,,,,,9360,,,0.04,1368161.0,1033593,,,334568.0,,,334568.0,,12056.0,-8356.0,3700,2551,2551,6809,9360,2551,,,,,,,,,,,,,,,,,
2026,2,otc,2026-08-20,3567,逸昌,,,,22723.0,,3549,,,,,,,,,,,,,,0.42,133346.0,94979,,,38367.0,,,38367.0,,15644.0,2239.0,17883,14334,14334,,14334,,,,,,,,,,,,,,,,,,
2026,2,otc,2026-08-20,3570,大塚,,,,215782.0,,38518,,,,,,,,,,,143858,,,8.05,1432229.0,1041888,,,390341.0,,,390341.0,,174559.0,1606.0,176165,137647,137647,6211,143858,137647,,,,,,,,,,,,,,,,,
2026,2,otc,2026-08-20,3577,泓格,,,,242804.0,,48916,,,,,,,,,,,216023,,,3.28,839172.0,343554,,,495618.0,,,495618.0,1148,253962.0,4959.0,258921,210005,210005,6018,216023,210005,,,,,,,,,,,,,,,,,
2026,2,otc,2026-08-20,3580,友威科,,,,61245.0,,9402,,,,,,,,,,,54039,,,0.65,189510.0,98071,,,91439.0,,,91439.0,,30194.0,4748.0,34942,25540,25540,28499,54039,25540,,,,,,,,,,,,,,,,,
2026,2,otc,2026-08-20,3581,博磊,,,,224235.0,,17944,,,,,,,,,,,51180,,22064,0.94,844905.0,568656,,,276249.0,,,276249.0,,52014.0,35720.0,87734,69790,69790,3454,73244,47726,,22064,,,,,,,,,,,,,,,
2026,2,otc,2026-08-20,3587,閎康,,,,543105.0,,282868,,,,,,,,,,,357115,,0,2.99,3068042.0,2071713,,,996329.0,,,996329.0,,453224.0,36354.0,489578,206710,206710,150405,357115,206710,,0,,,,,,,,,,,,,,,
2026,2,otc,2026-08-20,3594,磐儀,,,,428026.0,,-4807,,,,,,,,,,,63504,,-4953,0.37,1231600.0,801198,,,430402.0,,,430402.0,,2376.0,16215.0,18591,23398,23398,35153,58551,35724,,-12326,,,,,,,,,,,,,,,
2026,2,otc,2026-08-20,3597,映興,,,,82487.0,,7967,,,,,,,,,,,22046,,,0.35,451377.0,344387,,,106990.0,,,106990.0,,24503.0,-2874.0,21629,13662,13662,8384,22046,13662,,,,,,,,,,,,,,,,,
2026,2,otc,2026-08-20,3609,三一東林,,,,116829.0,,-2102,,,,,,,,,,,-73281,,,-1.88,180373.0,132319,,,48054.0,,,48054.0,,-68775.0,-5303.0,-74078,-71976,-71976,-1305,-73281,-71976,,,,,,,,,,,,,,,,,
2026,2,otc,2026-08-20,3611,鼎翰,,,,1372903.0,,125575,,,,,,,,,,,1455572,,-42,9.67,5909403.0,3989059,,,1920344.0,,,1920344.0,,547441.0,38195.0,585636,460061,460061,995469,1455530,459828,,233,,,,,,,,,,,,,,,
2026,2,otc,2026-08-20,3615,安可,,,,114201.0,,4932,,,,,,,,,,,137313,,6347,2.17,372818.0,301709,,,71109.0,,,71109.0,,-43092.0,202812.0,159720,154788,154788,-11128,143660,148441,,6347,,,,,,,,,,,,,,,
2026,2,otc,2026-08-20,3623,富晶通,,,,14801.0,,1310,,,,,,,,,,,,,,0.64,133069.0,129811,,,3258.0,,,3258.0,,-11543.0,31502.0,19959,18649,18649,1991,20640,,,,,,,,,,,,,,,,,,
2026,2,otc,2026-08-20,3624,光頡,,,,239311.0,,72239,,,,,,,,,,,236389,,2188,1.86,1622899.0,1121526,,,501373.0,,,501373.0,,262062.0,30538.0,292600,220361,220361,18216,238577,218486,,1875,,,,,,,,,,,,,,,
2026,2,otc,2026-08-20,3625,西勝,,,,108287.0,,-114,,,,,,,,,,,-38892,,,-0.42,221658.0,190153,,,31505.0,,,31505.0,,-76782.0,30068.0,-46714,-46600,-46600,7708,-38892,-46600,,,,,,,,,,,,,,,,,
2026,2,otc,2026-08-20,3628,盈正,,,,413128.0,,51507,,,,,,,,,,,61994,,92,0.97,1749193.0,1241782,,,507411.0,,,507411.0,,94283.0,1101.0,95384,43877,43877,18209,62086,43805,,72,,,,,,,,,,,,,,,
2026,2,otc,2026-08-20,3629,地心引力,,,,15307.0,,,,,,,,,,,,,-7513,,,-0.23,21176.0,14155,,,7021.0,,,7021.0,,-8286.0,570.0,-7716,-7716,-7716,203,-7513,-7716,,,,,,,,,,,,,,,,,
2026,2,otc,2026-08-20,3630,新鉅科,,,,336907.0,,0,,,,,,,,,,,-124880,,,-0.75,1247923.0,1083003,,,164920.0,,,164920.0,,-171987.0,18992.0,-152995,-152995,-152995,28115,-124880,-152995,,,,,,,,,,,,,,,,,
2026,2,otc,2026-08-20,3631,晟楠,,,,56103.0,,3673,,,,,,,,,,,-6069,,-9892,-0.35,18072.0,15053,,,3019.0,,,3019.0,,-53084.0,18058.0,-35026,-38699,-38699,22738,-15961,-28807,,-9892,,,,,,,,,,,,,,,
2026,2,otc,2026-08-20,3632,研勤,,,,83541.0,,1238,,,,,,,,,,,-4088,,-848,-0.11,142768.0,61547,,,81221.0,,,81221.0,,-2320.0,-1875.0,-4195,-5433,-5433,497,-4936,-4639,,-794,,,,,,,,,,,,,,,
2026,2,otc,2026-08-20,3646,艾恩特,,,,89308.0,,5257,,,,,,,,,,,4541,,,-0.43,382981.0,290093,,,92888.0,,,92888.0,,3580.0,-15324.0,-11744,-17001,-17001,21542,4541,-17001,,,,,,,,,,,,,,,,,
2026,2,otc,2026-08-20,3663,鑫科,,,,118057.0,,11343,,,,,,,,,,,1350216,,23060,0.28,4095477.0,3912628,,,182849.0,,,182849.0,,64792.0,-21304.0,43488,32145,32145,1341131,1373276,30722,,1423,,,,,,,,,,,,,,,
2026,2,otc,2026-08-20,3666,光耀,,,,79027.0,,0,,,,,,,,,,,-93163,,,-0.68,249921.0,282045,,,-32124.0,,,-32124.0,,-111151.0,19260.0,-91891,-91891,-91891,-1272,-93163,-91891,,,,,,,,,,,,,,,,,
2026,2,otc,2026-08-20,3672,康聯訊,,,,72517.0,,727,,,,,,,,,,,-35644,,69,-0.82,108428.0,68949,,,39479.0,,,39479.0,,-33038.0,264.0,-32774,-33501,-33501,-2074,-35575,-33577,,76,,,,,,,,,,,,,,,
2026,2,otc,2026-08-20,3675,德微,,,,345288.0,,46541,,,,,,,,,,,188880,,12171,3.51,1485502.0,896734,,,588768.0,,,588768.0,,243480.0,1453.0,244933,198392,198392,2659,201051,186221,,12171,,,,,,,,,,,,,,,
2026,2,otc,2026-08-20,3680,家登,,,,1115409.0,,135262,,,,,,,,,,,2900831,,152254,8.09,4179817.0,2372926,,,1806891.0,,,1806891.0,,691482.0,335779.0,1027261,891999,891999,2161086,3053085,776702,,115297,,,,,,,,,,,,,,,
2026,2,otc,2026-08-20,3684,榮昌,,,,130100.0,,11991,,,,,,,,,,,57874,,,1.78,586056.0,386660,,,199396.0,,,199396.0,,69296.0,-3401.0,65895,53904,53904,3970,57874,53904,,,,,,,,,,,,,,,,,
2026,2,otc,2026-08-20,3685,元創精密,,,,92464.0,,21734,,,,,,,,,,,27596,,53392,0.21,723397.0,554142,,,169255.0,,,169255.0,,76791.0,4405.0,81196,59462,59462,21526,80988,16748,,42714,,,,,,,,,,,,,,,
2026,2,otc,2026-08-20,3687,歐買尬,,,,225159.0,,60279,,,,,,,,,,,16049,,113296,0.6,987324.0,588981,,,398343.0,,,398343.0,,173184.0,24504.0,197688,137409,137409,-8064,129345,18036,,119373,,,,,,,,,,,,,,,
2026,2,otc,2026-08-20,3689,湧德,,,,710627.0,,115937,,,,,,,,,,,520607,,15180,4.47,4144932.0,2918265,,,1226667.0,,,1226667.0,,516040.0,13365.0,529405,413468,413468,122319,535787,399351,,14117,,,,,,,,,,,,,,,
2026,2,otc,2026-08-20,3691,碩禾,,,,478458.0,,65698,,,,,,,,,,,251051,,14363,3.34,5149797.0,4411308,,,738489.0,,,738489.0,,260031.0,155908.0,415939,350241,350241,-84827,265414,307051,,43190,,,,,,,,,,,,,,,
2026,2,otc,2026-08-20,3693,營邦,,,,651363.0,,95404,,,,,,,,,,,384010,,9857,8.66,4096640.0,3024717,,,1071923.0,,,1071923.0,,420560.0,55650.0,476210,380806,380806,13061,393867,372114,,8692,,,,,,,,,,,,,,,
2026,2,otc,2026-08-20,3707,漢磊,,,,352941.0,,66188,,,,,,,,,,,-225192,,121670,-0.57,3329828.0,3049401,,,280427.0,,,280427.0,,-72514.0,36288.0,-36226,-102414,-102414,-1108,-103522,-224159,,121745,,,,,,,,,,,,,,,
2026,2,otc,2026-08-20,3709,鑫聯大投控,,,,666009.0,,306171,,,,,,,,,,,885036,,-1515,6.54,27412574.0,25629806,,,1782768.0,,,1782768.0,,1116759.0,10387.0,1127146,820975,820975,62546,883521,821169,,-194,,,,,,,,,,,,,,,
2026,2,otc,2026-08-20,3710,連展投控,,,,889063.0,,13169,,,,,,,,,,,-269424,,33661,-1.41,3836094.0,3147369,,,688725.0,,,688725.0,,-200338.0,-167773.0,-368111,-381280,-381280,145517,-235763,-404412,,23132,,,,,,,,,,,,,,,
2026,2,otc,2026-08-20,3713,新晶投控,,,,47367.0,,4334,,,,,,,,,,,-17421,,1761,-0.2,238043.0,179903,,,58140.0,,211,58351.0,0,10984.0,-22311.0,-11327,-15661,-15661,1,-15660,-17422,,1761,,,,,,,,,,,,,,,
2026,2,otc,2026-08-20,4102,永日,,,,59909.0,,979,,,,,,,,,,,10906,,1724,0.13,276030.0,209155,,,66875.0,,,66875.0,,6966.0,1402.0,8368,7389,7389,5241,12630,5665,,1724,,,,,,,,,,,,,,,
2026,2,otc,2026-08-20,4105,東洋,,,,904845.0,,220033,,,,,,,,,,,835664,,42916,3.42,3172151.0,1290202,,,1881949.0,12593,12023,1881379.0,,976534.0,141121.0,1117655,897622,897622,-19042,878580,849483,,48139,,,,,,,,,,,,,,,
2026,2,otc,2026-08-20,4107,邦特,,,,142393.0,,85199,,,,,,,,,,,302085,,,4.29,1134636.0,620091,,,514545.0,,,514545.0,,372152.0,10304.0,382456,297257,297257,4828,302085,297257,,,,,,,,,,,,,,,,,
2026,2,otc,2026-08-20,4109,加捷生醫,,,,71715.0,,6176,,,,,,,,,,,-35378,,485,-0.29,268119.0,193928,,,74191.0,,,74191.0,,2476.0,-30331.0,-27855,-34031,-34031,-862,-34893,-34399,,368,,,,,,,,,,,,,,,
2026,2,otc,2026-08-20,4111,濟生,,,,178353.0,,30248,,,,,,,,,,,,,,1.64,731867.0,443781,,,288086.0,,,288086.0,,109733.0,18798.0,128531,98283,98283,78,98361,,,,,,,,,,,,,,,,,,
2026,2,otc,2026-08-20,4113,聯上,,,,61334.0,,490,,,,,,,,,,,,,,-0.46,188026.0,151416,,,36610.0,,,36610.0,,-24724.0,-80895.0,-105619,-106109,-106109,0,-106109,,,,,,,,,,,,,,,,,,
2026,2,otc,2026-08-20,4114,健喬,,,,1026692.0,,113910,,,,,,,,,,,430306,,-109497,0.8,3549913.0,2115978,,,1433935.0,,,1433935.0,,407243.0,27328.0,434571,320661,320661,148,320809,430386,,-109725,,,,,,,,,,,,,,,
2026,2,otc,2026-08-20,4116,明基醫,,,,729377.0,,57270,,,,,,,,,,,69756,,72729,1.61,2753810.0,1865165,,,888645.0,,,888645.0,,159268.0,53792.0,213060,155790,155790,-13305,142485,71547,,84243,,,,,,,,,,,,,,,
2026,2,otc,2026-08-20,4120,友華,,,,1261218.0,,114804,,,,,,,,,,,-690625,,43513,-2.4,2339899.0,1182901,,,1156998.0,,,1156998.0,,-104220.0,56047.0,-48173,-162977,-162977,-484135,-647112,-207986,,45009,,,,,,,,,,,,,,,
2026,2,otc,2026-08-20,4121,優盛,,,,685506.0,,4063,,,,,,,,,,,-16150,,-12859,-0.32,1885058.0,1247498,,,637560.0,,,637560.0,,-47946.0,13703.0,-34243,-38306,-38306,9297,-29009,-25698,,-12608,,,,,,,,,,,,,,,
2026,2,otc,2026-08-20,4123,晟德,,,,283006.0,,-1671558,,,,,,,,,,,-8471115,,1,-11.24,898039.0,492378,,,405661.0,,,405661.0,344101,466756.0,-10619516.0,-10152760,-8481202,-8481202,10088,-8471114,-8481203,,1,,,,,,,,,,,,,,,
2026,2,otc,2026-08-20,4126,太醫,,,,135023.0,,51770,,,,,,,,,,,,,,2.97,1184631.0,798135,,,386496.0,,,386496.0,,251473.0,16007.0,267480,215710,215710,,215710,,,,,,,,,,,,,,,,,,
2026,2,otc,2026-08-20,4127,天良,,,,202860.0,,-909,,,,,,,,,,,45211,,,1.06,383002.0,152646,,,230356.0,,,230356.0,,27496.0,19966.0,47462,48371,48371,-3160,45211,48371,,,,,,,,,,,,,,,,,
2026,2,otc,2026-08-20,4128,中天,,,,644946.0,,0,,,,,,,,,,,562636,,-103182,1.1,980917.0,604077,,,376840.0,,,376840.0,0,-268106.0,768879.0,500773,500773,500773,-41319,459454,648678,,-147905,,,,,,,,,,,,,,,
2026,2,otc,2026-08-20,4129,聯合,,,,2109868.0,,76575,,,,,,,,,,,237551,,557,2.35,3059504.0,641920,,,2417584.0,,-1440,2416144.0,0,306276.0,-2192.0,304084,227509,227509,10599,238108,226550,,959,,,,,,,,,,,,,,,
2026,2,otc,2026-08-20,4131,浩泰,,,,63773.0,,1812,,,,,,,,,,,-2515,,2279,-0.06,156170.0,87803,,,68367.0,,,68367.0,,4594.0,-3018.0,1576,-236,-236,,-236,-2515,,2279,,,,,,,,,,,,,,,
2026,2,otc,2026-08-20,4138,曜亞,,,,208340.0,,20101,,,,,,,,,,,75156,,8788,1.83,687173.0,398027,,,289146.0,,,289146.0,,80806.0,21376.0,102182,82081,82081,1863,83944,73108,,8973,,,,,,,,,,,,,,,
2026,2,otc,2026-08-20,4147,中裕,,,,255210.0,,,,,,,,,,,,,-53760,,,-0.21,321916.0,139109,,,182807.0,,,182807.0,,-72403.0,16024.0,-56379,-56379,-56379,2619,-53760,-56379,,,,,,,,,,,,,,,,,
2026,2,otc,2026-08-20,4153,鈺緯,,,,75320.0,,3666,,,,,,,,,,,55403,,,0.96,467962.0,334123,,,133839.0,0,214,134053.0,,58733.0,1070.0,59803,56137,56137,-734,55403,56137,,,,,,,,,,,,,,,,,
2026,2,otc,2026-08-20,4160,訊聯基因,,,,125495.0,,-2050,,,,,,,,,,,-108479,,143,0.24,299758.0,176754,,,123004.0,,,123004.0,,-2491.0,6960.0,4469,6519,6519,-114855,-108336,6376,,143,,,,,,,,,,,,,,,
2026,2,otc,2026-08-20,4161,聿新科,,,,92868.0,,10294,,,,,,,,,,,58413,,-1131,0.96,461887.0,332763,,,129124.0,,,129124.0,,36256.0,29023.0,65279,54985,54985,2297,57282,56116,,-1131,,,,,,,,,,,,,,,
2026,2,otc,2026-08-20,4162,智擎,,,,217281.0,,37427,,,,,,,,,,,,,,1.89,497811.0,34186,,,463625.0,,,463625.0,,246344.0,62333.0,308677,271250,271250,,271250,,,,,,,,,,,,,,,,,,
2026,2,otc,2026-08-20,4163,鐿鈦,,,,391313.0,,29958,,,,,,,,,,,148063,,-2419,2.95,1304387.0,753627,,,550760.0,,,550760.0,,159447.0,12507.0,171954,141996,141996,3648,145644,144421,,-2425,,,,,,,,,,,,,,,
2026,2,otc,2026-08-20,4166,友霖,,,,285822.0,,32630,,,,,,,,,,,94555,,,0.4,758297.0,347873,,,410424.0,,,410424.0,,124602.0,4181.0,128783,96153,96153,-1598,94555,96153,,,,,,,,,,,,,,,,,
2026,2,otc,2026-08-20,4167,松瑞藥,,,,142289.0,,11499,,,,,,,,,,,863856,,-17,2.6,519518.0,342324,,,177194.0,,,177194.0,,34905.0,839444.0,874349,862850,862850,989,863839,862867,,-17,,,,,,,,,,,,,,,
2026,2,otc,2026-08-20,4168,醣聯,,,,143190.0,,36,,,,,,,,,,,-131613,,,-1.16,13954.0,8187,,,5767.0,,,5767.0,,-137423.0,6632.0,-130791,-130827,-130827,-786,-131613,-130827,,,,,,,,,,,,,,,,,
2026,2,otc,2026-08-20,4171,瑞基,,,,108302.0,,-431,,,,,,,,,,,-8023,,-1210,-0.16,112305.0,26547,,,85758.0,,,85758.0,,-22544.0,11238.0,-11306,-10875,-10875,1642,-9233,-9255,,-1620,,,,,,,,,,,,,,,
2026,2,otc,2026-08-20,4173,久裕,,,,113823.0,,6288,,,,,,,,,,,-44239,,,0.42,787610.0,635221,,,152389.0,,,152389.0,,38566.0,-1303.0,37263,30975,30975,-75214,-44239,30975,,,,,,,,,,,,,,,,,
2026,2,otc,2026-08-20,4174,浩鼎,,,,623816.0,,5890,,,,,,,,,,,-634011,,-134354,-4.85,20844.0,62396,,,-41552.0,,,-41552.0,,-665368.0,-101138.0,-766506,-772396,-772396,4031,-768365,-638042,,-134354,,,,,,,,,,,,,,,
2026,2,otc,2026-08-20,4175,杏一,,,,1227543.0,,4205,,,,,,,,,,,86184,,-80,1.82,3963117.0,2633142,,,1329975.0,,,1329975.0,,102432.0,-21106.0,81326,77121,77121,8983,86104,77206,,-85,,,,,,,,,,,,,,,
2026,2,otc,2026-08-20,4183,福永生技,,,,45237.0,,-905,,,,,,,,,,,,,,-0.58,168963.0,139591,,,29372.0,,,29372.0,,-15865.0,1204.0,-14661,-13756,-13756,,-13756,,,,,,,,,,,,,,,,,,
2026,2,otc,2026-08-20,4188,安克,,,,46379.0,,12,,,,,,,,,,,-6129,,-6901,-0.45,13105.0,7519,,,5586.0,,,5586.0,,-40793.0,5275.0,-35518,-35530,-35530,22500,-13030,-28629,,-6901,,,,,,,,,,,,,,,
2026,2,otc,2026-08-20,4192,杏國,,,,35413.0,,,,,,,,,,,,,-26451,,0,-0.75,12398.0,4182,,,8216.0,,,8216.0,,-27197.0,760.0,-26437,-26437,-26437,-14,-26451,-26437,,0,,,,,,,,,,,,,,,
2026,2,otc,2026-08-20,4198,欣大健康,,,,51010.0,,0,,,,,,,,,,,-22501,,-1587,-0.78,72869.0,47130,,,25739.0,1068,,24671.0,,-26339.0,5911.0,-20428,-20428,-20428,-3660,-24088,-18841,,-1587,,,,,,,,,,,,,,,
2026,2,otc,2026-08-20,4205,中華食,,,,153213.0,,37946,,,,,,,,,,,,,,1.85,984434.0,622497,,,361937.0,,,361937.0,,208724.0,9750.0,218474,180528,180528,1596,182124,,,,,,,,,,,,,,,,,,
2026,2,otc,2026-08-20,4207,環泰,,,,190055.0,,95150,,,,,,,,,,,165785,,18937,0.95,2834315.0,2309330,,,524985.0,,,524985.0,,334930.0,5130.0,340060,244910,244910,-60188,184722,187745,,57165,,,,,,,,,,,,,,,
2026,2,otc,2026-08-20,4303,信立,,,,99075.0,,48397,,,,,,,,,,,-20213,,2026,-0.26,515042.0,411460,,,103582.0,,,103582.0,,4507.0,21561.0,26068,-22329,-22329,4142,-18187,-24769,,2440,,,,,,,,,,,,,,,
2026,2,otc,2026-08-20,4304,勝昱,,,,35514.0,,,,,,,,,,,,,-2687,,,-0.05,189323.0,151202,,,38121.0,,,38121.0,,2607.0,-5597.0,-2990,-2990,-2990,303,-2687,-2990,,,,,,,,,,,,,,,,,
2026,2,otc,2026-08-20,4305,世坤,,,,52080.0,,30614,,,,,,,,,,,,,,2.23,498925.0,326858,,,172067.0,,,172067.0,,119987.0,33540.0,153527,122913,122913,,122913,,,,,,,,,,,,,,,,,,
2026,2,otc,2026-08-20,4401,東隆興,,,,103037.0,,16502,,,,,,,,,,,77703,,3139,0.6,1935185.0,1771692,,,163493.0,,,163493.0,,60456.0,32505.0,92961,76459,76459,4383,80842,74034,,2425,,,,,,,,,,,,,,,
2026,2,otc,2026-08-20,4402,郡都開發,,,,13862.0,,0,,,,,,,,,,,-7129,-935,0,-0.1,11624.0,10237,,,1387.0,,,1387.0,,-12475.0,4411.0,-8064,-8064,-8064,,-8064,-7129,-935,0,,,,,,,,,,,,,,,
2026,2,otc,2026-08-20,4406,新昕纖,,,,23772.0,,0,,,,,,,,,,,,,,-0.42,105006.0,110591,,,-5585.0,,,-5585.0,,-29357.0,7338.0,-22019,-22019,-22019,10030,-11989,,,,,,,,,,,,,,,,,,
2026,2,otc,2026-08-20,4413,飛寶企業,,,,50505.0,,0,,,,,,,,,,,2011,,,0.06,239798.0,191571,,,48227.0,,,48227.0,,-2278.0,4290.0,2012,2012,2012,-1,2011,2012,,,,,,,,,,,,,,,,,
2026,2,otc,2026-08-20,4416,三圓,,,,89647.0,,18989,,,,,,,,,,,274517,,,3.87,2157850.0,942652,,,1215198.0,,,1215198.0,,1125551.0,-830720.0,294831,275842,275842,-1325,274517,275842,,,,,,,,,,,,,,,,,
2026,2,otc,2026-08-20,4417,金洲,,,,158015.0,,90873,,,,,,,,,,,246207,,10351,2.33,1548813.0,1048219,,,500594.0,,,500594.0,,342579.0,-39800.0,302779,211906,211906,44652,256558,195439,,16467,,,,,,,,,,,,,,,
2026,2,otc,2026-08-20,4419,皇家美食,,,,462989.0,,-286,,,,,,,,,,,-97376,,16940,-0.57,1386794.0,993400,,,393394.0,,,393394.0,,-69595.0,-11127.0,-80722,-80436,-80436,0,-80436,-97376,,16940,,,,,,,,,,,,,,,
2026,2,otc,2026-08-20,4420,光明,,,,23821.0,,7741,,,,,,,,,,,,,,0.94,478162.0,443732,,,34430.0,,,34430.0,0,10609.0,35064.0,45673,37932,37932,-1850,36082,,,,,,,,,,,,,,,,,,
2026,2,otc,2026-08-20,4430,耀億,,,,225575.0,,17374,,,,,,,,,,,49740,,,0.12,1144970.0,896246,,,248724.0,,,248724.0,,23149.0,1154.0,24303,6929,6929,42811,49740,6929,,,,,,,,,,,,,,,,,
2026,2,otc,2026-08-20,4432,銘旺實,,,,103725.0,,12002,,,,,,,,,,,155758,,,2.96,448947.0,345180,,,103767.0,,,103767.0,,42.0,161577.0,161619,149617,149617,6141,155758,149617,,,,,,,,,,,,,,,,,
2026,2,otc,2026-08-20,4433,興采,,,,275425.0,,30219,,,,,,,,,,,-76359,,71334,-1.38,1111616.0,973625,,,137991.0,,,137991.0,,-137434.0,148622.0,11188,-19031,-19031,14006,-5025,-83474,,64443,,,,,,,,,,,,,,,
2026,2,otc,2026-08-20,4502,健信,,,,107097.0,,1451,,,,,,,,,,,2930,,-969,0.2,573582.0,470101,,,103481.0,,,103481.0,,-3616.0,15224.0,11608,10157,10157,-8196,1961,11148,,-991,,,,,,,,,,,,,,,
2026,2,otc,2026-08-20,4503,金雨,,,,50302.0,,21339,,,,,,,,,,,180417,,-19,2.28,343178.0,210657,,,132521.0,,,132521.0,,82219.0,117595.0,199814,178475,178475,1923,180398,178494,,-19,,,,,,,,,,,,,,,
2026,2,otc,2026-08-20,4506,崇友,,,,348526.0,,167550,,,,,,,,,,,795336,,188,4.45,3395769.0,2247176,,,1148593.0,,,1148593.0,,800067.0,156031.0,956098,788548,788548,6976,795524,788360,,188,,,,,,,,,,,,,,,
2026,2,otc,2026-08-20,4510,高鋒,,,,198579.0,,9638,,,,,,,,,,,86646,,107025,1.26,905127.0,769765,,,135362.0,,,135362.0,,-63217.0,316556.0,253339,243701,243701,-50030,193671,136857,,106844,,,,,,,,,,,,,,,
2026,2,otc,2026-08-20,4513,福裕,,,,162650.0,,8764,,,,,,,,,,,-3790,,0,-0.05,1328255.0,1169072,,,159183.0,,,159183.0,,-3467.0,5185.0,1718,-7046,-7046,3256,-3790,-7046,,0,,,,,,,,,,,,,,,
2026,2,otc,2026-08-20,4523,永彰,,,,173174.0,,25812,,,,,,,,,,,-54760,,-12737,-0.92,580651.0,463135,,,117516.0,,,117516.0,,-55658.0,9876.0,-45782,-71594,-71594,4097,-67497,-58857,,-12737,,,,,,,,,,,,,,,
2026,2,otc,2026-08-20,4527,方方土霖,,,,188210.0,,36455,,,,,,,,,,,143856,,5173,1.65,1322114.0,979235,,,342879.0,,,342879.0,,154669.0,8961.0,163630,127175,127175,21854,149029,125563,,1612,,,,,,,,,,,,,,,
2026,2,otc,2026-08-20,4528,江興鍛,,,,117040.0,,7464,,,,,,,,,,,50422,,0,-0.61,714332.0,631259,,,83073.0,,,83073.0,,-33967.0,-10305.0,-44272,-51736,-51736,102158,50422,-51736,,0,,,,,,,,,,,,,,,
2026,2,otc,2026-08-20,4529,淳紳,,,,22737.0,,489,,,,,,,,,,,-49418,,-114,-0.3,9825.0,5647,,,4178.0,,,4178.0,,-18559.0,-6265.0,-24824,-25313,-25313,-24219,-49532,-25199,,-114,,,,,,,,,,,,,,,
2026,2,otc,2026-08-20,4530,天意能創,,,,37125.0,,4317,,0,,,,,,,,,-20766,,-5562,-0.58,173677.0,159641,,,14036.0,,,14036.0,,-23089.0,1055.0,-22034,-26351,-26351,23,-26328,-20789,,-5562,,,,,,,,,,,,,,,
2026,2,otc,2026-08-20,4533,協易機,,,,460486.0,,7624,,,,,,,,,,,14596,,,0.13,1905868.0,1494121,,,411747.0,,,411747.0,,-48739.0,76823.0,28084,20460,20460,-5864,14596,20460,,,,,,,,,,,,,,,,,
2026,2,otc,2026-08-20,4534,慶騰,,,,80897.0,,10349,,,,,,,,,,,11563,,,-0.07,490444.0,412014,,,78430.0,,,78430.0,,-2467.0,6429.0,3962,-6387,-6387,17950,11563,-6387,,,,,,,,,,,,,,,,,
2026,2,otc,2026-08-20,4535,至興,,,,108888.0,,42391,,,,,,,,,,,56256,,45937,0.58,1258961.0,1040032,,,218929.0,,,218929.0,,110041.0,21554.0,131595,89204,89204,12989,102193,43859,,45345,,,,,,,,,,,,,,,
2026,2,otc,2026-08-20,4538,大詠城,,,,21250.0,,3758,,,,,,,,,,,,,,0.22,191091.0,159968,,,31123.0,,,31123.0,,9873.0,6698.0,16571,12813,12813,,12813,,,,,,,,,,,,,,,,,,
2026,2,otc,2026-08-20,4541,晟田,,,,81005.0,,24207,,,,,,,,,,,,,,1.95,1000527.0,759680,,,240847.0,,,240847.0,,159842.0,-3510.0,156332,132125,132125,,132125,,,,,,,,,,,,,,,,,,
2026,2,otc,2026-08-20,4542,科嶠,,,,150475.0,,18145,,,,,,,,,,,76560,,-178,1.49,554965.0,338744,,,216221.0,,,216221.0,,65746.0,2569.0,68315,50170,50170,26212,76382,50657,,-487,,,,,,,,,,,,,,,
2026,2,otc,2026-08-20,4543,萬在,,,,77940.0,,20881,,,,,,,,,,,80612,,,1.37,486068.0,330881,,,155187.0,,,155187.0,,77247.0,25532.0,102779,81898,81898,-1286,80612,81898,,,,,,,,,,,,,,,,,
2026,2,otc,2026-08-20,4549,桓達,,,,223626.0,,32287,,,,,,,,,,,140712,,-11,2.28,573468.0,213919,,,359549.0,,,359549.0,,135923.0,26142.0,162065,129778,129778,10923,140701,129784,,-6,,,,,,,,,,,,,,,
2026,2,otc,2026-08-20,4550,長佳,,,,42922.0,,8321,,,,,,,,,,,33796,,,0.88,365132.0,283716,,,81416.0,,,81416.0,,38494.0,3278.0,41772,33451,33451,345,33796,33451,,,,,,,,,,,,,,,,,
2026,2,otc,2026-08-20,4554,橙的,,,,99854.0,,1679,,,,,,,,,,,20509,,0,0.92,266642.0,148882,,,117760.0,,,117760.0,,17906.0,7894.0,25800,24121,24121,-3612,20509,24121,,0,,,,,,,,,,,,,,,
2026,2,otc,2026-08-20,4556,旭然,,,,106406.0,,6883,,,,,,,,,,,29452,,,0.37,343843.0,213103,,,130740.0,,,130740.0,,24334.0,-1725.0,22609,15726,15726,13726,29452,15726,,,,,,,,,,,,,,,,,
2026,2,otc,2026-08-20,4558,寶緯,,,,53347.0,,7790,,,,,,,,,,,,,,0.5,885823.0,789217,,,96606.0,,,96606.0,,43259.0,-10214.0,33045,25255,25255,,25255,,,,,,,,,,,,,,,,,,
2026,2,otc,2026-08-20,4561,健椿,,,,71129.0,,15359,,,,,,,,,,,,,,1.09,563524.0,419077,,,144447.0,,,144447.0,,73318.0,5832.0,79150,63791,63791,,63791,,,,,,,,,,,,,,,,,,
2026,2,otc,2026-08-20,4563,百德,,,,293334.0,,12410,,,,,,,,,,,-12884,,-4527,-0.4,1290221.0,929791,,,360430.0,0,,360430.0,,67096.0,-84357.0,-17261,-29671,-29671,12260,-17411,-21786,,-7885,,,,,,,,,,,,,,,
2026,2,otc,2026-08-20,4568,科際精密,,,,145048.0,,3865,,,,,,,,,,,26175,,,0.51,597988.0,435547,,,162441.0,,,162441.0,,17393.0,2652.0,20045,16180,16180,9995,26175,16180,,,,,,,,,,,,,,,,,
2026,2,otc,2026-08-20,4577,達航科技,,,,105444.0,,74,,,,,,,,,,,1752,,,-0.08,453906.0,342506,,,111400.0,,,111400.0,,5956.0,-9627.0,-3671,-3745,-3745,5497,1752,-3745,,,,,,,,,,,,,,,,,
2026,2,otc,2026-08-20,4580,捷流閥業,,,,197755.0,,31668,,,,,,,,,,,183356,,,3.18,1167244.0,837458,,,329786.0,,,329786.0,,132031.0,48614.0,180645,148977,148977,34379,183356,148977,,,,,,,,,,,,,,,,,
2026,2,otc,2026-08-20,4584,君帆,,,,139010.0,,-7048,,,,,,,,,,,56912,,,1.04,538853.0,378818,,,160035.0,,,160035.0,,21025.0,3062.0,24087,31135,31135,25777,56912,31135,,,,,,,,,,,,,,,,,
2026,2,otc,2026-08-20,4609,唐鋒,,,,47674.0,,0,,,,,,,,,,,-12335,,,-0.16,70477.0,62876,,,7601.0,,,7601.0,,-40073.0,32213.0,-7860,-7860,-7860,-4475,-12335,-7860,,,,,,,,,,,,,,,,,
2026,2,otc,2026-08-20,4702,中美實,,,,33932.0,,5953,,,,,,,,,,,56761,,,0.77,36808.0,23406,,,13402.0,,,13402.0,,-20530.0,81969.0,61439,55486,55486,1275,56761,55486,,,,,,,,,,,,,,,,,
2026,2,otc,2026-08-20,4706,大恭,,,,73269.0,,11417,,,,,,,,,,,57753,,11,0.55,592591.0,477532,,,115059.0,,,115059.0,,41790.0,12791.0,54581,43164,43164,14600,57764,43153,,11,,,,,,,,,,,,,,,
2026,2,otc,2026-08-20,4707,磐亞,,,,48399.0,,4869,,,,,,,,,,,,,,0.69,617162.0,593604,,,23558.0,,,23558.0,,-24841.0,308943.0,284102,279233,279233,1883650,2162883,,,,,,,,,,,,,,,,,,
2026,2,otc,2026-08-20,4711,永純,,,,41100.0,,10044,,,,,,,,,,,42796,,,0.7,432159.0,342477,,,89682.0,,,89682.0,,48582.0,4258.0,52840,42796,42796,,42796,42796,,,,,,,,,,,,,,,,,
2026,2,otc,2026-08-20,4714,永捷,,,,195280.0,,49699,,,,,,,,,,,-110253,,-19505,-0.1,1184522.0,1011027,,,173495.0,,,173495.0,,-21785.0,30662.0,8877,-40822,-40822,-88936,-129758,-17742,,-23080,,,,,,,,,,,,,,,
2026,2,otc,2026-08-20,4716,大立,,,,72960.0,,632,,,,,,,,,,,12592,,-1243,0.14,265288.0,222343,,,42945.0,,,42945.0,,-30015.0,42999.0,12984,12352,12352,-1003,11349,13599,,-1247,,,,,,,,,,,,,,,
2026,2,otc,2026-08-20,4721,美琪瑪,,,,90079.0,,67525,,,,,,,,,,,263416,,,3.51,1574765.0,1162775,,,411990.0,,,411990.0,,321911.0,8540.0,330451,262926,262926,490,263416,262926,,,,,,,,,,,,,,,,,
2026,2,otc,2026-08-20,4726,永昕,,,,101464.0,,-6485,,,,,,,,,,,-199517,,,-0.96,399907.0,477339,,,-77432.0,,,-77432.0,,-178896.0,-27168.0,-206064,-199579,-199579,62,-199517,-199579,,,,,,,,,,,,,,,,,
2026,2,otc,2026-08-20,4728,雙美,,,,330198.0,,174353,,,,,,,,,,,472172,,,8.52,1183086.0,231208,,,951878.0,,,951878.0,,621680.0,16686.0,638366,464013,464013,8159,472172,464013,,,,,,,,,,,,,,,,,
2026,2,otc,2026-08-20,4729,熒茂,,,,124197.0,,13807,,,,,,,,,,,76226,,6082,0.34,527677.0,409558,,,118119.0,,,118119.0,,-6078.0,50639.0,44561,30754,30754,51554,82308,27312,,3442,,,,,,,,,,,,,,,
2026,2,otc,2026-08-20,4735,豪展,,,,113886.0,,9033,,,,,,,,,,,192297,,,4.37,488288.0,336473,,,151815.0,,,151815.0,,37929.0,139465.0,177394,168361,168361,23936,192297,168361,,,,,,,,,,,,,,,,,
2026,2,otc,2026-08-20,4741,泓瀚,,,,74065.0,,1549,,,,,,,,,,,28376,,-578,0.83,280328.0,181359,,,98969.0,,,98969.0,,24904.0,5184.0,30088,28539,28539,-741,27798,28750,,-211,,,,,,,,,,,,,,,
2026,2,otc,2026-08-20,4743,合一,,,,429691.0,,10486,,,,,,,,,,,-106662,,-412,0.21,76528.0,48935,,,27593.0,,4559,32152.0,,-397539.0,506677.0,109138,98652,98652,-205726,-107074,99064,,-412,,,,,,,,,,,,,,,
2026,2,otc,2026-08-20,4744,皇將,,,,257344.0,,-1899,,,,,,,,,,,-32905,,0,-0.27,430946.0,206289,,,224657.0,,,224657.0,,-32687.0,15615.0,-17072,-15173,-15173,-17732,-32905,-15173,,0,,,,,,,,,,,,,,,
2026,2,otc,2026-08-20,4747,強生製藥,,,,82126.0,,4423,,,,,,,,,,,76704,,,1.69,293136.0,180269,,,112867.0,,,112867.0,,30741.0,50432.0,81173,76750,76750,-46,76704,76750,,,,,,,,,,,,,,,,,
2026,2,otc,2026-08-20,4749,新應材,,,,491502.0,,128338,,,,,,,,,,,767649,,-1271,6.94,2478420.0,1363831,,,1114589.0,,,1114589.0,33,623120.0,147857.0,770977,642639,642639,123739,766378,643910,,-1271,,,,,,,,,,,,,,,
2026,2,otc,2026-08-20,4754,國碳科,,,,98739.0,,17333,,,,,,,,,,,69417,,,2.21,351212.0,173197,,,178015.0,,,178015.0,,79276.0,4934.0,84210,66877,66877,2540,69417,66877,,,,,,,,,,,,,,,,,
2026,2,otc,2026-08-20,4760,勤凱科技,,,,67420.0,,39232,,,,,,,,,,,,,,5.26,1338240.0,1084801,,,253439.0,,,253439.0,,186019.0,19554.0,205573,166341,166341,233668,400009,,,,,,,,,,,,,,,,,,
2026,2,otc,2026-08-20,4767,誠泰科技,,,,85558.0,,8447,,,,,,,,,,,74162,,-35,1.67,461071.0,320459,,,140612.0,,,140612.0,,55054.0,5636.0,60690,52243,52243,21884,74127,52318,,-75,,,,,,,,,,,,,,,
2026,2,otc,2026-08-20,4768,晶呈科技,,,,174511.0,,15135,,,,,,,,,,,-41277,,-4072,-0.99,821214.0,669271,,,151943.0,,,151943.0,,-22568.0,-13596.0,-36164,-51299,-51299,5950,-45349,-47227,,-4072,,,,,,,,,,,,,,,
2026,2,otc,2026-08-20,4772,台特化,,,,187924.0,,149555,,,,,,,,,,,425052,,160314,2.83,1749937.0,849727,,,900210.0,,,900210.0,,712286.0,-6444.0,705842,556287,556287,29079,585366,417454,,138833,,,,,,,,,,,,,,,
2026,2,otc,2026-08-20,4806,桂田文創,,,,45337.0,,18,,,,,,,,,,,-9514,,0,-0.14,103127.0,79330,,,23797.0,,,23797.0,,-21540.0,12056.0,-9484,-9502,-9502,-12,-9514,-9502,,0,,,,,,,,,,,,,,,
2026,2,otc,2026-08-20,4903,聯光通,,,,51933.0,,4181,,,,,,,,,,,36211,,,0.26,816627.0,737131,,,79496.0,,,79496.0,,27563.0,4109.0,31672,27491,27491,8720,36211,27491,,,,,,,,,,,,,,,,,
2026,2,otc,2026-08-20,4905,台聯電,,,,126103.0,,13579,,,,,,,,,,,287546,,20879,8.07,445521.0,323955,,,121566.0,,,121566.0,,-4537.0,273668.0,269131,255552,255552,52873,308425,236239,,19313,,,,,,,,,,,,,,,
2026,2,otc,2026-08-20,4907,富宇,,,,115752.0,,198864,,,,,,,,,,,,,,6.5,2447908.0,1369184,,,1078724.0,,,1078724.0,,962972.0,3857.0,966829,767965,767965,8640,776605,,,,,,,,,,,,,,,,,,
2026,2,otc,2026-08-20,4908,前鼎,,,,115271.0,,27842,,,,,,,,,,,,,,1.42,520704.0,279777,,,240927.0,,,240927.0,,125656.0,13556.0,139212,111370,111370,4598,115968,,,,,,,,,,,,,,,,,,
2026,2,otc,2026-08-20,4909,新復興,,,,30746.0,,5441,,,,,,,,,,,-8441,,0,-0.09,103475.0,129388,,,-25913.0,,,-25913.0,,-56659.0,54011.0,-2648,-8089,-8089,-352,-8441,-8089,,0,,,,,,,,,,,,,,,
2026,2,otc,2026-08-20,4911,德英,,,,33672.0,,-5575,,,,,,,,,,,,,,0.33,66661.0,19756,,,46905.0,,,46905.0,,13233.0,3960.0,17193,22768,22768,,22768,,,,,,,,,,,,,,,,,,
2026,2,otc,2026-08-20,4923,力士,,,,142585.0,,-434,,,,,,,,,,,16733,,,0.5,515457.0,371626,,,143831.0,,,143831.0,,1246.0,15018.0,16264,16698,16698,35,16733,16698,,,,,,,,,,,,,,,,,
2026,2,otc,2026-08-20,4931,新盛力,,,,168511.0,,60157,,,,,,,,,,,252379,,,3.69,1904638.0,1470165,,,434473.0,,,434473.0,,265962.0,35831.0,301793,241636,241636,10743,252379,241636,,,,,,,,,,,,,,,,,
2026,2,otc,2026-08-20,4933,友輝,,,,220019.0,,31226,,,,,,,,,,,392163,,,2.91,1416375.0,961874,,,454501.0,,,454501.0,,234482.0,36546.0,271028,239802,239802,152361,392163,239802,,,,,,,,,,,,,,,,,
2026,2,otc,2026-08-20,4939,亞電,,,,152021.0,,21680,,,,,,,,,,,189861,,,0.53,749246.0,544601,,,204645.0,,,204645.0,,52624.0,21452.0,74076,52396,52396,137465,189861,52396,,,,,,,,,,,,,,,,,
2026,2,otc,2026-08-20,4946,辣椒,,,,64060.0,,0,,,,,,,,,,,22829,,-341,2.6,153418.0,100616,,,52802.0,,,52802.0,,-11258.0,33746.0,22488,22488,22488,0,22488,22829,,-341,,,,,,,,,,,,,,,
2026,2,otc,2026-08-20,4950,金耘國際,,,,58485.0,,16340,,,,,,,,,,,34475,,18052,0.64,640039.0,517192,,,122847.0,,,122847.0,,64362.0,8297.0,72659,56319,56319,-3792,52527,37196,,19123,,,,,,,,,,,,,,,
2026,2,otc,2026-08-20,4951,精拓科,,,,121357.0,,12942,,,,,,,,,,,102142,,0,3.0,267107.0,62705,,,204402.0,,,204402.0,,83045.0,32446.0,115491,102549,102549,-407,102142,102549,,0,,,,,,,,,,,,,,,
2026,2,otc,2026-08-20,4953,緯致,,,,603413.0,,81303,,,,,,,,,,,492489,,,4.88,7022384.0,5996670,,,1025714.0,,,1025714.0,,422301.0,11203.0,433504,352201,352201,140288,492489,352201,,,,,,,,,,,,,,,,,
2026,2,otc,2026-08-20,4966,譜瑞-KY,,,,2180216.0,,105195,,,,,,,,,,,1462395,,,14.43,8239156.0,4923076,,,3316080.0,,,3316080.0,,1135864.0,91860.0,1227724,1122529,1122529,339866,1462395,1122529,,,,,,,,,,,,,,,,,
2026,2,otc,2026-08-20,4972,湯石照明,,,,196843.0,,-8962,,,,,,,,,,,-2367,,,-0.88,498373.0,384256,,,114117.0,,,114117.0,,-82726.0,24360.0,-58366,-49404,-49404,47037,-2367,-49404,,,,,,,,,,,,,,,,,
2026,2,otc,2026-08-20,4973,廣穎電通,,,,539642.0,,247673,,,,,,,,,,,1438551,,,15.29,4523831.0,2768479,,,1755352.0,,,1755352.0,,1215710.0,12633.0,1228343,980670,980670,457881,1438551,980670,,,,,,,,,,,,,,,,,
2026,2,otc,2026-08-20,4974,亞泰,,,,89509.0,,46029,,,,,,,,,,,273937,,,2.49,2009499.0,1727518,,,281981.0,,,281981.0,,192472.0,34313.0,226785,180756,180756,93181,273937,180756,,,,,,,,,,,,,,,,,
2026,2,otc,2026-08-20,4979,華星光,,,,105579.0,,120132,,,,,,,,,,,477683,,,2.91,2482586.0,1889906,,,592680.0,,,592680.0,,487101.0,46937.0,534038,413906,413906,63777,477683,413906,,,,,,,,,,,,,,,,,
2026,2,otc,2026-08-20,4995,晶達,,,,146687.0,,132,,,,,,,,,,,78686,,,1.82,708153.0,486770,,,221383.0,,,221383.0,,74696.0,2694.0,77390,77258,77258,1428,78686,77258,,,,,,,,,,,,,,,,,
2026,2,otc,2026-08-20,5009,榮剛,,,,765499.0,,138680,,,,,,,,,,,627766,,25290,1.0,6091166.0,4624415,,,1466751.0,,,1466751.0,,701252.0,29706.0,730958,592278,592278,60778,653056,562195,,30083,,,,,,,,,,,,,,,
2026,2,otc,2026-08-20,5011,久陽,,,,83104.0,,24202,,,,,,,,,,,-23740,,5746,0.46,2176927.0,2039629,,,137298.0,,,137298.0,10069,64263.0,12462.0,76725,52523,52523,-70517,-17994,46777,,5746,,,,,,,,,,,,,,,
2026,2,otc,2026-08-20,5013,強新,,,,237879.0,,93478,,,,,,,,,,,247087,,99052,1.36,4146937.0,3573409,,,573528.0,,,573528.0,,335649.0,-10957.0,324692,231214,231214,114925,346139,182149,,49065,,,,,,,,,,,,,,,
2026,2,otc,2026-08-20,5014,建錩,,,,230172.0,,29593,,,,,,,,,,,94139,,119,-0.19,8046582.0,7647231,,,399351.0,,,399351.0,,169179.0,-174467.0,-5288,-34881,-34881,129139,94258,-34878,,-3,,,,,,,,,,,,,,,
2026,2,otc,2026-08-20,5015,華祺,,,,105381.0,,8838,,,,,,,,,,,1310,,0,0.58,597293.0,475204,,,122089.0,,,122089.0,,16708.0,27201.0,43909,35071,35071,-33761,1310,35071,,0,,,,,,,,,,,,,,,
2026,2,otc,2026-08-20,5016,松和,,,,62501.0,,14626,,,,,,,,,,,56668,,117,1.12,1110034.0,976029,,,134005.0,,,134005.0,,71504.0,-1174.0,70330,55704,55704,1081,56785,55643,,61,,,,,,,,,,,,,,,
2026,2,otc,2026-08-20,5201,凱衛,,,,83841.0,,-1227,,,,,,,,,,,-30073,,-1269,-0.78,121666.0,81047,,,40619.0,,,40619.0,,-43222.0,10668.0,-32554,-31327,-31327,-15,-31342,-30058,,-1269,,,,,,,,,,,,,,,
2026,2,otc,2026-08-20,5202,力新,,,,85825.0,,686,,,,,,,,,,,-89172,,,-1.05,69077.0,19150,,,49927.0,,,49927.0,,-35898.0,-57249.0,-93147,-93833,-93833,4661,-89172,-93833,,,,,,,,,,,,,,,,,
2026,2,otc,2026-08-20,5205,中茂,,,,13198.0,,41,,,,,,,,,,,-11997,,-117,-0.89,16241.0,15264,,,977.0,,,977.0,,-12221.0,148.0,-12073,-12114,-12114,,-12114,-11997,,-117,,,,,,,,,,,,,,,
2026,2,otc,2026-08-20,5206,坤悅,,,,204961.0,,148097,,,,,,,,,,,575949,,,3.2,2284824.0,1367062,,,917762.0,,,917762.0,,712801.0,11245.0,724046,575949,575949,,575949,575949,,,,,,,,,,,,,,,,,
2026,2,otc,2026-08-20,5209,新鼎,,,,79947.0,,54310,,,,,,,,,,,253184,,0,8.72,1771742.0,1430141,,,341601.0,,,341601.0,,261654.0,41151.0,302805,248495,248495,4689,253184,248495,,0,,,,,,,,,,,,,,,
2026,2,otc,2026-08-20,5210,寶碩,,,,82030.0,,-10610,,,,,,,,,,,44292,,0,0.5,131742.0,38996,,,92746.0,,,92746.0,,10716.0,20099.0,30815,41425,41425,2867,44292,41425,,0,,,,,,,,,,,,,,,
2026,2,otc,2026-08-20,5211,蒙恬,,,,66096.0,,375,,,,,,,,,,,-5731,,1920,-0.26,128933.0,72273,,,56660.0,,,56660.0,,-9436.0,3432.0,-6004,-6379,-6379,2568,-3811,-8192,,1813,,,,,,,,,,,,,,,
2026,2,otc,2026-08-20,5212,凌網,,,,186940.0,,10877,,,,,,,,,,,70998,,1510,1.64,502012.0,247004,,,255008.0,,,255008.0,,68068.0,1133.0,69201,58324,58324,14184,72508,56836,,1488,,,,,,,,,,,,,,,
2026,2,otc,2026-08-20,5213,亞昕,,,,598482.0,,360730,,,,,,,,,,,231029,,16827,0.3,4612839.0,3170025,,,1442814.0,,,1442814.0,,844332.0,-255757.0,588575,227845,227845,20011,247856,213740,,14105,,,,,,,,,,,,,,,
2026,2,otc,2026-08-20,5220,萬達光電,,,,82609.0,,3467,,,,,,,,,,,26633,,,0.67,533553.0,421953,,,111600.0,,,111600.0,,28991.0,924.0,29915,26448,26448,185,26633,26448,,,,,,,,,,,,,,,,,
2026,2,otc,2026-08-20,5223,安力-KY,,,,149357.0,,6965,,,,,,,,,,,406047,,,-0.66,927020.0,795252,,,131768.0,,,131768.0,,-17589.0,-4972.0,-22561,-29526,-29526,435573,406047,-29526,,,,,,,,,,,,,,,,,
2026,2,otc,2026-08-20,5227,立凱-KY,,,,132010.0,,0,,,,,,,,,,,-194711,,,-2.87,58546.0,122743,,,-64197.0,,,-64197.0,,-196207.0,1346.0,-194861,-194861,-194861,150,-194711,-194861,,,,,,,,,,,,,,,,,
2026,2,otc,2026-08-20,5228,鈺鎧,,,,63562.0,,-1790,,,,,,,,,,,,,,1.8,381734.0,250715,,,131019.0,,,131019.0,,67457.0,-771.0,66686,68476,68476,129,68605,,,,,,,,,,,,,,,,,,
2026,2,otc,2026-08-20,5230,雷笛克光學,,,,186209.0,,596,,,,,,,,,,,50940,,-89,-0.18,657709.0,481717,,,175992.0,,,175992.0,,-10217.0,787.0,-9430,-10026,-10026,60877,50851,-9644,,-382,,,,,,,,,,,,,,,
2026,2,otc,2026-08-20,5245,智晶,,,,81645.0,,1625,,,,,,,,,,,-66101,,,-1.44,387313.0,364423,,,22890.0,,,22890.0,,-58755.0,-5721.0,-64476,-66101,-66101,,-66101,-62509,,-3592,,,,,,,,,,,,,,,
2026,2,otc,2026-08-20,5251,天鉞電,,,,71418.0,,-179,,,,,,,,,,,30769,,,0.79,185159.0,105289,,,79870.0,,,79870.0,,8452.0,18181.0,26633,26812,26812,3957,30769,26812,,,,,,,,,,,,,,,,,
2026,2,otc,2026-08-20,5263,智崴,,,,339285.0,,31942,,,,,,,,,,,108173,,,1.08,856317.0,477084,,,379233.0,,,379233.0,,39948.0,68571.0,108519,76577,76577,31596,108173,76577,,,,,,,,,,,,,,,,,
2026,2,otc,2026-08-20,5272,笙科,,,,118170.0,,319,,,,,,,,,,,,,,-1.06,160691.0,99951,,,60740.0,,,60740.0,,-57430.0,-1048.0,-58478,-58797,-58797,15689,-43108,,,,,,,,,,,,,,,,,,
2026,2,otc,2026-08-20,5274,信驊,,,,1219611.0,,777550,,,,,,,,,,,3225041,,884,78.28,7018166.0,2053647,,,4964519.0,,,4964519.0,,3744908.0,288667.0,4033575,3256025,3256025,-30100,3225925,3255141,,884,,,,,,,,,,,,,,,
2026,2,otc,2026-08-20,5278,尚凡*,,,,564253.0,,90848,,,,,,,,,,,275817,,101693,0.63,1395962.0,618000,,,777962.0,,,777962.0,,213709.0,136470.0,350179,259331,259331,118179,377510,187112,,72219,,,,,,,,,,,,,,,
2026,2,otc,2026-08-20,5287,數字,,,,338996.0,,90106,,,,,,,,,,,527720,,178,7.68,1136249.0,362104,,,774145.0,,,774145.0,,435149.0,116136.0,551285,461179,461179,66719,527898,461084,,95,,,,,,,,,,,,,,,
2026,2,otc,2026-08-20,5289,宜鼎,,,,2385049.0,,4248019,,,,,,,,,,,15842864,,48981,166.45,35626019.0,13245050,,,22380969.0,,,22380969.0,,19995920.0,135491.0,20131411,15883392,15883392,8453,15891845,15834429,,48963,,,,,,,,,,,,,,,
2026,2,otc,2026-08-20,5291,邑昇,,,,105193.0,,13971,,,,,,,,,,,52005,,-1148,0.92,713583.0,558457,,,155126.0,,,155126.0,,49933.0,-444.0,49489,35518,35518,15339,50857,36666,,-1148,,,,,,,,,,,,,,,
2026,2,otc,2026-08-20,5299,杰力,,,,172283.0,,24464,,,,,,,,,,,242397,,,4.69,789773.0,522554,,,267219.0,,,267219.0,,94936.0,168288.0,263224,238760,238760,3637,242397,238760,,,,,,,,,,,,,,,,,
2026,2,otc,2026-08-20,5301,寶得利,,,,104329.0,,,,,,,,,,,,,-26687,,-2660,-0.41,91890.0,14163,,,77727.0,,,77727.0,,-26602.0,-3234.0,-29836,-29836,-29836,489,-29347,-27176,,-2660,,,,,,,,,,,,,,,
2026,2,otc,2026-08-20,5302,太欣,,,,25691.0,,-2,,,,,,,,,,,-12549,,-500,-0.08,13466.0,9277,,,4189.0,,,4189.0,,-21502.0,8331.0,-13171,-13169,-13169,120,-13049,-12647,,-522,,,,,,,,,,,,,,,
2026,2,otc,2026-08-20,5309,系統電,,,,509248.0,,638,,,,,,,,,,,56090,,-28687,0.06,1760379.0,1346330,,,414049.0,,,414049.0,,-95199.0,79035.0,-16164,-16802,-16802,44205,27403,13386,,-30188,,,,,,,,,,,,,,,
2026,2,otc,2026-08-20,5310,天剛,,,,16446.0,,2660,,,,,,,,,,,61693,,,2.13,323.0,291,,,32.0,,,32.0,,-16414.0,80767.0,64353,61693,61693,,61693,61693,,,,,,,,,,,,,,,,,
2026,2,otc,2026-08-20,5312,寶島科,,,,1286459.0,,40717,,,,,,,,,,,948017,,0,3.67,2222432.0,789488,,,1432944.0,,,1432944.0,,146485.0,114437.0,260922,220205,220205,727812,948017,220205,,0,,,,,,,,,,,,,,,
2026,2,otc,2026-08-20,5314,世紀*,,,,842570.0,,129104,,,,,,,,,,,195434,,71903,0.66,2883104.0,1680156,,,1202948.0,,,1202948.0,,360378.0,19542.0,379920,250816,250816,16521,267337,190778,,60038,,,,,,,,,,,,,,,
2026,2,otc,2026-08-20,5315,光聯,,,,81803.0,,38075,,,,,,,,,,,131644,,,0.7,924309.0,745372,,,178937.0,,,178937.0,,97134.0,15174.0,112308,74233,74233,57411,131644,74233,,,,,,,,,,,,,,,,,
2026,2,otc,2026-08-20,5321,美而快,,,,597358.0,,-6330,,,,,,,,,,,-156207,,-1723,-2.93,1104635.0,555543,,,549092.0,,,549092.0,,-48266.0,-115997.0,-164263,-157933,-157933,3,-157930,-156210,,-1723,,,,,,,,,,,,,,,
2026,2,otc,2026-08-20,5324,士開,,,,198860.0,,1456,,,,,,,,,,,-21902,,8807,-0.13,480882.0,271956,,,208926.0,,,208926.0,,10066.0,-32163.0,-22097,-23553,-23553,10458,-13095,-30260,,6707,,,,,,,,,,,,,,,
2026,2,otc,2026-08-20,5328,華容,,,,111257.0,,21626,,,,,,,,,,,488766,,1491,0.4,524027.0,399476,,,124551.0,,,124551.0,,13294.0,79030.0,92324,70698,70698,419559,490257,69207,,1491,,,,,,,,,,,,,,,
2026,2,otc,2026-08-20,5340,建榮,,,,63118.0,,48886,,,,,,,,,,,,,,1.0,1335335.0,1039667,,,295668.0,,,295668.0,,232550.0,11878.0,244428,195542,195542,,195542,,,,,,,,,,,,,,,,,,
2026,2,otc,2026-08-20,5344,立衛,,,,29168.0,,-348,,,,,,,,,,,,,,0.04,185584.0,161680,,,23904.0,,,23904.0,,-5264.0,8332.0,3068,3416,3416,,3416,,,,,,,,,,,,,,,,,,
2026,2,otc,2026-08-20,5345,馥鴻,,,,7507.0,,0,,,,,,,,,,,-1689,,,-0.04,21451.0,15506,,,5945.0,,,5945.0,,-1562.0,-127.0,-1689,-1689,-1689,,-1689,-1689,,,,,,,,,,,,,,,,,
2026,2,otc,2026-08-20,5347,世界,,,,3287982.0,,692636,,,,,,,,,,,6294854,,253675,2.84,26776474.0,18500975,,,8275499.0,,,8275499.0,,4987517.0,762406.0,5749923,5057287,5057287,1491242,6548529,5220851,,-163564,,,,,,,,,,,,,,,
2026,2,otc,2026-08-20,5348,正能量智能,,,,43934.0,,1169,,,,,,,,,,,-7437,0,1824,-0.5,141673.0,101453,,,40220.0,,,40220.0,,-3714.0,-730.0,-4444,-5613,-5613,,-5613,-7437,0,1824,,,,,,,,,,,,,,,
2026,2,otc,2026-08-20,5351,鈺創,,,,1249929.0,,213568,,,,,,,,,,,3205532,,-38380,6.69,7634098.0,4076401,,,3557697.0,,,3557697.0,33491,2341259.0,26263.0,2367522,2153954,2153954,1013198,3167152,2193988,,-40034,,,,,,,,,,,,,,,
2026,2,otc,2026-08-20,5353,台林,,,,170537.0,,4451,,,,,,,,,,,122011,,0,0.95,927530.0,700241,,,227289.0,,,227289.0,,56752.0,19129.0,75881,71430,71430,50581,122011,71430,,0,,,,,,,,,,,,,,,
2026,2,otc,2026-08-20,5355,佳總,,,,47171.0,,2659,,,,,,,,,,,-27111,,,-0.18,286593.0,285379,,,1214.0,,,1214.0,,-45957.0,19407.0,-26550,-29209,-29209,2098,-27111,-29209,,,,,,,,,,,,,,,,,
2026,2,otc,2026-08-20,5356,協益,,,,179783.0,,3045,,,,,,,,,,,184048,,,1.02,1772355.0,1558218,,,214137.0,,,214137.0,,34354.0,73970.0,108324,105279,105279,78769,184048,105279,,,,,,,,,,,,,,,,,
2026,2,otc,2026-08-20,5364,力麗店,,,,28156.0,,0,,,,,,,,,,,-43661,,-1212,-0.33,75680.0,69700,,,5980.0,,,5980.0,,-22176.0,-312.0,-22488,-22488,-22488,-22385,-44873,-21276,,-1212,,,,,,,,,,,,,,,
2026,2,otc,2026-08-20,5371,中光電,,,,3221825.0,,142212,,,,,,,,,,,8325095,,32606,-0.5,19396888.0,16399964,,,2996924.0,,,2996924.0,,-224901.0,176613.0,-48288,-190500,-190500,8548201,8357701,-196473,,5973,,,,,,,,,,,,,,,
2026,2,otc,2026-08-20,5381,光譜,,,,119978.0,,37344,,,,,,,,,,,42110,,14795,0.49,970274.0,674713,,,295561.0,,,295561.0,,175583.0,-21815.0,153768,116424,116424,-59519,56905,101629,,14795,,,,,,,,,,,,,,,
2026,2,otc,2026-08-20,5386,青雲,,,,604615.0,,583795,,,,,,,,,,,,,,42.93,15146991.0,11529999,,,3616992.0,,,3616992.0,,3012377.0,-105376.0,2907001,2323206,2323206,1995,2325201,,,,,,,,,,,,,,,,,,
2026,2,otc,2026-08-20,5392,能率,,,,701870.0,,65110,,,,,,,,,,,138115,,14181,0.4,4451100.0,3798911,,,652189.0,,,652189.0,,-49681.0,181335.0,131654,66544,66544,85752,152296,69998,,-3454,,,,,,,,,,,,,,,
2026,2,otc,2026-08-20,5398,慕康生醫,,,,25602.0,,-254,,,,,,,,,,,-11951,,,-0.08,68306.0,54153,,,14153.0,,,14153.0,,-11449.0,7299.0,-4150,-3896,-3896,-8055,-11951,-3896,,,,,,,,,,,,,,,,,
2026,2,otc,2026-08-20,5403,中菲,,,,328130.0,,70419,,,,,,,,,,,,,,3.58,1637999.0,986016,,,651983.0,,,651983.0,,323853.0,16005.0,339858,269439,269439,-4132,265307,,,,,,,,,,,,,,,,,,
2026,2,otc,2026-08-20,5410,國眾,,,,326551.0,,48143,,,,,,,,,,,222219,,-46,2.41,3317390.0,2754377,,,563013.0,,,563013.0,,236462.0,33768.0,270230,222087,222087,86,222173,222133,,-46,,,,,,,,,,,,,,,
2026,2,otc,2026-08-20,5425,台半,,,,2027573.0,,211265,,,,,,,,,,,481218,,228678,1.52,9470509.0,6591853,,,2878656.0,,,2878656.0,,851083.0,28438.0,879521,668256,668256,41640,709896,372538,,295718,,,,,,,,,,,,,,,
2026,2,otc,2026-08-20,5426,振發,,,,133722.0,,29534,,,,,,,,,,,91115,,252,0.4,1004199.0,791615,,,212584.0,,,212584.0,,78862.0,7850.0,86712,57178,57178,34189,91367,56926,,252,,,,,,,,,,,,,,,
2026,2,otc,2026-08-20,5432,新門,,,,14928.0,,0,,,,,,,,,,,,,,7.46,91705.0,66425,,,25280.0,,,25280.0,,10352.0,143929.0,154281,154281,154281,-6607,147674,,,,,,,,,,,,,,,,,,
2026,2,otc,2026-08-20,5438,東友,,,,119366.0,,5158,,,,,,,,,,,-2444,,,-0.6,375596.0,328984,,,46612.0,,,46612.0,,-72754.0,30358.0,-42396,-47554,-47554,45110,-2444,-47554,,,,,,,,,,,,,,,,,
2026,2,otc,2026-08-20,5439,高技,,,,319447.0,,156616,,,,,,,,,,,757928,,,8.15,5591086.0,4389342,,,1201744.0,,,1201744.0,,882297.0,32254.0,914551,757935,757935,-7,757928,757935,,,,,,,,,,,,,,,,,
2026,2,otc,2026-08-20,5443,均豪,,,,670408.0,,43329,,,,,,,,,,,11806702,,1301729,1.27,2172166.0,1373208,,,798958.0,,,798958.0,,128550.0,233204.0,361754,318425,318425,12790006,13108431,203525,,114900,,,,,,,,,,,,,,,
2026,2,otc,2026-08-20,5450,南良,,,,300127.0,,14686,,,,,,,,,,,68615,,,0.42,1343831.0,989273,,,354558.0,,,354558.0,,54431.0,11397.0,65828,51142,51142,17473,68615,51142,,,,,,,,,,,,,,,,,
2026,2,otc,2026-08-20,5452,佶優,,,,245424.0,,44978,,,,,,,,,,,62856,0,14055,0.39,2444532.0,2074318,,,370214.0,,,370214.0,,124790.0,-19062.0,105728,60750,60750,16161,76911,58284,0,2466,,,,,,,,,,,,,,,
2026,2,otc,2026-08-20,5455,昇益,,,,17180.0,,10537,,,,,,,,,,,,,,-0.47,8015.0,4997,,,3018.0,,,3018.0,,-14162.0,-5924.0,-20086,-30623,-30623,13056,-17567,,,,,,,,,,,,,,,,,,
2026,2,otc,2026-08-20,5457,宣德,,,,1359696.0,,147102,,,,,,,,,,,-46625,,415536,-1.33,10624038.0,9216278,,,1407760.0,5543,1851,1404068.0,,44372.0,48582.0,92954,-54148,-54148,423059,368911,-249510,,195362,,,,,,,,,,,,,,,
2026,2,otc,2026-08-20,5460,同協,,,,43392.0,,1083,,,,,,,,,,,17840,,,0.1,133331.0,90198,,,43133.0,,,43133.0,-165,-424.0,7368.0,6944,5861,5861,11979,17840,5861,,,,,,,,,,,,,,,,,
2026,2,otc,2026-08-20,5464,霖宏,,,,95458.0,,6642,,,,,,,,,,,-14817,,,-0.21,617365.0,577650,,,39715.0,,,39715.0,,-55743.0,47568.0,-8175,-14817,-14817,,-14817,-14817,,,,,,,,,,,,,,,,,
2026,2,otc,2026-08-20,5465,富驊,,,,168963.0,,10414,,,,,,,,,,,250572,,49936,0.98,2009633.0,1673628,,,336005.0,,,336005.0,,167042.0,11926.0,178968,168554,168554,131954,300508,144563,,23991,,,,,,,,,,,,,,,
2026,2,otc,2026-08-20,5468,凱鈺,,,,22398.0,,0,,,,,,,,,,,8044,,,0.14,83625.0,53756,,,29869.0,,,29869.0,,7471.0,573.0,8044,8044,8044,,8044,8044,,,,,,,,,,,,,,,,,
2026,2,otc,2026-08-20,5474,聰泰,,,,196273.0,,3958,,,,,,,,,,,,,,2.52,684944.0,403209,,,281735.0,,,281735.0,,85462.0,18860.0,104322,100364,100364,,100364,,,,,,,,,,,,,,,,,,
2026,2,otc,2026-08-20,5475,德宏,,,,128301.0,,,,,,,,,,,,,197015,,-272,1.19,829522.0,552231,,,277291.0,,,277291.0,,148990.0,2499.0,151489,151489,151489,45254,196743,151761,,-272,,,,,,,,,,,,,,,
2026,2,otc,2026-08-20,5478,智冠,,,,1277456.0,,193185,,,,,,,,,,,912622,,49231,4.71,3615718.0,1539398,,,2076320.0,,,2076320.0,,798864.0,141171.0,940035,746850,746850,215003,961853,703688,,43162,,,,,,,,,,,,,,,
2026,2,otc,2026-08-20,5481,新華,,,,34196.0,,720,,,,,,,,,,,-15177,,0,-0.23,43113.0,22736,,,20377.0,,,20377.0,,-13819.0,-637.0,-14456,-15176,-15176,-1,-15177,-15176,,0,,,,,,,,,,,,,,,
2026,2,otc,2026-08-20,5483,中美晶,,,,4738206.0,,1638681,,,,,,,,,,,3217294,,4447057,5.02,40501143.0,31212737,,,9288406.0,,,9288406.0,,4550200.0,4151118.0,8701318,7062637,7062637,601714,7664351,3084540,,3978097,,,,,,,,,,,,,,,
2026,2,otc,2026-08-20,5487,通泰,,,,39320.0,,782,,,,,,,,,,,-320,,0,-0.13,81954.0,53673,,,28281.0,,,28281.0,,-11039.0,8595.0,-2444,-3226,-3226,2906,-320,-3226,,0,,,,,,,,,,,,,,,
2026,2,otc,2026-08-20,5488,松普,,,,54366.0,,6536,,,,,,,,,,,55754,,,0.03,483705.0,411481,,,72224.0,,,72224.0,,17858.0,-8503.0,9355,2819,2819,52935,55754,2819,,,,,,,,,,,,,,,,,
2026,2,otc,2026-08-20,5489,彩富,,,,208189.0,,13488,,,,,,,,,,,73713,,31,0.74,912818.0,634538,,,278280.0,,,278280.0,,70091.0,16972.0,87063,73575,73575,169,73744,73544,,31,,,,,,,,,,,,,,,
2026,2,otc,2026-08-20,5490,同亨,,,,248949.0,,25524,,,,,,,,,,,137141,,,1.29,899394.0,507072,,,392322.0,,,392322.0,,143373.0,2561.0,145934,120410,120410,16731,137141,120410,,,,,,,,,,,,,,,,,
2026,2,otc,2026-08-20,5493,三聯,,,,153163.0,,60148,,,,,,,,,,,-96097,,141361,2.76,3086696.0,2699885,,,386811.0,,,386811.0,,233648.0,88189.0,321837,261689,261689,-216425,45264,120615,,141074,,,,,,,,,,,,,,,
2026,2,otc,2026-08-20,5498,凱崴,,,,93447.0,,23982,,,,,,,,,,,137900,,3653,0.18,1030309.0,870635,,,159674.0,,,159674.0,,66227.0,-4390.0,61837,37855,37855,103698,141553,34202,,3653,,,,,,,,,,,,,,,
2026,2,otc,2026-08-20,5508,永信建,,,,156886.0,,95093,,,,,,,,,,,380742,,,1.75,1731027.0,1050032,,,680995.0,,,680995.0,,524109.0,-48274.0,475835,380742,380742,,380742,380742,,,,,,,,,,,,,,,,,
2026,2,otc,2026-08-20,5511,德昌,,,,257542.0,,192497,,,,,,,,,,,752989,,-6273,5.53,5348633.0,4283213,,,1065420.0,,,1065420.0,,807878.0,130885.0,938763,746266,746266,450,746716,752539,,-6273,,,,,,,,,,,,,,,
2026,2,otc,2026-08-20,5512,力麒,,,,259928.0,,120009,,,,,,,,,,,13933,,191760,0.06,2964295.0,2207606,,,756689.0,,,756689.0,14909,511670.0,-139503.0,372167,252158,252158,-46465,205693,46271,,205887,,,,,,,,,,,,,,,
2026,2,otc,2026-08-20,5514,三豐,,,,33901.0,,27707,,,,,,,,,,,301040,,-12,0.27,673608.0,552928,,,120680.0,,,120680.0,,86779.0,1289.0,88068,60361,60361,240667,301028,60373,,-12,,,,,,,,,,,,,,,
2026,2,otc,2026-08-20,5516,雙喜,,,,26377.0,,6154,,,,,,,,,,,,,,0.47,1238115.0,1161723,,,76392.0,,,76392.0,,50015.0,-19820.0,30195,24041,24041,-80,23961,,,,,,,,,,,,,,,,,,
2026,2,otc,2026-08-20,5520,力泰,,,,95187.0,,77632,,,,,,,,,,,703493,,2979,5.14,1929569.0,1464903,,,464666.0,,,464666.0,,369479.0,19422.0,388901,311269,311269,395203,706472,308326,,2943,,,,,,,,,,,,,,,
2026,2,otc,2026-08-20,5523,豐謙,,,,14625.0,,0,,,,,,,,,,,-10265,,0,-0.07,2260.0,266,,,1994.0,,,1994.0,,-12631.0,1366.0,-11265,-11265,-11265,1000,-10265,-11265,,0,,,,,,,,,,,,,,,
2026,2,otc,2026-08-20,5529,鉅陞,,,,80669.0,,13234,,,,,,,,,,,123565,,,1.17,570348.0,366240,,,204108.0,,,204108.0,,123439.0,13360.0,136799,123565,123565,,123565,123565,,,,,,,,,,,,,,,,,
2026,2,otc,2026-08-20,5530,龍巖,,,,746862.0,,97549,,,,,,,,,,,2714512,,2031,1.69,2048327.0,798616,,,1249711.0,,,1249711.0,34672,537521.0,269192.0,806713,709164,709164,2007379,2716543,708065,,1099,,,,,,,,,,,,,,,
2026,2,otc,2026-08-20,5536,聖暉*,,,,1281191.0,,1045443,,,,,,,,,,,5274883,,1047126,23.73,24984399.0,19277955,,,5706444.0,,,5706444.0,,4425253.0,177758.0,4603011,3557568,3557568,2764441,6322009,2943825,,613743,,,,,,,,,,,,,,,
2026,2,otc,2026-08-20,5547,久舜,,,,71930.0,,14459,,,,,,,,,,,54839,,,1.1,1215381.0,1075616,,,139765.0,,,139765.0,,67835.0,1463.0,69298,54839,54839,,54839,54839,,,,,,,,,,,,,,,,,
2026,2,otc,2026-08-20,5548,安倉,,,,75433.0,,9947,,,,,,,,,,,,,,0.64,1309603.0,1195176,,,114427.0,,,114427.0,,38994.0,10709.0,49703,39756,39756,,39756,,,,,,,,,,,,,,,,,,
2026,2,otc,2026-08-20,5601,台聯櫃,,,,12289.0,,3285,,,,,,,,,,,,,,0.2,46810.0,18681,,,28129.0,,,28129.0,0,15840.0,668.0,16508,13223,13223,,13223,,,,,,,,,,,,,,,,,,
2026,2,otc,2026-08-20,5603,陸海,,,,87963.0,,759,,,,,,,,,,,28933,,1720,0.06,710302.0,621708,,,88594.0,,,88594.0,,631.0,8229.0,8860,8101,8101,22552,30653,6381,,1720,,,,,,,,,,,,,,,
2026,2,otc,2026-08-20,5604,中連,,,,10527.0,,11570,,0,,,,,,,,,68366,,,0.63,81850.0,13930,,,67920.0,,,67920.0,,57393.0,22543.0,79936,68366,68366,0,68366,68366,,,,,,,,,,,,,,,,,
2026,2,otc,2026-08-20,5609,中菲行,,,,1479549.0,,108411,,,,,,,,,,,745173,,-2079,4.03,16716233.0,14596546,,,2119687.0,,,2119687.0,,640138.0,35991.0,676129,567718,567718,175376,743094,567857,,-139,,,,,,,,,,,,,,,
2026,2,otc,2026-08-20,5701,劍湖山,,,,141191.0,,,,,,,,,,,,,-88107,,,-0.48,227358.0,133954,,,93404.0,,,93404.0,,-47787.0,-21348.0,-69135,-69135,-69135,-18972,-88107,-69135,,,,,,,,,,,,,,,,,
2026,2,otc,2026-08-20,5703,亞都麗緻,,,,84173.0,,7339,,0,,,,,,,,,30162,,,0.43,250744.0,131345,,,119399.0,0,0,119399.0,,35226.0,2136.0,37362,30023,30023,139,30162,30023,,,,,,,,,,,,,,,,,
2026,2,otc,2026-08-20,5704,老爺知,,,,46805.0,,-186,,,,,,,,,,,,,,-0.27,101696.0,73844,,,27852.0,,,27852.0,,-18953.0,3686.0,-15267,-15081,-15081,,-15081,,,,,,,,,,,,,,,,,,
2026,2,otc,2026-08-20,5864,致和證,,,,,,70013,,,,,,,,,,,,,,9.8,,,,,,,,,,,,5012448,4942435,4942435,,4958901,,,,,,,,,,,,,,5225386.0,255108.0,4970278.0,42170.0,16466.0
2026,2,otc,2026-08-20,5878,台名,,,,53064.0,,7758,,,,,,,,,,,46900,,,1.3,444799.0,355312,,,89487.0,,,89487.0,,36423.0,3974.0,40397,32639,32639,14261,46900,32639,,,,,,,,,,,,,,,,,
2026,2,otc,2026-08-20,5902,德記,,,,154499.0,,26731,,,,,,,,,,,99848,,,1.05,1089360.0,813384,,,275976.0,,,275976.0,,121477.0,4903.0,126380,99649,99649,199,99848,99649,,,,,,,,,,,,,,,,,
2026,2,otc,2026-08-20,5903,全家,,,,19242283.0,,160441,,,,,,,,,,,824243,,35733,3.69,56986130.0,36889913,,,20096217.0,,,20096217.0,,853934.0,166562.0,1020496,860055,860055,-79,859976,824681,,35374,,,,,,,,,,,,,,,
2026,2,otc,2026-08-20,5904,寶雅*,,,,4019203.0,,457641,,,,,,,,,,,,,,17.45,14026979.0,7709645,,,6317334.0,,,6317334.0,,2298131.0,17129.0,2315260,1857619,1857619,,1857619,,,,,,,,,,,,,,,,,,
2026,2,otc,2026-08-20,5905,南仁湖,,,,503757.0,,17849,,,,,,,,,,,26544,,-13637,0.06,1922675.0,1403648,,,519027.0,,,519027.0,,15270.0,7437.0,22707,4858,4858,8049,12907,16433,,-11575,,,,,,,,,,,,,,,
2026,2,otc,2026-08-20,6023,元大期貨,,,,,,417840,,,,,,,,1543614,,,1819642,,,4.19,,,,,,,,,,,,1961454,1543614,1543614,,1819642,,,,,,,,,,,,,,2478953.0,2893349.0,-414396.0,2375850.0,276028.0
2026,2,otc,2026-08-20,6026,福邦證,,,,,,80236,,,,,,,,427236,,0,727219,,,1.08,,,,,,,,,,,,507472,427236,427236,,727219,,,,,,,,,,,,,,954050.0,386428.0,567622.0,-60150.0,299983.0
2026,2,otc,2026-08-20,6028,公勝保經,,,,235543.0,,43557,,,,,,,,,,,172578,,,7.31,3078400.0,2627943,,,450457.0,,,450457.0,,214914.0,1221.0,216135,172578,172578,,172578,172578,,,,,,,,,,,,,,,,,
2026,2,otc,2026-08-20,6101,寬魚國際,,,,48998.0,,937,,,,,,,,,,,143482,,,1.25,987898.0,835552,,,152346.0,,,152346.0,,103348.0,40944.0,144292,143355,143355,127,143482,143355,,,,,,,,,,,,,,,,,
2026,2,otc,2026-08-20,6103,合邦,,,,10861.0,,231,,,,,,,,,,,-5139,,,-0.38,42484.0,38479,,,4005.0,,,4005.0,,-6856.0,1948.0,-4908,-5139,-5139,0,-5139,-5139,,,,,,,,,,,,,,,,,
2026,2,otc,2026-08-20,6104,創惟,,,,657673.0,,40363,,,,,,,,,,,274328,,0,2.87,2115268.0,1163186,,,952082.0,,,952082.0,,294409.0,7208.0,301617,261254,261254,13074,274328,261254,,0,,,,,,,,,,,,,,,
2026,2,otc,2026-08-20,6109,亞元,,,,127774.0,,-336,,,,,,,,,,,-38226,,108,-0.7,426779.0,334135,,,92644.0,,,92644.0,,-35130.0,-18823.0,-53953,-53617,-53617,15499,-38118,-53738,,121,,,,,,,,,,,,,,,
2026,2,otc,2026-08-20,6111,光聚晶電,,,,1843765.0,,52449,,,,,,,,,,,39916,,63655,0.39,6156659.0,4459756,,,1696903.0,,,1696903.0,,-146862.0,270909.0,124047,71598,71598,31973,103571,39698,,31900,,,,,,,,,,,,,,,
2026,2,otc,2026-08-20,6113,亞矽,,,,63936.0,,71,,,,,,,,,,,53199,,,0.79,494863.0,427106,,,67757.0,,,67757.0,,3821.0,37545.0,41366,41295,41295,11904,53199,41295,,,,,,,,,,,,,,,,,
2026,2,otc,2026-08-20,6114,久威,,,,40275.0,,23179,,0,,,,,,,,,50947,,,1.16,417362.0,357038,,,60324.0,,,60324.0,,20049.0,54204.0,74253,51074,51074,-127,50947,51074,,,,,,,,,,,,,,,,,
2026,2,otc,2026-08-20,6118,建達,,,,235686.0,,8552,,,,,,,,,,,-11173,,,-0.12,4820601.0,4583553,,,237048.0,,,237048.0,,1362.0,-3983.0,-2621,-11173,-11173,,-11173,-11173,,,,,,,,,,,,,,,,,
2026,2,otc,2026-08-20,6121,新普,,,,2614880.0,,1365080,,,,,,,,,,,3589428,,1144307,15.89,39386203.0,32244455,,,7141748.0,,,7141748.0,,4526868.0,683385.0,5210253,3845173,3845173,888562,4733735,2939301,,905872,,,,,,,,,,,,,,,
2026,2,otc,2026-08-20,6122,擎邦,,,,64116.0,,41225,,,,,,,,,,,91648,,,2.19,1875212.0,1607270,,,267942.0,,,267942.0,,203826.0,4794.0,208620,167395,167395,-75747,91648,167395,,,,,,,,,,,,,,,,,
2026,2,otc,2026-08-20,6123,上奇,,,,185584.0,,26573,,,,,,,,,,,144826,,45638,1.88,2223401.0,1919558,,,303843.0,,,303843.0,,118259.0,70471.0,188730,162157,162157,28307,190464,113669,,48488,,,,,,,,,,,,,,,
2026,2,otc,2026-08-20,6124,業強,,,,119134.0,,9788,,,,,,,,,,,104686,,4074,0.3,946971.0,806934,,,140037.0,,,140037.0,,20903.0,47574.0,68477,58689,58689,50071,108760,54615,,4074,,,,,,,,,,,,,,,
2026,2,otc,2026-08-20,6125,廣運,,,,599362.0,,4929,,,,,,,,,,,77777,,-119929,0.15,1858521.0,1439016,,,419505.0,,,419505.0,,-179857.0,81813.0,-98044,-102973,-102973,60821,-42152,38463,,-141436,,,,,,,,,,,,,,,
2026,2,otc,2026-08-20,6126,信音,,,,395719.0,,40236,,,,,,,,,,,224003,,207557,0.54,2913057.0,2355277,,,557780.0,,,557780.0,,162061.0,34204.0,196265,156029,156029,275531,431560,68865,,87164,,,,,,,,,,,,,,,
2026,2,otc,2026-08-20,6127,九豪,,,,144482.0,,-11754,,,,,,,,,,,-34401,,,-1.1,510232.0,484453,,,25779.0,,,25779.0,,-118703.0,-11419.0,-130122,-118368,-118368,83967,-34401,-118368,,,,,,,,,,,,,,,,,
2026,2,otc,2026-08-20,6129,普誠,,,,327816.0,,147,,,,,,,,,,,-15028,,2861,-0.2,721976.0,476804,,,245172.0,,,245172.0,,-82644.0,48778.0,-33866,-34013,-34013,21846,-12167,-36452,,2439,,,,,,,,,,,,,,,
2026,2,otc,2026-08-20,6130,上亞科技,,,,43119.0,,-7860,,,,,,,,,,,-2423,,-1689,-0.03,88969.0,54359,,,34610.0,,,34610.0,,-8509.0,-2497.0,-11006,-3146,-3146,-966,-4112,-1457,,-1689,,,,,,,,,,,,,,,
2026,2,otc,2026-08-20,6134,萬旭,,,,212411.0,,11138,,,,,,,,,,,222585,,3880,0.42,1211609.0,949476,,,262133.0,,,262133.0,,49722.0,-1947.0,47775,36637,36637,189828,226465,34122,,2515,,,,,,,,,,,,,,,
2026,2,otc,2026-08-20,6138,茂達,,,,767376.0,,166956,,,,,,,,,,,561330,,157724,7.64,4042715.0,2479055,,,1563660.0,,,1563660.0,,796284.0,88156.0,884440,717484,717484,1570,719054,559760,,157724,,,,,,,,,,,,,,,
2026,2,otc,2026-08-20,6140,訊達電腦,,,,66360.0,,9337,,,,,,,,,,,39319,,,0.6,884731.0,804421,,,80310.0,,,80310.0,,13950.0,28326.0,42276,32939,32939,6380,39319,32939,,,,,,,,,,,,,,,,,
2026,2,otc,2026-08-20,6143,振曜,,,,461151.0,,95741,,,,,,,,,,,272777,,158182,3.03,4312091.0,3400317,,,911774.0,,,911774.0,,450623.0,51581.0,502204,406463,406463,24496,430959,260420,,146043,,,,,,,,,,,,,,,
2026,2,otc,2026-08-20,6144,得利影,,,,44668.0,,0,,,,,,,,,,,,,,0.1,76028.0,45338,,,30690.0,,,30690.0,,-13978.0,17790.0,3812,3812,3812,5407,9219,,,,,,,,,,,,,,,,,,
2026,2,otc,2026-08-20,6146,耕興,,,,380474.0,,146229,,,,,,,,,,,799212,,42196,6.04,2433737.0,1299456,,,1134281.0,,,1134281.0,,753807.0,28213.0,782020,635791,635791,205617,841408,615348,,20443,,,,,,,,,,,,,,,
2026,2,otc,2026-08-20,6147,頎邦,,,,1293984.0,,476274,,,,,,,,,,,12644847,,,1.87,12388063.0,9028124,,,3359939.0,,,3359939.0,,2065955.0,-202268.0,1863687,1387413,1387413,11257434,12644847,1387413,,,,,,,,,,,,,,,,,
2026,2,otc,2026-08-20,6148,驊宏資,,,,54119.0,,1464,,0,,,,,,,,,8068,,0,0.17,242347.0,180014,,,62333.0,,,62333.0,,8214.0,1318.0,9532,8068,8068,0,8068,8068,,0,,,,,,,,,,,,,,,
2026,2,otc,2026-08-20,6150,撼訊,,,,211262.0,,39961,,,,,,,,,,,138870,,-1521,2.46,2592084.0,2206962,,,385122.0,,,385122.0,,173860.0,-16421.0,157439,117478,117478,19871,137349,118999,,-1521,,,,,,,,,,,,,,,
2026,2,otc,2026-08-20,6151,晉倫,,,,122443.0,,36621,,,,,,,,,,,122085,,0,1.91,957049.0,701375,,,255674.0,,,255674.0,,133231.0,8761.0,141992,105371,105371,16714,122085,105371,,0,,,,,,,,,,,,,,,
2026,2,otc,2026-08-20,6154,順發,,,,314953.0,,15143,,,,,,,,,,,65938,,,0.75,2008775.0,1619493,,,389282.0,,,389282.0,,74329.0,747.0,75076,59933,59933,6005,65938,59933,,,,,,,,,,,,,,,,,
2026,2,otc,2026-08-20,6156,松上,,,,403715.0,,49204,,,,,,,,,,,68300,,67336,0.08,3105143.0,2658072,,,447071.0,,,447071.0,,43356.0,56332.0,99688,50484,50484,85152,135636,8761,,41723,,,,,,,,,,,,,,,
2026,2,otc,2026-08-20,6158,禾昌,,,,211345.0,,-19296,,,,,,,,,,,5200,,,-1.25,896543.0,757979,,,138564.0,,,138564.0,,-72781.0,-13993.0,-86774,-67478,-67478,72678,5200,-67478,,,,,,,,,,,,,,,,,
2026,2,otc,2026-08-20,6160,欣技,,,,246924.0,,-1730,,,,,,,,,,,-55711,,-163,-0.82,513507.0,329169,,,184338.0,,,184338.0,,-62586.0,4483.0,-58103,-56373,-56373,499,-55874,-56210,,-163,,,,,,,,,,,,,,,
2026,2,otc,2026-08-20,6161,捷波,,,,173376.0,,32253,,,,,,,,,,,162668,,,2.56,799799.0,516598,,,283201.0,,,283201.0,,109825.0,66126.0,175951,143698,143698,18970,162668,143698,,,,,,,,,,,,,,,,,
2026,2,otc,2026-08-20,6163,華電網,,,,557739.0,,6611,,,,,,,,,,,67631,,-2846,-0.18,3030648.0,2500886,,,529762.0,,,529762.0,,-27977.0,4625.0,-23352,-29963,-29963,94748,64785,-27117,,-2846,,,,,,,,,,,,,,,
2026,2,otc,2026-08-20,6167,久正,,,,106637.0,,659,,,,,,,,,,,2155,,0,-0.16,612891.0,580847,,,32044.0,,,32044.0,,-74593.0,51739.0,-22854,-23513,-23513,25668,2155,-23513,,0,,,,,,,,,,,,,,,
2026,2,otc,2026-08-20,6169,昱泉,,,,35277.0,,-20,,,,,,,,,,,-33288,,,-1.4,248.0,1839,,,-1591.0,,,-1591.0,,-36868.0,4131.0,-32737,-32717,-32717,-571,-33288,-32717,,,,,,,,,,,,,,,,,
2026,2,otc,2026-08-20,6170,統振,,,,359068.0,,51834,,,,,,,,,,,214433,,1135,2.18,1588620.0,1074077,,,514543.0,,,514543.0,,155475.0,109972.0,265447,213613,213613,1955,215568,212478,,1135,,,,,,,,,,,,,,,
2026,2,otc,2026-08-20,6171,大城地產,,,,18030.0,,17959,,,,,,,,,,,,,,0.36,138802.0,68301,,,70501.0,,,70501.0,,52471.0,1145.0,53616,35657,35657,,35657,,,,,,,,,,,,,,,,,,
2026,2,otc,2026-08-20,6173,信昌電,,,,171836.0,,131509,,,,,,,,,,,1451216,,,2.98,2392252.0,1707324,,,684928.0,,,684928.0,,513092.0,129265.0,642357,510848,510848,940368,1451216,510848,,,,,,,,,,,,,,,,,
2026,2,otc,2026-08-20,6174,安碁,,,,85003.0,,7103,,,,,,,,,,,29348,,,0.77,364370.0,232085,,,132285.0,,,132285.0,,47282.0,-1639.0,45643,38540,38540,-9192,29348,38540,,,,,,,,,,,,,,,,,
2026,2,otc,2026-08-20,6175,立敦,,,,196817.0,,64978,,,,,,,,,,,420578,,114266,1.7,2534861.0,1985101,,,549760.0,,,549760.0,,352943.0,38852.0,391795,326817,326817,208027,534844,254586,,72231,,,,,,,,,,,,,,,
2026,2,otc,2026-08-20,6179,亞通,,,,164044.0,,49146,,,,,,,,,,,168129,,-11394,1.2,3815408.0,3334061,,,481347.0,,,481347.0,,317303.0,-89831.0,227472,178326,178326,-21591,156735,189720,,-11394,,,,,,,,,,,,,,,
2026,2,otc,2026-08-20,6180,橘子,,,,1252374.0,,-34102,,,,,,,,,,,-52299,,12522,-0.26,4418005.0,3236529,,,1181476.0,,,1181476.0,,-70898.0,962.0,-69936,-35834,-35834,-3943,-39777,-44800,,8966,,,,,,,,,,,,,,,
2026,2,otc,2026-08-20,6182,合晶,,,,968659.0,,29290,,,,,,,,,,,321524,,527223,0.06,5189987.0,4104487,,,1085500.0,,,1085500.0,,116841.0,-4829.0,112012,82722,82722,766025,848747,33298,,49424,,,,,,,,,,,,,,,
2026,2,otc,2026-08-20,6185,幃翔,,,,107825.0,,1556,,,,,,,,,,,36091,,,-0.02,349325.0,302546,,,46779.0,,,46779.0,,-61046.0,58993.0,-2053,-3609,-3609,39700,36091,-3609,,,,,,,,,,,,,,,,,
2026,2,otc,2026-08-20,6186,新潤,,,,304702.0,,158105,,,,,,,,,,,,,,2.25,3859377.0,2976420,,,882957.0,,,882957.0,,578255.0,18863.0,597118,439013,439013,,439013,,,,,,,,,,,,,,,,,,
2026,2,otc,2026-08-20,6187,萬潤,,,,909397.0,,208385,,,,,,,,,,,2093515,,-15543,11.9,3766081.0,1745574,,,2020507.0,,,2020507.0,,1111110.0,233162.0,1344272,1135887,1135887,942085,2077972,1151430,,-15543,,,,,,,,,,,,,,,
2026,2,otc,2026-08-20,6188,廣明,,,,881508.0,,98662,,,,,,,,,,,493386,,72288,0.99,4136813.0,3053180,,,1083633.0,,,1083633.0,,202125.0,235699.0,437824,339162,339162,226512,565674,275019,,64143,,,,,,,,,,,,,,,
2026,2,otc,2026-08-20,6190,萬泰科,,,,479568.0,,97416,,,,,,,,,,,302947,,34304,1.35,5470580.0,4636554,,,834026.0,,,834026.0,,354458.0,24092.0,378550,281134,281134,56117,337251,248501,,32633,,,,,,,,,,,,,,,
2026,2,otc,2026-08-20,6194,育富,,,,39529.0,,6421,,,,,,,,,,,59075,,,0.09,488351.0,450254,,,38097.0,,,38097.0,,-1432.0,12310.0,10878,4457,4457,54618,59075,4457,,,,,,,,,,,,,,,,,
2026,2,otc,2026-08-20,6195,詩肯,,,,615629.0,,24544,,,,,,,,,,,88434,,0,1.73,1275551.0,543753,,,731798.0,,,731798.0,,116169.0,-4590.0,111579,87035,87035,1399,88434,87035,,0,,,,,,,,,,,,,,,
2026,2,otc,2026-08-20,6198,瑞築,,,,30609.0,,3696,,,,,,,,,,,-32298,,-33,-0.19,118.0,34,,,84.0,,,84.0,,-30525.0,1884.0,-28641,-32337,-32337,6,-32331,-32304,,-33,,,,,,,,,,,,,,,
2026,2,otc,2026-08-20,6199,天品,,,,41955.0,,53381,,0,,,,,,,,,104456,,7973,2.07,483490.0,269048,,,214442.0,,,214442.0,,172487.0,16899.0,189386,136005,136005,-23576,112429,128020,,7985,,,,,,,,,,,,,,,
2026,2,otc,2026-08-20,6203,海韻電,,,,193442.0,,57908,,,,,,,,,,,162857,,,1.89,1013245.0,706867,,,306378.0,,,306378.0,,112936.0,100520.0,213456,155548,155548,7309,162857,155548,,,,,,,,,,,,,,,,,
2026,2,otc,2026-08-20,6204,艾華,,,,53238.0,,4982,,,,,,,,,,,1214,,,0.48,206596.0,136986,,,69610.0,,,69610.0,,16372.0,-253.0,16119,11137,11137,-9923,1214,11137,,,,,,,,,,,,,,,,,
2026,2,otc,2026-08-20,6207,雷科,,,,152601.0,,10908,,,,,,,,,,,276110,,-291,1.11,604501.0,417734,,,186767.0,,,186767.0,,34166.0,66705.0,100871,89963,89963,185856,275819,90254,,-291,,,,,,,,,,,,,,,
2026,2,otc,2026-08-20,6208,日揚,,,,386295.0,,22047,,,,,,,,,,,318051,,-6864,3.12,1763796.0,1230171,,,533625.0,,,533625.0,,147330.0,162731.0,310061,288014,288014,23173,311187,294878,,-6864,,,,,,,,,,,,,,,
2026,2,otc,2026-08-20,6210,慶生,,,,26365.0,,-54,,,,,,,,,,,,,,-0.63,214262.0,210754,,,3508.0,,,3508.0,-630,-23487.0,1496.0,-21991,-21937,-21937,,-21937,,,,,,,,,,,,,,,,,,
2026,2,otc,2026-08-20,6212,理銘,,,,55101.0,,47299,,,,,,,,,,,,,,0.96,551396.0,337509,,,213887.0,,,213887.0,,158786.0,-13143.0,145643,98344,98344,0,98344,,,,,,,,,,,,,,,,,,
2026,2,otc,2026-08-20,6217,中探針,,,,514685.0,,-12002,,,,,,,,,,,28811,,-1647,-0.19,2272219.0,1786637,,,485582.0,,,485582.0,,-29103.0,-6540.0,-35643,-23641,-23641,50805,27164,-21604,,-2037,,,,,,,,,,,,,,,
2026,2,otc,2026-08-20,6218,豪勉,,,,131022.0,,11587,,,,,,,,,,,151995,,0,2.41,800866.0,616920,,,183946.0,,,183946.0,,52924.0,113592.0,166516,154929,154929,-2934,151995,154929,,0,,,,,,,,,,,,,,,
2026,2,otc,2026-08-20,6219,富旺,,,,230950.0,,5669,,,,,,,,,,,-8969,,,-0.07,1274643.0,976070,,,298573.0,,,298573.0,,67623.0,-71123.0,-3500,-9169,-9169,200,-8969,-9169,,,,,,,,,,,,,,,,,
2026,2,otc,2026-08-20,6220,岳豐,,,,1094158.0,,48002,,,,,,,,,,,51053,,0,-0.03,4947052.0,3663895,,,1283157.0,,,1283157.0,,188999.0,-145781.0,43218,-4784,-4784,55837,51053,-4784,,0,,,,,,,,,,,,,,,
2026,2,otc,2026-08-20,6221,晉泰,,,,286414.0,,69994,,,,,,,,,,,117952,,0,1.22,1964949.0,1440402,,,524547.0,,,524547.0,,238133.0,37682.0,275815,205821,205821,-87869,117952,205821,,0,,,,,,,,,,,,,,,
2026,2,otc,2026-08-20,6222,立軒,,,,10535.0,,11,,,,,,,,,,,-24975,,0,-0.1,1351.0,1029,,,322.0,,,322.0,,-10213.0,1288.0,-8925,-8936,-8936,-16039,-24975,-8936,,0,,,,,,,,,,,,,,,
2026,2,otc,2026-08-20,6223,旺矽,,,,2318069.0,,674624,,-5348,,,,,,,,,3032142,,0,28.08,9166454.0,3773524,,,5392930.0,,,5392930.0,,3074861.0,356410.0,3431271,2756647,2751299,280843,3032142,2751299,,0,,,,,,,,,,,,,,,
2026,2,otc,2026-08-20,6227,茂綸,,,,445724.0,,145094,,,,,,,,,,,524480,,14781,6.84,11834408.0,10687321,,,1147087.0,,,1147087.0,,701363.0,-21183.0,680180,535086,535086,4175,539261,520305,,14781,,,,,,,,,,,,,,,
2026,2,otc,2026-08-20,6228,全譜,,,,18146.0,,,,,,,,,,,,,-7391,,,-0.29,23224.0,14717,,,8507.0,,,8507.0,,-9639.0,2081.0,-7558,-7558,-7558,167,-7391,-7558,,,,,,,,,,,,,,,,,
2026,2,otc,2026-08-20,6229,研通,,,,119028.0,,8359,,,,,,,,,,,42442,,,0.75,1468606.0,1329953,,,138653.0,,,138653.0,,19625.0,19015.0,38640,30281,30281,12161,42442,30281,,,,,,,,,,,,,,,,,
2026,2,otc,2026-08-20,6231,系微,,,,490235.0,,58813,,,,,,,,,,,175365,,,3.63,903566.0,206084,,,697482.0,,,697482.0,,207247.0,17179.0,224426,165613,165613,9752,175365,165613,,,,,,,,,,,,,,,,,
2026,2,otc,2026-08-20,6233,旺玖,,,,97549.0,,33,,,,,,,,,,,203623,,,0.22,194933.0,107432,,,87501.0,,,87501.0,,-10048.0,28097.0,18049,18016,18016,185607,203623,18016,,,,,,,,,,,,,,,,,
2026,2,otc,2026-08-20,6234,高僑,,,,26776.0,,11687,,,,,,,,,,,56886,,,0.32,276427.0,254237,,,22190.0,,,22190.0,,-4586.0,48876.0,44290,32603,32603,24283,56886,32603,,,,,,,,,,,,,,,,,
2026,2,otc,2026-08-20,6236,中湛,,,,14511.0,,0,,,,,,,,,,,939,,,0.0,16062.0,2701,,,13361.0,,,13361.0,,-1150.0,1098.0,-52,-52,-52,991,939,-52,,,,,,,,,,,,,,,,,
2026,2,otc,2026-08-20,6237,驊訊,,,,153543.0,,65,,,,,,,,,,,-33769,,0,-0.43,290236.0,173675,,,116561.0,,,116561.0,,-36982.0,2925.0,-34057,-34122,-34122,353,-33769,-34122,,0,,,,,,,,,,,,,,,
2026,2,otc,2026-08-20,6240,松崗,,,,12523.0,,-34,,,,,,,,,,,-65238,,,-0.59,24989.0,11801,,,13188.0,,,13188.0,,665.0,-14122.0,-13457,-13423,-13423,-51815,-65238,-13423,,,,,,,,,,,,,,,,,
2026,2,otc,2026-08-20,6241,鑫永洋,,,,36274.0,,,,,,,,,,,,,,,,0.38,354557.0,295630,,,58927.0,,,58927.0,,22653.0,-9207.0,13446,13446,13446,,13446,,,,,,,,,,,,,,,,,,
2026,2,otc,2026-08-20,6242,立康,,,,150069.0,,8152,,,,,,,,,,,35229,,,1.11,283549.0,93630,,,189919.0,,,189919.0,,39850.0,3501.0,43351,35199,35199,30,35229,35199,,,,,,,,,,,,,,,,,
2026,2,otc,2026-08-20,6244,茂迪,,,,184785.0,,16579,,,,,,,,,,,245075,,4230,0.46,1672211.0,1343709,,,328502.0,,,328502.0,,143717.0,50824.0,194541,177962,177962,71343,249305,176781,,1181,,,,,,,,,,,,,,,
2026,2,otc,2026-08-20,6245,立端,,,,769536.0,,58723,,,,,,,,,,,309632,,,1.81,3468386.0,2416042,,,1052344.0,,,1052344.0,,282808.0,41089.0,323897,265174,265174,44458,309632,265174,,,,,,,,,,,,,,,,,
2026,2,otc,2026-08-20,6246,臺龍,,,,78757.0,,-2870,,,,,,,,,,,-14360,,,-0.91,619323.0,562144,,,57179.0,,,57179.0,,-21578.0,-15912.0,-37490,-34620,-34620,20260,-14360,-34620,,,,,,,,,,,,,,,,,
2026,2,otc,2026-08-20,6248,沛波,,,,115669.0,,14856,,,,,,,,,,,33358,,,0.59,3110470.0,2904665,,,205805.0,,,205805.0,,90136.0,-17990.0,72146,57290,57290,-23932,33358,57290,,,,,,,,,,,,,,,,,
2026,2,otc,2026-08-20,6259,百徽,,,,60312.0,,2504,,,,,,,,,,,35042,,106,1.05,365786.0,284146,,,81640.0,,,81640.0,,21328.0,10414.0,31742,29238,29238,5910,35148,29132,,106,,,,,,,,,,,,,,,
2026,2,otc,2026-08-20,6261,久元,,,,467121.0,,20209,,,,,,,,,,,489996,,-9718,2.21,2139005.0,1493072,,,645933.0,,,645933.0,37203,216015.0,71592.0,287607,267398,267398,212880,480278,283627,,-16229,,,,,,,,,,,,,,,
2026,2,otc,2026-08-20,6263,普萊德,,,,138562.0,,61464,,,,,,,,,,,283729,,0,4.54,967490.0,502398,,,465092.0,,,465092.0,,326530.0,18663.0,345193,283729,283729,,283729,283729,,0,,,,,,,,,,,,,,,
2026,2,otc,2026-08-20,6264,富裔,,,,72117.0,,2428,,,,,,,,,,,-67901,,-16486,-0.5,44155.0,24244,,,19911.0,,,19911.0,,-52206.0,-29753.0,-81959,-84387,-84387,,-84387,-67901,,-16486,,,,,,,,,,,,,,,
2026,2,otc,2026-08-20,6265,方土昶,,,,68413.0,,161811,,,,,,,,,,,769578,,,6.44,2425951.0,1543294,,,882657.0,,,882657.0,,814244.0,108475.0,922719,760908,760908,8670,769578,760908,,,,,,,,,,,,,,,,,
2026,2,otc,2026-08-20,6266,泰詠,,,,107111.0,,31811,,,,,,,,,,,164819,,,0.92,1550075.0,1287374,,,262701.0,,,262701.0,,155590.0,17516.0,173106,141295,141295,23524,164819,141295,,,,,,,,,,,,,,,,,
2026,2,otc,2026-08-20,6270,倍微,,,,111085.0,,4171,,,,,,,,,,,456829,,,0.57,1675616.0,1525795,,,149821.0,,,149821.0,,38736.0,6795.0,45531,41360,41360,415469,456829,41360,,,,,,,,,,,,,,,,,
2026,2,otc,2026-08-20,6274,台燿,,,,1592657.0,,1699074,,,,,,,,,,,4060719,,,12.4,24355008.0,17576879,,,6778129.0,,,6778129.0,,5185472.0,115316.0,5300788,3601714,3601714,459005,4060719,3601714,,,,,,,,,,,,,,,,,
2026,2,otc,2026-08-20,6275,元山,,,,312849.0,,19484,,,,,,,,,,,96176,,-587,0.97,2180819.0,1790459,,,390360.0,,,390360.0,,77511.0,19018.0,96529,77045,77045,18544,95589,77635,,-590,,,,,,,,,,,,,,,
2026,2,otc,2026-08-20,6276,安鈦克,,,,144808.0,,0,,,,,,,,,,,-104761,,0,-4.78,399400.0,344265,,,55135.0,,,55135.0,,-89673.0,-15596.0,-105269,-105269,-105269,508,-104761,-105269,,,,,,,,,,,,,,,,,
2026,2,otc,2026-08-20,6279,胡連,,,,770995.0,,132401,,,,,,,,,,,705299,,328,4.4,4869954.0,3537019,,,1332935.0,,,1332935.0,,561940.0,97582.0,659522,527121,527121,178506,705627,523914,,3207,,,,,,,,,,,,,,,
2026,2,otc,2026-08-20,6284,佳邦,,,,471470.0,,98525,,,,,,,,,,,1276237,,-4232,0.91,3566746.0,2898812,,,667934.0,,,667934.0,,196464.0,32021.0,228485,129960,129960,1142045,1272005,134192,,-4232,,,,,,,,,,,,,,,
2026,2,otc,2026-08-20,6290,良維,,,,824047.0,,229973,,,,,,,,,,,856036,,13845,4.5,5306328.0,3677135,,,1629193.0,,,1629193.0,142211,947357.0,50954.0,998311,768338,768338,101543,869881,763089,,5249,,,,,,,,,,,,,,,
2026,2,otc,2026-08-20,6291,沛亨,,,,194438.0,,68905,,,,,,,,,,,272088,,277,6.36,1362697.0,837192,,,525505.0,,,525505.0,,331067.0,4379.0,335446,266541,266541,5824,272365,266955,,-414,,,,,,,,,,,,,,,
2026,2,otc,2026-08-20,6292,迅德,,,,150782.0,,18959,,,,,,,,,,,167562,,,3.52,595054.0,364219,,,230835.0,,,230835.0,6184,86237.0,96573.0,182810,163851,163851,3711,167562,163851,,,,,,,,,,,,,,,,,
2026,2,otc,2026-08-20,6294,智基,,,,109997.0,,12547,,,,,,,,,,,55381,,,2.13,470773.0,281328,,,189445.0,,,189445.0,,79448.0,-11520.0,67928,55381,55381,,55381,55381,,,,,,,,,,,,,,,,,
2026,2,otc,2026-08-20,6411,晶焱,,,,398034.0,,40092,,,,,,,,,,,233394,,-24008,2.3,1353626.0,898751,,,454875.0,,,454875.0,,56841.0,181962.0,238803,198711,198711,10675,209386,223706,,-24995,,,,,,,,,,,,,,,
2026,2,otc,2026-08-20,6417,韋僑,,,,136062.0,,41769,,,,,,,,,,,152876,,,3.62,934153.0,610499,,,323654.0,,,323654.0,,187592.0,7011.0,194603,152834,152834,42,152876,152834,,,,,,,,,,,,,,,,,
2026,2,otc,2026-08-20,6418,詠昇,,,,67492.0,,2462,,,,,,,,,,,17922,,,0.24,436718.0,349999,,,86719.0,,,86719.0,,19227.0,-8513.0,10714,8252,8252,9670,17922,8252,,,,,,,,,,,,,,,,,
2026,2,otc,2026-08-20,6419,京晨科,,,,102481.0,,20832,,,,,,,,,,,257572,,0,19.43,668291.0,515789,,,152502.0,,,152502.0,,50021.0,226513.0,276534,255702,255702,1870,257572,255702,,0,,,,,,,,,,,,,,,
2026,2,otc,2026-08-20,6423,億而得,,,,102447.0,,7012,,,,,,,,,,,,,,0.49,125179.0,1345,,,123834.0,,,123834.0,,21387.0,356.0,21743,14731,14731,,14731,,,,,,,,,,,,,,,,,,
2026,2,otc,2026-08-20,6425,易發,,,,254543.0,,1911,,,,,,,,,,,29771,,456,0.66,874207.0,597932,,,276275.0,,,276275.0,,21732.0,14299.0,36031,34120,34120,-3893,30227,33664,,456,,,,,,,,,,,,,,,
2026,2,otc,2026-08-20,6432,今展科,,,,114118.0,,7961,,,,,,,,,,,77781,,,1.64,615980.0,480609,,,135371.0,,,135371.0,,21253.0,42317.0,63570,55609,55609,22172,77781,55609,,,,,,,,,,,,,,,,,
2026,2,otc,2026-08-20,6435,大中,,,,216163.0,,56299,,,,,,,,,,,,,,7.35,1898561.0,1379032,,,519529.0,,,519529.0,,303366.0,27810.0,331176,274877,274877,192293,467170,,,,,,,,,,,,,,,,,,
2026,2,otc,2026-08-20,6441,廣錠,,,,66207.0,,386,,,,,,,,,,,-140326,,-1244,-2.63,61350.0,133284,,,-71934.0,,,-71934.0,,-138141.0,-3045.0,-141186,-141572,-141572,2,-141570,-140328,,-1244,,,,,,,,,,,,,,,
2026,2,otc,2026-08-20,6461,益得,,,,114928.0,,0,,,,,,,,,,,,,,-1.22,36447.0,126177,,,-89730.0,,,-89730.0,,-204658.0,-9901.0,-214559,-214559,-214559,,-214559,,,,,,,,,,,,,,,,,,
2026,2,otc,2026-08-20,6462,神盾,,,,1812111.0,,-26291,,,,,,,,,,,-169272,,-222161,-3.05,3915190.0,2952794,,,962396.0,,,962396.0,,-849715.0,324034.0,-525681,-499390,-499390,107957,-391433,-277857,,-221533,,,,,,,,,,,,,,,
2026,2,otc,2026-08-20,6465,威潤,,,,74568.0,,2274,,,,,,,,,,,84603,,,1.8,155686.0,31125,,,124561.0,,,124561.0,,49993.0,37014.0,87007,84733,84733,-130,84603,84733,,,,,,,,,,,,,,,,,
2026,2,otc,2026-08-20,6469,大樹,,,,2474009.0,,39339,,,,,,,,,,,220811,,-11038,1.57,9578011.0,6879891,,,2698120.0,,,2698120.0,,224111.0,37641.0,261752,222413,222413,-12640,209773,235569,,-13156,,,,,,,,,,,,,,,
2026,2,otc,2026-08-20,6470,宇智,,,,90855.0,,-9709,,,,,,,,,,,42248,,,1.06,565325.0,470770,,,94555.0,,,94555.0,,3700.0,26678.0,30378,40087,40087,2161,42248,40087,,,,,,,,,,,,,,,,,
2026,2,otc,2026-08-20,6474,華豫寧,,,,340752.0,,23169,,,,,,,,,,,123549,,,2.05,2172752.0,1708751,,,464001.0,,,464001.0,,123249.0,7468.0,130717,107548,107548,16001,123549,107548,,,,,,,,,,,,,,,,,
2026,2,otc,2026-08-20,6482,弘煜科,,,,165630.0,,8329,,,,,,,,,,,11961,,118,0.47,188864.0,2502,,,186362.0,,,186362.0,,20732.0,1200.0,21932,13603,13603,-1524,12079,13383,,220,,,,,,,,,,,,,,,
2026,2,otc,2026-08-20,6485,點序,,,,404874.0,,-1921,,,,,,,,,,,-32220,,,-0.7,633586.0,279104,,,354482.0,,,354482.0,,-50392.0,16251.0,-34141,-32220,-32220,,-32220,-32220,,,,,,,,,,,,,,,,,
2026,2,otc,2026-08-20,6486,互動,,,,229231.0,,17503,,,,,,,,,,,53600,,-2467,1.05,1036087.0,747521,,,288566.0,,,288566.0,,59335.0,8902.0,68237,50734,50734,399,51133,53201,,-2467,,,,,,,,,,,,,,,
2026,2,otc,2026-08-20,6488,環球晶,,,,3155755.0,,1256685,,,,,,,,,,,6150799,,-112,11.87,29199108.0,23145169,,,6053939.0,,,6053939.0,,2898184.0,4033444.0,6931628,5674943,5674943,475744,6150687,5674905,,38,,,,,,,,,,,,,,,
2026,2,otc,2026-08-20,6492,生華科,,,,153989.0,,0,,,,,,,,,,,-148500,,,-1.67,480.0,210,,,270.0,,,270.0,,-153719.0,4388.0,-149331,-149331,-149331,831,-148500,-149331,,,,,,,,,,,,,,,,,
2026,2,otc,2026-08-20,6494,九齊,,,,175400.0,,14483,,,,,,,,,,,64914,,,1.98,827370.0,587850,,,239520.0,,,239520.0,,64120.0,12983.0,77103,62620,62620,2294,64914,62620,,,,,,,,,,,,,,,,,
2026,2,otc,2026-08-20,6496,科懋,,,,286677.0,,3210,,,,,,,,,,,-119083,,,-2.41,450547.0,279093,,,171454.0,,,171454.0,,-115223.0,6230.0,-108993,-112203,-112203,-6880,-119083,-112203,,,,,,,,,,,,,,,,,
2026,2,otc,2026-08-20,6498,久禾光,,,,113759.0,,60023,,,,,,,,,,,196690,,,3.6,723777.0,399429,,,324348.0,,,324348.0,,210589.0,19300.0,229889,169866,169866,26824,196690,169866,,,,,,,,,,,,,,,,,
2026,2,otc,2026-08-20,6499,益安,,,,300886.0,,23,,,,,,,,,,,-242449,,-27045,-2.54,220900.0,191630,,,29270.0,,,29270.0,,-271616.0,-2253.0,-273869,-273892,-273892,4398,-269494,-246623,,-27269,,,,,,,,,,,,,,,
2026,2,otc,2026-08-20,6506,雙邦,,,,103545.0,,24843,,,,,,,,,,,77761,,21637,0.94,1117038.0,889297,,,227741.0,,,227741.0,,124196.0,45.0,124241,99398,99398,0,99398,77761,,21637,,,,,,,,,,,,,,,
2026,2,otc,2026-08-20,6508,惠光,,,,165036.0,,21232,,,,,,,,,,,85052,,,0.88,908396.0,678035,,,230361.0,,,230361.0,2921,68246.0,28820.0,97066,75834,75834,9218,85052,75834,,,,,,,,,,,,,,,,,
2026,2,otc,2026-08-20,6509,聚和,,,,387435.0,,147395,,,,,,,,,,,578831,,,2.16,2716632.0,1747789,,,968843.0,,,968843.0,,581408.0,-9670.0,571738,424343,424343,154488,578831,424343,,,,,,,,,,,,,,,,,
2026,2,otc,2026-08-20,6510,精測,,,,746701.0,,182771,,,,,,,,,,,914778,,-4414,25.45,2996984.0,1283359,,,1713625.0,,,1713625.0,-9,966915.0,47239.0,1014154,831383,831383,78981,910364,835797,,-4414,,,,,,,,,,,,,,,
2026,2,otc,2026-08-20,6512,啟發電,,,,37648.0,,31,,,,,,,,,,,-22950,,,-0.91,51384.0,39081,,,12303.0,,,12303.0,,-25345.0,2426.0,-22919,-22950,-22950,,-22950,-22950,,,,,,,,,,,,,,,,,
2026,2,otc,2026-08-20,6516,勤崴國際,,,,105065.0,,9853,,,,,,,,,,,,,,1.32,325774.0,166834,,,158940.0,,,158940.0,-13,53862.0,29608.0,83470,73617,73617,-8936,64681,,,,,,,,,,,,,,,,,,
2026,2,otc,2026-08-20,6517,保勝光學,,,,50918.0,,8184,,,,,,,,,,,34018,,,1.11,217657.0,139132,,,78525.0,,,78525.0,,27607.0,14595.0,42202,34018,34018,,34018,34018,,,,,,,,,,,,,,,,,
2026,2,otc,2026-08-20,6523,達爾膚,,,,197479.0,,37495,,,,,,,,,,,99232,,,2.2,479218.0,165690,,,313528.0,,,313528.0,,116049.0,20678.0,136727,99232,99232,,99232,99232,,,,,,,,,,,,,,,,,
2026,2,otc,2026-08-20,6527,明達醫,,,,79371.0,,10348,,,,,,,,,,,76411,,,3.01,406087.0,243132,,,162955.0,,,162955.0,,83584.0,2932.0,86516,76168,76168,243,76411,76168,,,,,,,,,,,,,,,,,
2026,2,otc,2026-08-20,6530,創威,,,,37464.0,,10778,,,,,,,,,,,,,,1.29,186751.0,98479,,,88272.0,,,88272.0,,50808.0,3446.0,54254,43476,43476,,43476,,,,,,,,,,,,,,,,,,
2026,2,otc,2026-08-20,6532,瑞耘,,,,51581.0,,24409,,,,,,,,,,,75075,,,2.01,362994.0,220044,,,142950.0,,,142950.0,,91369.0,8358.0,99727,75318,75318,-243,75075,75318,,,,,,,,,,,,,,,,,
2026,2,otc,2026-08-20,6535,順藥,,,,190957.0,,0,,,,,,,,,,,-281566,,-2408,-1.7,9612.0,6176,,,3436.0,,,3436.0,,-187521.0,-96506.0,-284027,-284027,-284027,53,-283974,-281619,,-2408,,,,,,,,,,,,,,,
2026,2,otc,2026-08-20,6538,倉和,,,,180933.0,,29842,,,,,,,,,,,113068,,,2.1,692622.0,415775,,,276847.0,,,276847.0,,95914.0,11515.0,107429,77587,77587,35481,113068,77587,,,,,,,,,,,,,,,,,
2026,2,otc,2026-08-20,6542,隆中,,,,400159.0,,9617,,,,,,,,,,,13719,,124,0.28,507915.0,102382,,,405533.0,,,405533.0,,5374.0,16017.0,21391,11774,11774,2069,13843,11754,,20,,,,,,,,,,,,,,,
2026,2,otc,2026-08-20,6546,正基,,,,167271.0,,27678,,,,,,,,,,,239043,,1838,2.06,1097157.0,793086,,,304071.0,,,304071.0,,136800.0,30591.0,167391,139713,139713,101168,240881,137875,,1838,,,,,,,,,,,,,,,
2026,2,otc,2026-08-20,6547,高端疫苗,,,,183515.0,,0,,,,,,,,,,,-26408,,,-0.02,220979.0,47994,,,172985.0,,,172985.0,0,-10530.0,4541.0,-5989,-5989,-5989,-20419,-26408,-5989,,,,,,,,,,,,,,,,,
2026,2,otc,2026-08-20,6548,長科*,,,,633513.0,,278160,,,,,,,,,,,2734354,,104863,1.22,7986931.0,6209360,,,1777571.0,,,1777571.0,,1144058.0,293428.0,1437486,1159326,1159326,1679891,2839217,1124631,,34695,,,,,,,,,,,,,,,
2026,2,otc,2026-08-20,6556,勝品,,,,111426.0,,30751,,,,,,,,,,,115759,,4848,4.02,756040.0,500482,,,255558.0,,,255558.0,,144132.0,6771.0,150903,120152,120152,455,120607,115574,,4578,,,,,,,,,,,,,,,
2026,2,otc,2026-08-20,6560,欣普羅,,,,47543.0,,3092,,,,,,,,,,,,,,0.37,136888.0,88806,,,48082.0,,,48082.0,,539.0,14537.0,15076,11984,11984,,11984,,,,,,,,,,,,,,,,,,
2026,2,otc,2026-08-20,6561,是方,,,,229767.0,,151278,,,,,,,,,,,585419,,1997,7.57,2025956.0,1042389,,,983567.0,,,983567.0,422,754222.0,-16018.0,738204,586926,586926,490,587416,585273,,1653,,,,,,,,,,,,,,,
2026,2,otc,2026-08-20,6568,宏觀,,,,158836.0,,21723,,,,,,,,,,,76521,,,2.48,658711.0,411055,,,247656.0,617,,247039.0,,88203.0,9370.0,97573,75850,75850,671,76521,75850,,,,,,,,,,,,,,,,,
2026,2,otc,2026-08-20,6569,醫揚,,,,214002.0,,13365,,,,,,,,,,,87538,,0,2.64,806545.0,546160,,,260385.0,,,260385.0,,46383.0,70042.0,116425,103060,103060,-15522,87538,103060,,0,,,,,,,,,,,,,,,
2026,2,otc,2026-08-20,6570,維田,,,,129529.0,,15902,,,,,,,,,,,70613,,,1.73,550358.0,341205,,,209153.0,,,209153.0,,79624.0,460.0,80084,64182,64182,6431,70613,64182,,,,,,,,,,,,,,,,,
2026,2,otc,2026-08-20,6574,霈方,,,,60866.0,,37090,,,,,,,,,,,240851,,,9.07,414605.0,184487,,,230118.0,,,230118.0,,169252.0,67392.0,236644,199554,199554,41297,240851,199554,,,,,,,,,,,,,,,,,
2026,2,otc,2026-08-20,6576,逸達,,,,420609.0,,37347,,,,,,,,,,,286257,,,1.8,261961.0,83042,,,178919.0,,,178919.0,,-241690.0,562180.0,320490,283143,283143,3114,286257,283143,,,,,,,,,,,,,,,,,
2026,2,otc,2026-08-20,6577,勁豐,,,,163553.0,,43800,,,,,,,,,,,213824,,,3.52,1053361.0,693564,,,359797.0,,,359797.0,,196244.0,58683.0,254927,211127,211127,2697,213824,211127,,,,,,,,,,,,,,,,,
2026,2,otc,2026-08-20,6578,達邦蛋白,,,,35203.0,,3075,,,,,,,,,,,20037,,,0.2,189575.0,143566,,,46009.0,,,46009.0,,10806.0,7011.0,17817,14742,14742,5295,20037,14742,,,,,,,,,,,,,,,,,
2026,2,otc,2026-08-20,6584,南俊國際,,,,207313.0,,112831,,,,,,,,,,,460197,,,6.47,1713269.0,999165,,,714104.0,,,714104.0,,506791.0,60403.0,567194,454363,454363,5834,460197,454363,,,,,,,,,,,,,,,,,
2026,2,otc,2026-08-20,6588,東典光電,,,,46017.0,,13,,,,,,,,,,,16387,,-904,0.27,183757.0,128741,,,55016.0,,,55016.0,,8999.0,-680.0,8319,8306,8306,7177,15483,9210,,-904,,,,,,,,,,,,,,,
2026,2,otc,2026-08-20,6590,普鴻,,,,98170.0,,10855,,,,,,,,,,,61557,,6263,2.5,370464.0,215605,,,154859.0,,,154859.0,,56689.0,21941.0,78630,67775,67775,45,67820,61512,,6263,,,,,,,,,,,,,,,
2026,2,otc,2026-08-20,6593,台灣銘板,,,,81949.0,,-6641,,,,,,,,,,,-41475,,-148,-1.3,240881.0,183495,,,57386.0,,,57386.0,,-24563.0,-23712.0,-48275,-41634,-41634,11,-41623,-41485,,-149,,,,,,,,,,,,,,,
2026,2,otc,2026-08-20,6596,寬宏藝術,,,,111603.0,,69430,,0,,,,,,,,,279962,,,7.37,1322418.0,879200,,,443218.0,,,443218.0,0,331615.0,17862.0,349477,280047,280047,-85,279962,280047,,,,,,,,,,,,,,,,,
2026,2,otc,2026-08-20,6597,立誠,,,,67186.0,,-4812,,,,,,,,,,,,,,-0.48,307148.0,255985,,,51163.0,,,51163.0,,-16023.0,-2855.0,-18878,-14066,-14066,,-14066,,,,,,,,,,,,,,,,,,
2026,2,otc,2026-08-20,6603,富強鑫,,,,517338.0,,21130,,,,,,,,,,,122400,,11522,0.14,2255371.0,1691492,,,563879.0,,,563879.0,,46541.0,-106.0,46435,25305,25305,108617,133922,23840,,1465,,,,,,,,,,,,,,,
2026,2,otc,2026-08-20,6609,瀧澤科,,,,195954.0,,19532,,,,,,,,,,,25037,,,0.12,1154898.0,951017,,,203881.0,,,203881.0,,7927.0,20642.0,28569,9037,9037,16000,25037,9037,,,,,,,,,,,,,,,,,
2026,2,otc,2026-08-20,6612,奈米醫材,,,,274649.0,,45447,,,,,,,,,,,96723,,-33137,1.53,646276.0,298433,,,347843.0,,,347843.0,,73194.0,9898.0,83092,37645,37645,25941,63586,72635,,-34990,,,,,,,,,,,,,,,
2026,2,otc,2026-08-20,6613,朋億*,,,,689423.0,,214663,,,,,,,,,,,1603086,,157327,8.51,6128443.0,4469207,,,1659236.0,,,1659236.0,,969813.0,40522.0,1010335,795672,795672,964741,1760413,661975,,133697,,,,,,,,,,,,,,,
2026,2,otc,2026-08-20,6615,慧智,,,,57283.0,,309,,,,,,,,,,,20002,,-11,0.92,190106.0,137086,,,53020.0,,,53020.0,,-4263.0,24484.0,20221,19912,19912,79,19991,19933,,-21,,,,,,,,,,,,,,,
2026,2,otc,2026-08-20,6620,漢達,,,,232504.0,,50180,,,,,,,,,,,133908,,,0.65,421566.0,82032,,,339534.0,,,339534.0,,107030.0,51010.0,158040,107860,107860,26048,133908,107860,,,,,,,,,,,,,,,,,
2026,2,otc,2026-08-20,6624,萬年清,,,,35176.0,,1016,,,,,,,,,,,125,,334,0.01,188533.0,156140,,,32393.0,,,32393.0,,-2783.0,4285.0,1502,486,486,-27,459,154,,332,,,,,,,,,,,,,,,
2026,2,otc,2026-08-20,6637,醫影,,,,54866.0,,16234,,,,,,,,,,,74306,,,2.6,520520.0,378395,,,142125.0,,,142125.0,,87259.0,-1425.0,85834,69600,69600,4706,74306,69600,,,,,,,,,,,,,,,,,
2026,2,otc,2026-08-20,6640,均華,,,,393682.0,,66077,,,,,,,,,,,3039413,,0,9.52,1651841.0,939294,,,712547.0,,,712547.0,,318865.0,17348.0,336213,270136,270136,2769277,3039413,270136,,0,,,,,,,,,,,,,,,
2026,2,otc,2026-08-20,6642,富致,,,,78813.0,,9735,,,,,,,,,,,82209,,,2.28,321278.0,155832,,,165446.0,,,165446.0,,86633.0,8259.0,94892,85157,85157,-2948,82209,85157,,,,,,,,,,,,,,,,,
2026,2,otc,2026-08-20,6643,M31,,,,899700.0,,1128,,,,,,,,,,,-51188,,,-1.24,816598.0,,,,816598.0,,,816598.0,,-83102.0,32245.0,-50857,-51985,-51985,797,-51188,-51985,,,,,,,,,,,,,,,,,
2026,2,otc,2026-08-20,6649,台生材,,,,40904.0,,0,,,,,,,,,,,,,,0.02,63341.0,29342,,,33999.0,,,33999.0,,-6905.0,7665.0,760,760,760,,760,,,,,,,,,,,,,,,,,,
2026,2,otc,2026-08-20,6651,全宇昕,,,,118745.0,,40807,,,,,,,,,,,,,,5.08,862935.0,542752,,,320183.0,,,320183.0,1544,202982.0,13589.0,216571,175764,175764,,175764,,,,,,,,,,,,,,,,,,
2026,2,otc,2026-08-20,6654,天正國際,,,,82134.0,,-61725,,,,,,,,,,,190859,,-2048,1.27,327659.0,264407,,,63252.0,,,63252.0,,-18882.0,7244.0,-11638,50087,50087,138724,188811,52135,,-2048,,,,,,,,,,,,,,,
2026,2,otc,2026-08-20,6661,威健生技,,,,87057.0,,19,,,,,,,,,,,-8159,,-111,-0.34,190976.0,111248,,,79728.0,,,79728.0,,-7329.0,-758.0,-8087,-8106,-8106,-164,-8270,-7995,,-111,,,,,,,,,,,,,,,
2026,2,otc,2026-08-20,6662,樂斯科,,,,28504.0,,3953,,,,,,,,,,,,,,0.62,125527.0,79466,,,46061.0,,,46061.0,,17557.0,2150.0,19707,15754,15754,-6325,9429,,,,,,,,,,,,,,,,,,
2026,2,otc,2026-08-20,6664,群翊,,,,203581.0,,118735,,,,,,,,,,,462387,,,7.29,1380757.0,707390,,,673367.0,,,673367.0,,469786.0,93087.0,562873,444138,444138,18249,462387,444138,,,,,,,,,,,,,,,,,
2026,2,otc,2026-08-20,6667,信紘科,,,,393529.0,,94035,,,,,,,,,,,379080,,-6516,7.7,3219118.0,2470535,,,748583.0,,,748583.0,,355054.0,111744.0,466798,372763,372763,-199,372564,379278,,-6515,,,,,,,,,,,,,,,
2026,2,otc,2026-08-20,6679,鈺太,,,,292488.0,,50186,,,,,,,,,,,986685,,,6.34,1084310.0,527530,,,556780.0,,,556780.0,,264292.0,123630.0,387922,337736,337736,648949,986685,337736,,,,,,,,,,,,,,,,,
2026,2,otc,2026-08-20,6680,鑫創電子,,,,96007.0,,496,,,,,,,,,,,2114,,,0.08,293407.0,192724,,,100683.0,,,100683.0,,4676.0,-2220.0,2456,1960,1960,154,2114,1960,,,,,,,,,,,,,,,,,
2026,2,otc,2026-08-20,6683,雍智科技,,,,276121.0,,87858,,,,,,,,,,,340302,,,12.24,1316245.0,660649,,,655596.0,,,655596.0,,379475.0,41668.0,421143,333285,333285,7017,340302,333285,,,,,,,,,,,,,,,,,
2026,2,otc,2026-08-20,6684,安格,,,,102069.0,,586,,,,,,,,,,,-68079,,-1149,0.0,157788.0,65058,,,92730.0,,,92730.0,,-9339.0,8866.0,-473,-1059,-1059,-68169,-69228,90,,-1149,,,,,,,,,,,,,,,
2026,2,otc,2026-08-20,6690,安碁資訊,,,,318190.0,,37412,,,,,,,,,,,154460,,,5.1,1284281.0,783955,,,500326.0,,,500326.0,,182136.0,8271.0,190407,152995,152995,1465,154460,152995,,,,,,,,,,,,,,,,,
2026,2,otc,2026-08-20,6692,進能服,,,,91839.0,,-24909,,,,,,,,,,,-67897,0,26,-1.16,366418.0,398161,,,-31743.0,,,-31743.0,,-123582.0,30802.0,-92780,-67871,-67871,,-67871,-67897,0,26,,,,,,,,,,,,,,,
2026,2,otc,2026-08-20,6693,廣閎科,,,,184502.0,,36980,,,,,,,,,,,190862,0,0,3.38,1167115.0,808286,,,358829.0,,,358829.0,,174327.0,14745.0,189072,152092,152092,38770,190862,152092,0,0,,,,,,,,,,,,,,,
2026,2,otc,2026-08-20,6697,東捷資訊,,,,61116.0,,13232,,,,,,,,,,,52619,,,1.86,711956.0,595967,,,115989.0,,,115989.0,,54873.0,9339.0,64212,50980,50980,1639,52619,50980,,,,,,,,,,,,,,,,,
2026,2,otc,2026-08-20,6703,軒郁,,,,885300.0,,37476,,,,,,,,,,,141374,,-567,4.13,1715899.0,644020,,,1071879.0,,,1071879.0,,186579.0,-1110.0,185469,147993,147993,-7186,140807,148560,,-567,,,,,,,,,,,,,,,
2026,2,otc,2026-08-20,6708,天擎,,,,69843.0,,1647,,,,,,,,,,,6764,,,0.09,134559.0,62992,,,71567.0,,,71567.0,,1724.0,2606.0,4330,2683,2683,4081,6764,2683,,,,,,,,,,,,,,,,,
2026,2,otc,2026-08-20,6712,長聖,,,,153118.0,,47231,,,,,,,,,,,222923,,,2.2,462547.0,100448,,,362099.0,,,362099.0,,208981.0,60456.0,269437,222206,222206,717,222923,222206,,,,,,,,,,,,,,,,,
2026,2,otc,2026-08-20,6716,應廣,,,,188866.0,,22308,,,,,,,,,,,139833,,,4.65,829325.0,498430,,,330895.0,,,330895.0,,142029.0,17223.0,159252,136944,136944,2889,139833,136944,,,,,,,,,,,,,,,,,
2026,2,otc,2026-08-20,6720,久昌,,,,65726.0,,10162,,,,,,,,,,,58482,,,1.65,192746.0,109404,,,83342.0,,,83342.0,,17616.0,41862.0,59478,49316,49316,9166,58482,49316,,,,,,,,,,,,,,,,,
2026,2,otc,2026-08-20,6721,信實,,,,31151.0,,17573,,,,,,,,,,,64850,,,2.88,1835850.0,1723868,,,111982.0,,,111982.0,,80831.0,1592.0,82423,64850,64850,,64850,64889,,-39,,,,,,,,,,,,,,,
2026,2,otc,2026-08-20,6725,矽科宏晟,,,,209759.0,,39841,,,,,,,,,,,187561,,0,4.85,1883979.0,1452951,,,431028.0,,,431028.0,,221269.0,-1537.0,219732,179891,179891,7670,187561,179891,,0,,,,,,,,,,,,,,,
2026,2,otc,2026-08-20,6727,亞泰金屬,,,,126429.0,,41324,,,,,,,,,,,171980,,,6.05,1192336.0,876755,,,315581.0,,,315581.0,,189152.0,14835.0,203987,162663,162663,9317,171980,162663,,,,,,,,,,,,,,,,,
2026,2,otc,2026-08-20,6728,上洋,,,,729795.0,,37079,,,,,,,,,,,154252,,-10897,5.14,2475533.0,1558749,,,916784.0,,,916784.0,,186989.0,-6155.0,180834,143755,143755,-400,143355,154652,,-10897,,,,,,,,,,,,,,,
2026,2,otc,2026-08-20,6730,常廣,,,,70807.0,,8034,,,,,,,,,,,32187,,,0.89,242022.0,132702,,,109320.0,,,109320.0,,38513.0,1655.0,40168,32134,32134,53,32187,32134,,,,,,,,,,,,,,,,,
2026,2,otc,2026-08-20,6732,昇佳電子,,,,348480.0,,26772,,,,,,,,,,,,,,4.09,2037803.0,1597601,,,440202.0,,,440202.0,31,91753.0,134861.0,226614,199842,199842,482078,681920,,,,,,,,,,,,,,,,,,
2026,2,otc,2026-08-20,6733,博晟生醫,,,,133183.0,,-4197,,,,,,,,,,,-40822,,-2765,-0.31,114435.0,32914,,,81521.0,,,81521.0,,-51662.0,4163.0,-47499,-43302,-43302,-285,-43587,-39706,,-3596,,,,,,,,,,,,,,,
2026,2,otc,2026-08-20,6735,美達科技,,,,86543.0,,6324,,,,,,,,,,,21978,,,0.52,199435.0,98684,,,100751.0,,,100751.0,,14208.0,16064.0,30272,23948,23948,-1970,21978,23948,,,,,,,,,,,,,,,,,
2026,2,otc,2026-08-20,6739,竹陞科技,,,,57547.0,,75042,,,,,,,,,,,310832,,,13.31,643983.0,209226,,,434757.0,,,434757.0,,377210.0,8349.0,385559,310517,310517,315,310832,310517,,,,,,,,,,,,,,,,,
2026,2,otc,2026-08-20,6741,91APP*-KY,,,,509249.0,,67560,,,,,,,,,,,258490,,2672,2.3,1099256.0,289174,,,810082.0,,,810082.0,,300833.0,31708.0,332541,264981,264981,-3819,261162,262368,,2613,,,,,,,,,,,,,,,
2026,2,otc,2026-08-20,6751,智聯服務,,,,88436.0,,6787,,,,,,,,,,,34316,,2838,1.34,852461.0,734551,,,117910.0,,,117910.0,,29474.0,9919.0,39393,32606,32606,4548,37154,29847,,2759,,,,,,,,,,,,,,,
2026,2,otc,2026-08-20,6752,叡揚,,,,346592.0,,17733,,,,,,,,,,,108802,,96,2.94,987948.0,524616,,,463332.0,,,463332.0,,116740.0,10314.0,127054,109321,109321,-423,108898,109225,,96,,,,,,,,,,,,,,,
2026,2,otc,2026-08-20,6761,穩得,,,,222902.0,,27166,,,,,,,,,,,121753,,230,3.62,981186.0,606678,,,374508.0,,,374508.0,,151606.0,1802.0,153408,126242,126242,-4259,121983,126012,,230,,,,,,,,,,,,,,,
2026,2,otc,2026-08-20,6762,達亞,,,,57581.0,,900,,,,,,,,,,,,,,0.21,342767.0,266792,,,75975.0,,,75975.0,,18394.0,-9581.0,8813,7913,7913,,7913,,,,,,,,,,,,,,,,,,
2026,2,otc,2026-08-20,6763,綠界科技*,,,,160450.0,,58931,,,,,,,,,,,191370,,-2280,1.08,934775.0,546413,,,388362.0,,,388362.0,,227912.0,28356.0,256268,197337,197337,-8247,189090,199617,,-2280,,,,,,,,,,,,,,,
2026,2,otc,2026-08-20,6767,台微醫,,,,126647.0,,-4,,,,,,,,,,,-567,,,-0.02,166561.0,37548,,,129013.0,,,129013.0,,2366.0,-2971.0,-605,-601,-601,34,-567,-601,,,,,,,,,,,,,,,,,
2026,2,otc,2026-08-20,6785,昱展新藥,,,,60261.0,,3763,,,,,,,,,,,,,,-0.29,1500.0,145,,,1355.0,,,1355.0,,-58906.0,43072.0,-15834,-19597,-19597,,-19597,,,,,,,,,,,,,,,,,,
2026,2,otc,2026-08-20,6788,華景電,,,,361125.0,,138676,,,,,,,,,,,420427,,-2418,9.79,1427133.0,568103,,,859030.0,,,859030.0,,497905.0,17731.0,515636,376960,376960,41049,418009,379378,,-2418,,,,,,,,,,,,,,,
2026,2,otc,2026-08-20,6791,虎門科技,,,,107391.0,,12699,,,,,,,,,,,55034,,-504,2.65,400586.0,238173,,,162413.0,,,162413.0,,55022.0,12357.0,67379,54680,54680,-150,54530,55184,,-504,,,,,,,,,,,,,,,
2026,2,otc,2026-08-20,6803,崑鼎,,,,67495.0,,161255,,,,,,,,,,,674971,,53672,8.96,4710069.0,3802592,,,907477.0,,,907477.0,,839982.0,26797.0,866779,705524,705524,23119,728643,651771,,53753,,,,,,,,,,,,,,,
2026,2,otc,2026-08-20,6804,明係,,,,64292.0,,5568,,,,,,,,,,,17165,,,0.38,784208.0,698847,,,85361.0,,,85361.0,,21069.0,1664.0,22733,17165,17165,0,17165,17165,,,,,,,,,,,,,,,,,
2026,2,otc,2026-08-20,6811,宏碁資訊,,,,246643.0,,105150,,,,,,,,,,,398884,0,,9.49,5923797.0,5188915,,,734882.0,,492,735374.0,,488731.0,9665.0,498396,393246,393246,5638,398884,393246,0,,,,,,,,,,,,,,,,
2026,2,otc,2026-08-20,6821,聯寶,,,,86308.0,,6368,,,,,,,,,,,41180,,,1.03,284514.0,181096,,,103418.0,,,103418.0,,17110.0,21959.0,39069,32701,32701,8479,41180,32701,,,,,,,,,,,,,,,,,
2026,2,otc,2026-08-20,6823,濾能,,,,100551.0,,-999,,,,,,,,,,,-127381,,1713,-4.73,310866.0,354763,,,-43897.0,,,-43897.0,,-144448.0,1274.0,-143174,-142175,-142175,16507,-125668,-143888,,1713,,,,,,,,,,,,,,,
2026,2,otc,2026-08-20,6829,千附精密,,,,109128.0,,42204,,,,,,,,,,,,,,2.99,1171369.0,855781,,,315588.0,,,315588.0,,206460.0,13007.0,219467,177263,177263,,177263,,,,,,,,,,,,,,,,,,
2026,2,otc,2026-08-20,6840,東研信超,,,,159831.0,,2496,,,,,,,,,,,52072,,,1.06,489203.0,293406,,,195797.0,,,195797.0,,35966.0,-1289.0,34677,32181,32181,19891,52072,32181,,,,,,,,,,,,,,,,,
2026,2,otc,2026-08-20,6841,長佳智能,,,,97723.0,,17570,,,,,,,,,,,12397,,-3259,0.13,167138.0,44943,,,122195.0,,,122195.0,,24472.0,2236.0,26708,9138,9138,,9138,12397,,-3259,,,,,,,,,,,,,,,
2026,2,otc,2026-08-20,6843,進典,,,,133090.0,,-3855,,,,,,,,,,,30313,,-2268,0.61,371069.0,226811,,,144258.0,,,144258.0,,11168.0,2940.0,14108,17963,17963,10082,28045,20236,,-2273,,,,,,,,,,,,,,,
2026,2,otc,2026-08-20,6844,諾貝兒,,,,540390.0,,10340,,,,,,,,,,,69364,,,2.03,1705388.0,1122980,,,582408.0,,,582408.0,,42018.0,44149.0,86167,75827,75827,-6463,69364,75827,,,,,,,,,,,,,,,,,
2026,2,otc,2026-08-20,6846,綠茵,,,,125379.0,,12916,,,,,,,,,,,45901,,,1.7,393850.0,207219,,,186631.0,,,186631.0,,61252.0,-2287.0,58965,46049,46049,-148,45901,46049,,,,,,,,,,,,,,,,,
2026,2,otc,2026-08-20,6855,數泓科,,,,49762.0,,27029,,,,,,,,,,,,,,4.15,311220.0,159395,,,151825.0,,,151825.0,,102063.0,21490.0,123553,96524,96524,1630,98154,,,,,,,,,,,,,,,,,,
2026,2,otc,2026-08-20,6856,鑫傳,,,,187030.0,,13797,,,,,,,,,,,30051,,-3403,1.25,347891.0,108330,,,239561.0,,,239561.0,,52531.0,-6797.0,45734,31937,31937,-5289,26648,35340,,-3403,,,,,,,,,,,,,,,
2026,2,otc,2026-08-20,6859,伯特光,,,,56436.0,,7818,,,,,,,,,,,42612,,,1.01,324397.0,250973,,,73424.0,,,73424.0,,16988.0,32776.0,49764,41946,41946,666,42612,41946,,,,,,,,,,,,,,,,,
2026,2,otc,2026-08-20,6865,偉康科技,,,,74096.0,,-3774,,,,,,,,,,,,,,-1.5,115555.0,64249,,,51306.0,,,51306.0,,-22790.0,-4373.0,-27163,-23389,-23389,-75,-23464,,,,,,,,,,,,,,,,,,
2026,2,otc,2026-08-20,6870,騰雲,,,,252745.0,,22567,,,,,,,,,,,75069,,-4264,2.54,475628.0,140228,,,335400.0,,,335400.0,36,82691.0,6973.0,89664,67097,67097,3708,70805,71329,,-4232,,,,,,,,,,,,,,,
2026,2,otc,2026-08-20,6872,浩宇生醫,,,,90162.0,,,,,,,,,,,,,-71757,,306,-1.02,21505.0,11026,,,10479.0,,,10479.0,,-79683.0,7429.0,-72254,-72254,-72254,803,-71451,-72317,,63,,,,,,,,,,,,,,,
2026,2,otc,2026-08-20,6874,倍力,,,,75228.0,,16689,,,,,,,,,,,,,,3.1,1347002.0,1185536,,,161466.0,,,161466.0,,86238.0,-2813.0,83425,66736,66736,,66736,,,,,,,,,,,,,,,,,,
2026,2,otc,2026-08-20,6875,國邑*,,,,205474.0,,0,,,,,,,,,,,-194296,,,-1.5,1792.0,1462,,,330.0,,,330.0,,-205144.0,10847.0,-194297,-194297,-194297,1,-194296,-194297,,,,,,,,,,,,,,,,,
2026,2,otc,2026-08-20,6877,鏵友益,,,,104076.0,,495,,,,,,,,,,,-53655,,,-1.09,102821.0,52575,,,50246.0,,,50246.0,,-53830.0,3253.0,-50577,-51072,-51072,-2583,-53655,-51072,,,,,,,,,,,,,,,,,
2026,2,otc,2026-08-20,6881,潤德,,,,74374.0,,35691,,,,,,,,,,,,,,9.51,1182909.0,932931,,,249978.0,,,249978.0,,175604.0,2777.0,178381,142690,142690,-8573,134117,,,,,,,,,,,,,,,,,,
2026,2,otc,2026-08-20,6884,海柏特,,,,102233.0,,6932,,,,,,,,,,,11435,,17,0.88,682223.0,558249,,,123974.0,,,123974.0,,21741.0,1317.0,23058,16126,16126,-4674,11452,16093,,33,,,,,,,,,,,,,,,
2026,2,otc,2026-08-20,6894,衛司特,,,,90089.0,,87544,,,,,,,,,,,249780,,-2339,9.7,1106308.0,702595,,,403713.0,,,403713.0,,313624.0,1160.0,314784,227240,227240,20201,247441,230811,,-3571,,,,,,,,,,,,,,,
2026,2,otc,2026-08-20,6895,宏碩系統,,,,53510.0,,2373,,,,,,,,,,,,,,-2.07,208043.0,228023,,,-19980.0,,,-19980.0,,-73490.0,5234.0,-68256,-70629,-70629,,-70629,,,,,,,,,,,,,,,,,,
2026,2,otc,2026-08-20,6899,創為精密,,,,126962.0,,20576,,,,,,,,,,,95807,,-201,2.25,556324.0,336210,,,220114.0,,,220114.0,,93152.0,21512.0,114664,94088,94088,1518,95606,94289,,-201,,,,,,,,,,,,,,,
2026,2,otc,2026-08-20,6903,巨漢,,,,134039.0,,242011,,,,,,,,,,,,,,14.14,4004703.0,2716186,,,1288517.0,,,1288517.0,,1154478.0,18709.0,1173187,931176,931176,,931176,,,,,,,,,,,,,,,,,,
2026,2,otc,2026-08-20,6904,伯鑫,,,,71917.0,,13178,,,,,,,,,,,66376,,,3.48,476051.0,342579,,,133472.0,,,133472.0,,61555.0,16018.0,77573,64395,64395,1981,66376,64395,,,,,,,,,,,,,,,,,
2026,2,otc,2026-08-20,6907,雅特力-KY,,,,359306.0,,24858,,,,,,,,,,,283739,,,4.0,1616230.0,1001919,,,614311.0,,,614311.0,,255005.0,12732.0,267737,242879,242879,40860,283739,242879,,,,,,,,,,,,,,,,,
2026,2,otc,2026-08-20,6910,德鴻,,,,68819.0,,7941,,,,,,,,,,,29545,,,0.9,186951.0,84621,,,102330.0,,,102330.0,,33511.0,1808.0,35319,27378,27378,2167,29545,27378,,,,,,,,,,,,,,,,,
2026,2,otc,2026-08-20,6913,鴻呈,,,,261243.0,,50577,,,,,,,,,,,202316,,11851,4.11,1614485.0,1130743,,,483742.0,,,483742.0,,222499.0,16247.0,238746,188169,188169,25998,214167,179149,,9020,,,,,,,,,,,,,,,
2026,2,otc,2026-08-20,6922,宸曜,,,,247658.0,,55581,,,,,,,,,,,158643,,,5.63,1135607.0,680742,,,454865.0,,,454865.0,,207207.0,1171.0,208378,152797,152797,5846,158643,152797,,,,,,,,,,,,,,,,,
2026,2,otc,2026-08-20,6925,意藍,,,,52372.0,,4044,,,,,,,,,,,,,,1.08,98441.0,23423,,,75018.0,,,75018.0,,22646.0,3000.0,25646,21602,21602,,21602,,,,,,,,,,,,,,,,,,
2026,2,otc,2026-08-20,6929,佑全,,,,552394.0,,,,,,,,,,,,,,,,-0.53,1599497.0,1071181,,,528316.0,,,528316.0,,-24078.0,174.0,-23904,-23904,-23904,-16209,-40113,,,,,,,,,,,,,,,,,,
2026,2,otc,2026-08-20,6945,圓祥生技,,,,259620.0,,0,,,,,,,,,,,-214961,,,-2.49,0.0,0,,,0.0,,,0.0,,-259620.0,42327.0,-217293,-217293,-217293,2332,-214961,-217293,,,,,,,,,,,,,,,,,
2026,2,otc,2026-08-20,6953,家碩,,,,184671.0,,23263,,,,,,,,,,,212986,,,4.92,634597.0,317264,,,317333.0,,,317333.0,,132662.0,38208.0,170870,147607,147607,65379,212986,147607,,,,,,,,,,,,,,,,,
2026,2,otc,2026-08-20,6961,旅天下,,,,268624.0,,10601,,0,,,,,,,,,44768,,445,1.81,2245338.0,1930249,,,315089.0,,,315089.0,,46465.0,12398.0,58863,48262,48262,-3049,45213,47947,,315,,,,,,,,,,,,,,,
2026,2,otc,2026-08-20,6967,汎瑋材料,,,,133216.0,,24923,,,,,,,,,,,80437,,,2.73,820362.0,592232,,,228130.0,,,228130.0,,94914.0,-3286.0,91628,66705,66705,13732,80437,66705,,,,,,,,,,,,,,,,,
2026,2,otc,2026-08-20,6968,萬達寵物,,,,649827.0,,23325,,,,,,,,,,,74006,,37,1.5,1832794.0,1077219,,,755575.0,,,755575.0,,105748.0,-8380.0,97368,74043,74043,,74043,74006,,37,,,,,,,,,,,,,,,
2026,2,otc,2026-08-20,6971,惠民實業,,,,40660.0,,12510,,,,,,,,,,,30627,,-127,0.82,980204.0,884407,,,95797.0,,,95797.0,,55137.0,-11225.0,43912,31402,31402,-902,30500,31529,,-127,,,,,,,,,,,,,,,
2026,2,otc,2026-08-20,6982,大井泵浦,,,,208016.0,,5698,,,,,,,,,,,20245,,,0.4,1015662.0,774198,,,241464.0,,,241464.0,,33448.0,-11590.0,21858,16160,16160,4085,20245,16160,,,,,,,,,,,,,,,,,
2026,2,otc,2026-08-20,6983,華洋精機,,,,51594.0,,5147,,,,,,,,,,,,,,1.07,118655.0,46997,,,71658.0,,,71658.0,,20064.0,2531.0,22595,17448,17448,,17448,,,,,,,,,,,,,,,,,,
2026,2,otc,2026-08-20,6986,和迅,,,,72092.0,,20379,,,,,,,,,,,,,,1.42,166392.0,11710,,,154682.0,,,154682.0,,82590.0,3571.0,86161,65782,65782,,65782,,,,,,,,,,,,,,,,,,
2026,2,otc,2026-08-20,6996,力領科技,,,,312976.0,,57378,,,,,,,,,,,,,,7.84,1581558.0,917202,,,664356.0,,,664356.0,346,351726.0,32469.0,384195,326817,326817,54061,380878,,,,,,,,,,,,,,,,,,
2026,2,otc,2026-08-20,6997,博弘,,,,266451.0,,-1083,,,,,,,,,,,-18505,,,-0.86,2700718.0,2466855,,,233863.0,,,233863.0,,-32588.0,12526.0,-20062,-18979,-18979,474,-18505,-18979,,,,,,,,,,,,,,,,,
2026,2,otc,2026-08-20,7402,邑錡,,,,82306.0,,-1179,,,,,,,,,,,,,,-0.3,226169.0,153568,,,72601.0,,,72601.0,,-9705.0,-2071.0,-11776,-10597,-10597,0,-10597,,,,,,,,,,,,,,,,,,
2026,2,otc,2026-08-20,7547,碩網,,,,50753.0,,14080,,,,,,,,,,,52076,,,1.52,195340.0,85458,,,109882.0,,,109882.0,,59129.0,6183.0,65312,51232,51232,844,52076,51232,,,,,,,,,,,,,,,,,
2026,2,otc,2026-08-20,7556,意德士科技,,,,68523.0,,25916,,,,,,,,,,,486069,,-245,5.25,428122.0,253817,,,174305.0,,,174305.0,,105782.0,71363.0,177145,151229,151229,334595,485824,151402,,-173,,,,,,,,,,,,,,,
2026,2,otc,2026-08-20,7584,樂意,,,,192998.0,,1985,,,,,,,,,,,-13546,,0,-1.11,479108.0,297796,,,181312.0,,,181312.0,,-11686.0,-4345.0,-16031,-18016,-18016,4470,-13546,-18016,,0,,,,,,,,,,,,,,,
2026,2,otc,2026-08-20,7642,昶瑞機電,,,,47059.0,,9180,,,,,,,,,,,37817,,,1.25,313778.0,226952,,,86826.0,,,86826.0,,39767.0,7230.0,46997,37817,37817,,37817,37817,,,,,,,,,,,,,,,,,
2026,2,otc,2026-08-20,7703,銳澤,,,,171396.0,,15784,,,,,,,,,,,122659,,-4405,3.53,1310407.0,1010426,,,299981.0,,,299981.0,,128585.0,5578.0,134163,118379,118379,-125,118254,122803,,-4424,,,,,,,,,,,,,,,
2026,2,otc,2026-08-20,7704,明遠精密,,,,72957.0,,9474,,0,,,,,,,,,71347,,-413,1.95,369143.0,228161,,,140982.0,,,140982.0,0,68025.0,6720.0,74745,65271,65271,5663,70934,65684,,-413,,,,,,,,,,,,,,,
2026,2,otc,2026-08-20,7708,全家餐飲,,,,567714.0,,27199,,,,,,,,,,,106816,,,4.15,1468321.0,763972,,,704349.0,,,704349.0,,136635.0,-3569.0,133066,105867,105867,949,106816,105867,,,,,,,,,,,,,,,,,
2026,2,otc,2026-08-20,7709,榮田,,,,77192.0,,16740,,,,,,,,,,,,,,1.73,479523.0,352256,,,127267.0,,,127267.0,,50075.0,34440.0,84515,67775,67775,,67775,,,,,,,,,,,,,,,,,,
2026,2,otc,2026-08-20,7712,博盛半導體,,,,136888.0,,26952,,,,,,,,,,,113148,,,3.47,757838.0,491938,,,265900.0,,,265900.0,,129012.0,10986.0,139998,113046,113046,102,113148,113046,,,,,,,,,,,,,,,,,
2026,2,otc,2026-08-20,7713,威力德生醫,,,,58671.0,,31176,,,,,,,,,,,126753,,,2.9,618066.0,398346,,,219720.0,,,219720.0,,161049.0,1798.0,162847,131671,131671,-4918,126753,131671,,,,,,,,,,,,,,,,,
2026,2,otc,2026-08-20,7714,創泓科技,,,,95858.0,,19346,,,,,,,,,,,84233,,16,3.98,1029567.0,844447,,,185120.0,,,185120.0,,89262.0,13781.0,103043,83697,83697,552,84249,83681,,16,,,,,,,,,,,,,,,
2026,2,otc,2026-08-20,7715,裕山,,,,60829.0,,4533,,,,,,,,,,,21900,,,0.65,435203.0,348674,,,86529.0,,,86529.0,,25700.0,18.0,25718,21185,21185,715,21900,21185,,,,,,,,,,,,,,,,,
2026,2,otc,2026-08-20,7716,昱臺國際,,,,173107.0,,8228,,,,,,,,,,,24406,,267,0.87,1001288.0,796852,,,204436.0,,,204436.0,,31329.0,-3208.0,28121,19893,19893,4780,24673,19626,,267,,,,,,,,,,,,,,,
2026,2,otc,2026-08-20,7718,友鋮,,,,116438.0,,30142,,,,,,,,,,,117766,,,2.55,1255814.0,1003670,,,252144.0,,,252144.0,,135706.0,10543.0,146249,116107,116107,1659,117766,116107,,,,,,,,,,,,,,,,,
2026,2,otc,2026-08-20,7723,築間,,,,1056710.0,,-11033,,,,,,,,,,,-137131,,-3255,-2.83,2069303.0,1149395,,,919908.0,,,919908.0,,-136802.0,-13417.0,-150219,-139186,-139186,-1200,-140386,-135984,,-3202,,,,,,,,,,,,,,,
2026,2,otc,2026-08-20,7728,光焱科技,,,,92831.0,,9226,,,,,,,,,,,37193,,,2.59,208318.0,75693,,,132625.0,,,132625.0,,39794.0,5723.0,45517,36291,36291,902,37193,36291,,,,,,,,,,,,,,,,,
2026,2,otc,2026-08-20,7734,印能科技,,,,233587.0,,227536,,,,,,,,,,,809200,,7174,28.72,1789644.0,603016,,,1186628.0,,,1186628.0,,953041.0,77563.0,1030604,803068,803068,13306,816374,796880,,6188,,,,,,,,,,,,,,,
2026,2,otc,2026-08-20,7738,東聯互動,,,,71678.0,,46888,,,,,,,,,,,142981,,0,5.94,306259.0,136547,,,169712.0,,,169712.0,114088,212122.0,-2754.0,209368,162480,162480,-19499,142981,162480,,0,,,,,,,,,,,,,,,
2026,2,otc,2026-08-20,7743,金利食安,,,,75586.0,,5376,,,,,,,,,,,19589,,-3924,0.62,364686.0,263833,,,100853.0,,,100853.0,,25267.0,2622.0,27889,22513,22513,-6848,15665,22565,,-52,,,,,,,,,,,,,,,
2026,2,otc,2026-08-20,7744,崴寶,,,,207869.0,,145419,,,,,,,,,,,460325,,0,13.46,1997252.0,1256650,,,740602.0,,,740602.0,,532733.0,43967.0,576700,431281,431281,29044,460325,431281,,0,,,,,,,,,,,,,,,
2026,2,otc,2026-08-20,7747,昕奇雲端,,,,47946.0,,16754,,,,,,,,,,,81403,0,3531,2.74,874045.0,737081,,,136964.0,,,136964.0,,89018.0,13982.0,103000,86246,86246,-1312,84934,82715,0,3531,,,,,,,,,,,,,,,
2026,2,otc,2026-08-20,7751,竑騰,,,,243667.0,,104431,,,,,,,,,,,375751,,1721,13.85,1349641.0,649602,,,700039.0,,,700039.0,,456372.0,21916.0,478288,373857,373857,3615,377472,372368,,1489,,,,,,,,,,,,,,,
2026,2,otc,2026-08-20,7753,星亞,,,,90743.0,,16974,,,,,,,,,,,,,,2.24,417443.0,267595,,,149848.0,,,149848.0,,59105.0,13864.0,72969,55995,55995,,55995,,,,,,,,,,,,,,,,,,
2026,2,otc,2026-08-20,7757,金色三麥,,,,522076.0,,26751,,,,,,,,,,,77899,,-4035,3.23,1141826.0,519180,,,622646.0,,,622646.0,,100570.0,45.0,100615,73864,73864,0,73864,77899,,-4035,,,,,,,,,,,,,,,
2026,2,otc,2026-08-20,7767,仁大資訊,,,,111343.0,,19270,,,,,,,,,,,69227,,,2.29,1640990.0,1442703,,,198287.0,,,198287.0,,86944.0,1325.0,88269,68999,68999,228,69227,68999,,,,,,,,,,,,,,,,,
2026,2,otc,2026-08-20,7770,君曜,,,,38364.0,,3969,,,,,,,,,,,9741,,,0.32,123398.0,82767,,,40631.0,,,40631.0,,2267.0,11439.0,13706,9737,9737,4,9741,9737,,,,,,,,,,,,,,,,,
2026,2,otc,2026-08-20,7772,耀穎,,,,51070.0,,720,,,,,,,,,,,,,,0.19,190140.0,136912,,,53228.0,,,53228.0,,2158.0,3173.0,5331,4611,4611,-354,4257,,,,,,,,,,,,,,,,,,
2026,2,otc,2026-08-20,7777,能率亞洲,,,,22192.0,,7046,,,,,,,,,,,,,,0.81,176475.0,,,,176475.0,,,176475.0,,154283.0,3976.0,158259,151213,151213,-17864,133349,,,,,,,,,,,,,,,,,,
2026,2,otc,2026-08-20,7782,光速火箭,,,,208839.0,,4351,,,,,,,,,,,21854,,-1634,0.95,353018.0,118995,,,234023.0,,,234023.0,,25184.0,-613.0,24571,20220,20220,,20220,21854,,-1634,,,,,,,,,,,,,,,
2026,2,otc,2026-08-20,7792,安葆,,,,204367.0,,98480,,,,,,,,,,,327201,,,6.85,3177087.0,2551127,,,625960.0,,,625960.0,,421593.0,-7090.0,414503,316023,316023,11178,327201,316023,,,,,,,,,,,,,,,,,
2026,2,otc,2026-08-20,7794,宏碁智新,,,,81455.0,,6457,,,,,,,,,,,32220,0,0,1.33,599894.0,480009,,,119885.0,,,119885.0,,38430.0,3045.0,41475,35018,35018,-2798,32220,35018,0,0,,,,,,,,,,,,,,,
2026,2,otc,2026-08-20,7805,威聯通,,,,1094637.0,,249870,,,,,,,,,,,1089490,,,23.21,3449729.0,1381801,,,2067928.0,,,2067928.0,,973291.0,45573.0,1018864,768994,768994,320496,1089490,768994,,,,,,,,,,,,,,,,,
2026,2,otc,2026-08-20,7810,捷創科技,,,,115897.0,,24401,,,,,,,,,,,,,,5.12,418152.0,191346,,,226806.0,,,226806.0,,110909.0,17077.0,127986,103585,103585,-494,103091,,,,,,,,,,,,,,,,,,
2026,2,otc,2026-08-20,7811,民盛,,,,220804.0,,24898,,,,,,,,,,,37112,,0,2.82,1404749.0,1118998,,,285751.0,,,285751.0,,64947.0,50218.0,115165,90267,90267,-53155,37112,90267,,0,,,,,,,,,,,,,,,
2026,2,otc,2026-08-20,7814,海昌生技,,,,35645.0,,0,,,,,,,,,,,-2407,,,-0.06,48237.0,16551,,,31686.0,,,31686.0,,-3959.0,1552.0,-2407,-2407,-2407,,-2407,-2407,,,,,,,,,,,,,,,,,
2026,2,otc,2026-08-20,7819,精誠金融,,,,78590.0,,3322,,,,,,,,,,,,,,0.47,192026.0,101127,,,90899.0,,,90899.0,,12309.0,1631.0,13940,10618,10618,,10618,,,,,,,,,,,,,,,,,,
2026,2,otc,2026-08-20,7820,立盈,,,,45126.0,,13522,,,,,,,,,,,,,,1.6,205586.0,90269,,,115317.0,,,115317.0,,70191.0,518.0,70709,57187,57187,,57187,,,,,,,,,,,,,,,,,,
2026,2,otc,2026-08-20,7828,創新服務,,,,204861.0,,45135,,,,,,,,,,,173331,,,4.52,511463.0,105141,,,406322.0,,,406322.0,,201461.0,16238.0,217699,172564,172564,767,173331,172564,,,,,,,,,,,,,,,,,
2026,2,otc,2026-08-20,7839,達人網,,,,67202.0,,2717,,,,,,,,,,,15447,,,1.13,89742.0,8472,,,81270.0,,,81270.0,,14068.0,3974.0,18042,15325,15325,122,15447,15325,,,,,,,,,,,,,,,,,
2026,2,otc,2026-08-20,7842,天能綠電,,,,35432.0,,13271,,,,,,,,,,,51573,,,3.23,1675612.0,1575291,,,100321.0,,,100321.0,,64889.0,-45.0,64844,51573,51573,,51573,51573,,,,,,,,,,,,,,,,,
2026,2,otc,2026-08-20,8024,佑華,,,,72310.0,,240,,,,,,,,,,,-31857,,,-0.75,104854.0,71906,,,32948.0,,,32948.0,,-39362.0,5591.0,-33771,-34011,-34011,2154,-31857,-34011,,,,,,,,,,,,,,,,,
2026,2,otc,2026-08-20,8027,鈦昇,,,,387876.0,,-7655,,,,,,,,,,,-25704,,-533,-0.46,1009394.0,709264,,,300130.0,,,300130.0,,-87746.0,30710.0,-57036,-49381,-49381,23144,-26237,-48956,,-425,,,,,,,,,,,,,,,
2026,2,otc,2026-08-20,8032,光菱,,,,202616.0,,31330,,,,,,,,,,,36575,,78,1.78,2478329.0,2167841,,,310488.0,,,310488.0,,107872.0,15910.0,123782,92452,92452,-55799,36653,92436,,16,,,,,,,,,,,,,,,
2026,2,otc,2026-08-20,8034,榮群,,,,56647.0,,-487,,,,,,,,,,,13804,,,0.25,123529.0,59065,,,64464.0,,,64464.0,,7817.0,5500.0,13317,13804,13804,,13804,13804,,,,,,,,,,,,,,,,,
2026,2,otc,2026-08-20,8038,長園科,,,,75703.0,,0,,,,,,,,,,,1932,,4459,0.03,345295.0,263660,,,81635.0,,,81635.0,,5932.0,499.0,6431,6431,6431,-40,6391,1959,,4472,,,,,,,,,,,,,,,
2026,2,otc,2026-08-20,8040,九暘,,,,168461.0,,0,,,,,,,,,,,,,,0.38,432078.0,242390,,,189688.0,,,189688.0,,21227.0,15180.0,36407,36407,36407,,36407,,,,,,,,,,,,,,,,,,
2026,2,otc,2026-08-20,8042,金山電,,,,321677.0,,118892,,,,,,,,,,,637523,,7390,2.84,2380422.0,1874496,,,505926.0,,,505926.0,,184249.0,315963.0,500212,381320,381320,263593,644913,372410,,8910,,,,,,,,,,,,,,,
2026,2,otc,2026-08-20,8043,蜜望實,,,,156375.0,,34955,,,,,,,,,,,154003,,,1.7,3666277.0,3414560,,,251717.0,,,251717.0,,95342.0,75520.0,170862,135907,135907,18096,154003,135907,,,,,,,,,,,,,,,,,
2026,2,otc,2026-08-20,8044,網家,,,,2830447.0,,151562,,,,,,,,,,,-215470,,137579,-1.06,18950786.0,16001056,,,2949730.0,,,2949730.0,,119283.0,-73796.0,45487,-106075,-106075,28184,-77891,-215722,,109647,,,,,,,,,,,,,,,
2026,2,otc,2026-08-20,8047,星雲,,,,119641.0,,-121,,,,,,,,,,,-6513,,11027,-0.28,259893.0,158772,,,101121.0,,,101121.0,,-18520.0,16401.0,-2119,-1998,-1998,6512,4514,-11480,,9482,,,,,,,,,,,,,,,
2026,2,otc,2026-08-20,8048,德勝,,,,106640.0,,23637,,,,,,,,,,,118590,,,1.5,643557.0,426478,,,217079.0,,,217079.0,,110439.0,2431.0,112870,89233,89233,29357,118590,89233,,,,,,,,,,,,,,,,,
2026,2,otc,2026-08-20,8049,晶采,,,,84311.0,,30329,,,,,,,,,,,366666,,,0.97,646558.0,442739,,,203819.0,,,203819.0,,119508.0,25390.0,144898,114569,114569,252097,366666,114569,,,,,,,,,,,,,,,,,
2026,2,otc,2026-08-20,8050,廣積,,,,636663.0,,69560,,,,,,,,,,,566297,,-81584,2.69,3334070.0,2503027,,,831043.0,,,831043.0,,194380.0,187200.0,381580,312020,312020,172693,484713,394730,,-82710,,,,,,,,,,,,,,,
2026,2,otc,2026-08-20,8054,安國,,,,623263.0,,-2178,,,,,,,,,,,-58150,,-95053,-0.23,2889252.0,2421069,,,468183.0,,,468183.0,,-155080.0,77964.0,-77116,-74938,-74938,-78265,-153203,-24716,,-50222,,,,,,,,,,,,,,,
2026,2,otc,2026-08-20,8059,凱碩,,,,660560.0,,28702,,,,,,,,,,,-24629,,36062,-0.65,4859854.0,4175177,,,684677.0,,,684677.0,,24117.0,-39619.0,-15502,-44204,-44204,55637,11433,-75997,,31793,,,,,,,,,,,,,,,
2026,2,otc,2026-08-20,8064,東捷,,,,272921.0,,31907,,,,,,,,,,,169299,,16266,0.52,1227623.0,891461,,,336162.0,,,336162.0,,63241.0,74508.0,137749,105842,105842,79723,185565,90596,,15246,,,,,,,,,,,,,,,
2026,2,otc,2026-08-20,8066,來思達,,,,227498.0,,-25341,,,,,,,,,,,-31241,,5420,-1.09,2032025.0,1850806,,,181219.0,,,181219.0,,-46279.0,-12789.0,-59068,-33727,-33727,7906,-25821,-37349,,3622,,,,,,,,,,,,,,,
2026,2,otc,2026-08-20,8067,志旭,,,,34820.0,,197,,,,,,,,,,,3633,,,0.03,45425.0,20873,,,24552.0,,,24552.0,,-10268.0,11236.0,968,771,771,2862,3633,771,,,,,,,,,,,,,,,,,
2026,2,otc,2026-08-20,8068,全達,,,,103162.0,,2636,,,,,,,,,,,-10935,,204,-0.18,684824.0,591279,,,93545.0,,,93545.0,,-9617.0,-2865.0,-12482,-15118,-15118,4387,-10731,-14913,,-205,,,,,,,,,,,,,,,
2026,2,otc,2026-08-20,8069,元太,,,,4794239.0,,1361128,,,,,,,,,,,13452623,,43989,5.65,18849583.0,7699935,,,11149648.0,,,11149648.0,,6355409.0,1559181.0,7914590,6553462,6553462,6943150,13496612,6517750,,35712,,,,,,,,,,,,,,,
2026,2,otc,2026-08-20,8071,能率網通,,,,200778.0,,16387,,,,,,,,,,,12254,0,-1601,-0.72,1153929.0,969533,,,184396.0,,,184396.0,,-16382.0,-12120.0,-28502,-44889,-44889,55542,10653,-43288,0,-1601,,,,,,,,,,,,,,,
2026,2,otc,2026-08-20,8074,鉅橡,,,,119208.0,,15612,,,,,,,,,,,119738,,8529,0.96,784046.0,574545,,,209501.0,,,209501.0,0,90293.0,8131.0,98424,82812,82812,45455,128267,77857,,4955,,,,,,,,,,,,,,,
2026,2,otc,2026-08-20,8076,伍豐,,,,303419.0,,36128,,,,,,,,,,,-11402,,191,0.33,1349589.0,895987,,,453602.0,156,1105,454551.0,,151132.0,-18776.0,132356,96228,96228,-107439,-11211,96017,,211,,,,,,,,,,,,,,,
2026,2,otc,2026-08-20,8077,洛碁,,,,60923.0,,3561,,,,,,,,,,,,,,3.26,537608.0,382675,,,154933.0,,,154933.0,,94010.0,-18927.0,75083,71522,71522,,71522,,,,,,,,,,,,,,,,,,
2026,2,otc,2026-08-20,8080,泰霖,,,,21704.0,,139,,,,,,,,,,,-3783,,,-0.03,46170.0,21601,,,24569.0,,,24569.0,,2865.0,-4638.0,-1773,-1912,-1912,-1871,-3783,-1912,,,,,,,,,,,,,,,,,
2026,2,otc,2026-08-20,8083,瑞穎,,,,59095.0,,55477,,,,,,,,,,,,,,6.32,767295.0,436144,,,331151.0,,,331151.0,,272056.0,5327.0,277383,221906,221906,,221906,,,,,,,,,,,,,,,,,,
2026,2,otc,2026-08-20,8084,巨虹,,,,127623.0,,4255,,,,,,,,,,,-3067,,35998,-0.05,282200.0,156612,,,125588.0,,,125588.0,,-2035.0,39014.0,36979,32724,32724,207,32931,-3274,,35998,,,,,,,,,,,,,,,
2026,2,otc,2026-08-20,8085,福華,,,,69096.0,,327,,,,,,,,,,,-109595,0,0,-0.47,320218.0,305998,,,14220.0,,,14220.0,,-54876.0,-10380.0,-65256,-65583,-65583,-44012,-109595,-65583,,,,,,,,,,,,,,,,,
2026,2,otc,2026-08-20,8086,宏捷科,,,,188664.0,,90328,,,,,,,,,,,,,,2.93,2520757.0,1708197,,,812560.0,,,812560.0,,623896.0,41664.0,665560,575232,575232,,575232,,,,,,,,,,,,,,,,,,
2026,2,otc,2026-08-20,8087,麗升能源,,,,34551.0,,10402,,,,,,,,,,,13196,,0,0.56,485728.0,413399,,,72329.0,,,72329.0,,37778.0,-5647.0,32131,21729,21729,-8533,13196,21729,,0,,,,,,,,,,,,,,,
2026,2,otc,2026-08-20,8088,品安,,,,45856.0,,17839,,,,,,,,,,,,,,1.14,876233.0,752545,,,123688.0,,,123688.0,,77832.0,9652.0,87484,69645,69645,33206,102851,,,,,,,,,,,,,,,,,,
2026,2,otc,2026-08-20,8089,康全電訊,,,,189267.0,,2090,,,,,,,,,,,-109881,,,-1.47,209296.0,141432,,,67864.0,,,67864.0,,-121403.0,26146.0,-95257,-97347,-97347,-12534,-109881,-97347,,,,,,,,,,,,,,,,,
2026,2,otc,2026-08-20,8091,翔名,,,,219326.0,,70391,,,,,,,,,,,333005,,-1538,5.85,1541329.0,961196,,,580133.0,,,580133.0,,360807.0,16957.0,377764,307373,307373,24094,331467,308882,,-1509,,,,,,,,,,,,,,,
2026,2,otc,2026-08-20,8092,建暐,,,,35989.0,,0,,,,,,,,,,,-16621,,-1,-0.28,142804.0,121828,,,20976.0,,,20976.0,,-15013.0,-1133.0,-16146,-16146,-16146,-476,-16622,-16145,,-1,,,,,,,,,,,,,,,
2026,2,otc,2026-08-20,8093,保銳,,,,54438.0,,-293,,,,,,,,,,,-27309,,545,-0.66,127804.0,108664,,,19140.0,,,19140.0,,-35298.0,3378.0,-31920,-31627,-31627,4863,-26764,-32172,,545,,,,,,,,,,,,,,,
2026,2,otc,2026-08-20,8096,擎亞,,,,444413.0,,3734,,,,,,,,,,,510061,,,3.31,27489960.0,26441721,,,1048239.0,,,1048239.0,,603826.0,-106446.0,497380,493646,493646,16415,510061,493646,,,,,,,,,,,,,,,,,
2026,2,otc,2026-08-20,8097,常珵,,,,50372.0,,288,,,,,,,,,,,-69628,,,-1.14,158297.0,149218,,,9079.0,0,0,9079.0,,-41293.0,-28382.0,-69675,-69963,-69963,335,-69628,-69963,,,,,,,,,,,,,,,,,
2026,2,otc,2026-08-20,8099,大世科,,,,411487.0,,46095,,,,,,,,,,,158190,,,1.58,2525392.0,1923645,,,601747.0,,,601747.0,,190260.0,14057.0,204317,158222,158222,-32,158190,158222,,,,,,,,,,,,,,,,,
2026,2,otc,2026-08-20,8102,傑霖科技,,,,58896.0,,5780,,,,,,,,,,,32435,,,1.39,224773.0,130953,,,93820.0,,,93820.0,,34924.0,3227.0,38151,32371,32371,64,32435,32371,,,,,,,,,,,,,,,,,
2026,2,otc,2026-08-20,8107,大億金茂,,,,115389.0,,-15303,,,,,,,,,,,101612,,0,1.05,343854.0,289060,,,54794.0,,,54794.0,,-60595.0,123797.0,63202,78505,78505,23107,101612,78505,,0,,,,,,,,,,,,,,,
2026,2,otc,2026-08-20,8109,博大,,,,146622.0,,71178,,,,,,,,,,,337790,,,3.84,1024251.0,508386,,,515865.0,,,515865.0,,369243.0,15877.0,385120,313942,313942,23848,337790,313942,,,,,,,,,,,,,,,,,
2026,2,otc,2026-08-20,8111,立碁,,,,115579.0,,7195,,,,,,,,,,,76317,,302,0.43,401295.0,281802,,,119493.0,,,119493.0,0,3914.0,50359.0,54273,47078,47078,29541,76619,46826,,252,,,,,,,,,,,,,,,
2026,2,otc,2026-08-20,8121,越峰,,,,295802.0,,10410,,,,,,,,,,,58968,,-335,0.0,1745282.0,1430297,,,314985.0,,,314985.0,,19183.0,-24971.0,-5788,-16198,-16198,74831,58633,875,,-17073,,,,,,,,,,,,,,,
2026,2,otc,2026-08-20,8147,正淩,,,,283929.0,,18342,,,,,,,,,,,64992,,547,1.38,983103.0,610473,,,372630.0,,,372630.0,,88701.0,-12395.0,76306,57964,57964,7575,65539,57390,,574,,,,,,,,,,,,,,,
2026,2,otc,2026-08-20,8155,博智,,,,298176.0,,70363,,,,,,,,,,,407625,0,630,6.69,3129920.0,2380963,,,748957.0,,,748957.0,,450781.0,21186.0,471967,401604,401604,6651,408255,402917,0,-1313,,,,,,,,,,,,,,,
2026,2,otc,2026-08-20,8171,天宇,,,,143802.0,,-3116,,,,,,,,,,,-71201,,-14929,-0.68,235940.0,231589,,,4351.0,,,4351.0,,-139451.0,45792.0,-93659,-90543,-90543,4413,-86130,-75614,,-14929,,,,,,,,,,,,,,,
2026,2,otc,2026-08-20,8176,智捷,,,,65081.0,,2261,,,,,,,,,,,16252,,-1090,0.0,166368.0,97418,,,68950.0,,,68950.0,-406,3463.0,-1635.0,1828,-433,-433,15595,15162,154,,-587,,,,,,,,,,,,,,,
2026,2,otc,2026-08-20,8182,加高,,,,174931.0,,11959,,,,,,,,,,,-7727,,-369,0.32,1404173.0,1225022,,,179151.0,,,179151.0,,4220.0,41466.0,45686,33727,33727,-41823,-8096,33734,,-7,,,,,,,,,,,,,,,
2026,2,otc,2026-08-20,8183,精星,,,,398624.0,,41703,,,,,,,,,,,626857,,,1.04,4067379.0,3557704,,,509675.0,,,509675.0,,111051.0,56175.0,167226,125523,125523,501334,626857,125523,,,,,,,,,,,,,,,,,
2026,2,otc,2026-08-20,8227,巨有科技,,,,103179.0,,17304,,,,,,,,,,,128046,,,3.23,982601.0,808116,,,174485.0,,,174485.0,,71306.0,73630.0,144936,127632,127632,414,128046,127632,,,,,,,,,,,,,,,,,
2026,2,otc,2026-08-20,8234,新漢,,,,684139.0,,-4877,,,,,,,,,,,-23110,,1874,-0.16,2823290.0,2175940,,,647350.0,,,647350.0,,-36789.0,12784.0,-24005,-19128,-19128,-2108,-21236,-22500,,3372,,,,,,,,,,,,,,,
2026,2,otc,2026-08-20,8240,華宏,,,,384889.0,,26576,,,,,,,,,,,367653,,3098,1.18,3252347.0,2790880,,,461467.0,,,461467.0,,76578.0,66198.0,142776,116200,116200,254551,370751,118058,,-1858,,,,,,,,,,,,,,,
2026,2,otc,2026-08-20,8255,朋程,,,,837251.0,,65217,,,,,,,,,,,1722031,,-55122,3.14,4068745.0,2971732,,,1097013.0,,,1097013.0,,259762.0,67859.0,327621,262404,262404,1404505,1666909,319210,,-56806,,,,,,,,,,,,,,,
2026,2,otc,2026-08-20,8272,全景軟體,,,,118110.0,,8430,,,,,,,,,,,,,,1.45,200377.0,51460,,,148917.0,,,148917.0,,30807.0,5181.0,35988,27558,27558,,27558,,,,,,,,,,,,,,,,,,
2026,2,otc,2026-08-20,8277,商丞,,,,35374.0,,1,,,,,,,,,,,-16797,0,0,-0.18,56391.0,37235,,,19156.0,,,19156.0,,-16218.0,-558.0,-16776,-16777,-16777,-20,-16797,-16777,,0,,,,,,,,,,,,,,,
2026,2,otc,2026-08-20,8279,生展,,,,196606.0,,24889,,,,,,,,,,,103389,,,3.81,1010074.0,685986,,,324088.0,,,324088.0,,127482.0,527.0,128009,103120,103120,269,103389,103120,,,,,,,,,,,,,,,,,
2026,2,otc,2026-08-20,8284,三竹,,,,240819.0,,30303,,,,,,,,,,,145258,,,3.13,1562371.0,1156244,,,406127.0,,,406127.0,,165308.0,10253.0,175561,145258,145258,,145258,145258,,,,,,,,,,,,,,,,,
2026,2,otc,2026-08-20,8289,泰藝,,,,177517.0,,13123,,,,,,,,,,,89932,,0,0.63,954096.0,725652,,,228444.0,,,228444.0,,50927.0,5531.0,56458,43335,43335,46597,89932,43335,,0,,,,,,,,,,,,,,,
2026,2,otc,2026-08-20,8291,尚茂,,,,7576.0,,27,,,,,,,,,,,,,,-0.91,2550.0,7310,,,-4760.0,,,-4760.0,,-12336.0,-3479.0,-15815,-15842,-15842,,-15842,,,,,,,,,,,,,,,,,,
2026,2,otc,2026-08-20,8299,群聯,,,,28241279.0,,7578661,,,,,,,,,,,41692692,,2523,187.43,108855209.0,39165654,,,69689555.0,237302,,69452253.0,,41210974.0,7761735.0,48972709,41394048,41394048,301167,41695215,41391228,,2820,,,,,,,,,,,,,,,
2026,2,otc,2026-08-20,8342,益張,,,,106120.0,,20704,,,,,,,,,,,126966,,1329,3.94,818969.0,593049,,,225920.0,,,225920.0,,119800.0,34233.0,154033,133329,133329,-5034,128295,132000,,1329,,,,,,,,,,,,,,,
2026,2,otc,2026-08-20,8349,恒耀國際,,,,895585.0,,103665,,,,,,,,,,,498080,,-33514,1.12,5885045.0,4630228,,,1254817.0,,,1254817.0,-1051,358181.0,-39183.0,318998,215333,215333,249233,464566,255159,,-39826,,,,,,,,,,,,,,,
2026,2,otc,2026-08-20,8354,冠好,,,,59202.0,,25926,,,,,,,,,,,116542,,,1.39,341537.0,274885,,,66652.0,,,66652.0,,7450.0,127750.0,135200,109274,109274,7268,116542,109274,,,,,,,,,,,,,,,,,
2026,2,otc,2026-08-20,8358,金居,,,,161362.0,,272734,,,,,,,,,,,2294632,,,4.22,5336763.0,3841632,,,1495131.0,,,1495131.0,,1333769.0,3621.0,1337390,1064656,1064656,1229976,2294632,1064656,,,,,,,,,,,,,,,,,
2026,2,otc,2026-08-20,8383,千附,,,,218722.0,,92995,,,,,,,,,,,302788,,65583,2.66,2414227.0,1834190,,,580037.0,,,580037.0,,361315.0,96889.0,458204,365209,365209,3162,368371,299626,,65583,,,,,,,,,,,,,,,
2026,2,otc,2026-08-20,8390,金益鼎,,,,163576.0,,118440,,,,,,,,,,,487143,,-6695,5.16,3349690.0,2443161,,,906529.0,,,906529.0,,742953.0,-130977.0,611976,493536,493536,-13088,480448,495740,,-2204,,,,,,,,,,,,,,,
2026,2,otc,2026-08-20,8401,白紗科,,,,140409.0,,19331,,,,,,,,,,,,,,1.08,769948.0,532164,,,237784.0,,,237784.0,,97375.0,-1424.0,95951,76620,76620,,76620,,,,,,,,,,,,,,,,,,
2026,2,otc,2026-08-20,8403,盛弘,,,,302242.0,,19961,,,,,,,,,,,-39812,,-7793,0.58,2262719.0,1904865,,,357854.0,,,357854.0,34352,89964.0,4084.0,94048,74087,74087,-121692,-47605,79385,,-5298,,,,,,,,,,,,,,,
2026,2,otc,2026-08-20,8409,商之器,,,,92005.0,,-1945,,,,,,,,,,,-18763,,,-0.63,87356.0,19729,,,67627.0,14,,67613.0,,-24392.0,2366.0,-22026,-20081,-20081,1318,-18763,-20081,,,,,,,,,,,,,,,,,
2026,2,otc,2026-08-20,8410,森田,,,,120636.0,,9379,,,,,,,,,,,,,,1.03,432905.0,294510,,,138395.0,,,138395.0,,17759.0,29134.0,46893,37514,37514,0,37514,,,,,,,,,,,,,,,,,,
2026,2,otc,2026-08-20,8415,大國鋼,,,,2486980.0,,842065,,,,,,,,,,,3548855,,-15506,2.17,14073408.0,8511022,,,5562386.0,,,5562386.0,529,3075935.0,-28743.0,3047192,2205127,2205127,1328222,3533349,2218805,,-13678,,,,,,,,,,,,,,,
2026,2,otc,2026-08-20,8416,實威,,,,226582.0,,53982,,,,,,,,,,,191669,,,6.58,844252.0,386335,,,457917.0,,,457917.0,,231335.0,8365.0,239700,185718,185718,5951,191669,185718,,,,,,,,,,,,,,,,,
2026,2,otc,2026-08-20,8421,旭源,,,,108635.0,,491,,,,,,,,,,,3907,,4738,0.27,672638.0,531627,,,141011.0,1784,-21,139206.0,1816,32387.0,-15625.0,16762,16271,16271,-7626,8645,14589,,1682,,,,,,,,,,,,,,,
2026,2,otc,2026-08-20,8424,惠普,,,,57585.0,,10795,,,,,,,,,,,116938,,,3.24,547421.0,369535,,,177886.0,,,177886.0,,120301.0,7432.0,127733,116938,116938,,116938,116938,,,,,,,,,,,,,,,,,
2026,2,otc,2026-08-20,8431,匯鑽科,,,,146836.0,,-6077,,,,,,,,,,,-98741,,-9318,-2.31,454349.0,412211,,,42138.0,,,42138.0,,-104698.0,-18542.0,-123240,-117163,-117163,9104,-108059,-112584,,-4579,,,,,,,,,,,,,,,
2026,2,otc,2026-08-20,8432,東生華,,,,213699.0,,33416,,,,,,,,,,,72527,,13750,2.2,616505.0,276491,,,340014.0,,,340014.0,,126315.0,5414.0,131729,98313,98313,-12036,86277,84563,,13750,,,,,,,,,,,,,,,
2026,2,otc,2026-08-20,8433,弘帆,,,,265574.0,,32981,,,,,,,,,,,208199,,,2.79,1754713.0,1347289,,,407424.0,,,407424.0,,141850.0,43424.0,185274,152293,152293,55906,208199,152293,,,,,,,,,,,,,,,,,
2026,2,otc,2026-08-20,8435,鉅邁,,,,101839.0,,14272,,,,,,,,,,,108402,,-1988,2.88,325741.0,166924,,,158817.0,,,158817.0,,56978.0,54148.0,111126,96854,96854,9560,106414,98842,,-1988,,,,,,,,,,,,,,,
2026,2,otc,2026-08-20,8436,大江,,,,950772.0,,74301,,,,,,,,,,,622617,,77398,4.13,3354161.0,1796494,,,1557667.0,,,1557667.0,,606895.0,5439.0,612334,538033,538033,161982,700015,455248,,82785,,,,,,,,,,,,,,,
2026,2,otc,2026-08-20,8440,綠電,,,,38724.0,,10506,,,,,,,,,,,33639,,,0.67,445955.0,360143,,,85812.0,,,85812.0,,47088.0,-2943.0,44145,33639,33639,,33639,33639,,,,,,,,,,,,,,,,,
2026,2,otc,2026-08-20,8446,華研,,,,129987.0,,52527,,,,,,,,,,,204044,,-952,3.85,616921.0,244376,,,372545.0,,,372545.0,,242558.0,12883.0,255441,202914,202914,178,203092,203880,,-966,,,,,,,,,,,,,,,
2026,2,otc,2026-08-20,8450,霹靂,,,,92857.0,,0,,,,,,,,,,,-6442,,-172,-0.18,181502.0,112546,,,68956.0,,,68956.0,,-23901.0,14696.0,-9205,-9205,-9205,2591,-6614,-9031,,-174,,,,,,,,,,,,,,,
2026,2,otc,2026-08-20,8472,納維康,,,,97128.0,,8139,,,,,,,,,,,-11650,,,-0.66,248738.0,162671,,,86067.0,,,86067.0,,-11061.0,7526.0,-3535,-11674,-11674,24,-11650,-11674,,,,,,,,,,,,,,,,,
2026,2,otc,2026-08-20,8477,創業家,,,,42683.0,,2434,,,,,,,,,,,113457,,2784,0.32,221397.0,189627,,,31770.0,,,31770.0,,-10913.0,37554.0,26641,24207,24207,92034,116241,21423,,2784,,,,,,,,,,,,,,,
2026,2,otc,2026-08-20,8489,三貝德,,,,428196.0,,14985,,,,,,,,,,,52898,,34801,0.89,968944.0,433998,,,534946.0,,,534946.0,,106750.0,-4084.0,102666,87681,87681,18,87699,52880,,34801,,,,,,,,,,,,,,,
2026,2,otc,2026-08-20,8905,裕國,,,,70469.0,,14384,,,,,,,,,,,82899,,35,0.59,1107212.0,963586,,,143626.0,,,143626.0,,73157.0,8864.0,82021,67637,67637,15297,82934,67627,,10,,,,,,,,,,,,,,,
2026,2,otc,2026-08-20,8906,花王,,,,23284.0,,0,,,,,,,,,,,-4784,,,-0.47,100728.0,92231,,,8497.0,,,8497.0,,-14787.0,-4938.0,-19725,-19725,-19725,14941,-4784,-19725,,,,,,,,,,,,,,,,,
2026,2,otc,2026-08-20,8908,欣雄,,,,127193.0,,83420,,,,,,,,,,,246791,,133,1.03,5261793.0,4714500,,,547293.0,,,547293.0,,420100.0,-13462.0,406638,323218,323218,-76294,246924,323085,,133,,,,,,,,,,,,,,,
2026,2,otc,2026-08-20,8916,光隆,,,,370482.0,,71422,,,,,,,,,,,191011,,-509,1.39,3721568.0,3223961,,,497607.0,,,497607.0,,127125.0,151956.0,279081,207659,207659,-17157,190502,207732,,-73,,,,,,,,,,,,,,,
2026,2,otc,2026-08-20,8917,欣泰,,,,61044.0,,50446,,,,,,,,,,,,,,1.44,1544756.0,1249926,,,294830.0,,,294830.0,,233786.0,50838.0,284624,234178,234178,7161,241339,,,,,,,,,,,,,,,,,,
2026,2,otc,2026-08-20,8921,沈氏,,,,62981.0,,318,,,,,,,,,,,119947,,-12925,-0.64,306931.0,283578,,,23353.0,,,23353.0,,-39628.0,-4695.0,-44323,-44641,-44641,151663,107022,-29838,,-14803,,,,,,,,,,,,,,,
2026,2,otc,2026-08-20,8923,時報,,,,91530.0,,2197,,,,,,,,,,,11794,,,0.38,235804.0,140681,,,95123.0,,,95123.0,,3593.0,10109.0,13702,11505,11505,289,11794,11505,,,,,,,,,,,,,,,,,
2026,2,otc,2026-08-20,8924,大田,,,,182460.0,,24080,,,,,,,,,,,91621,,,-0.58,2016062.0,1842667,,,173395.0,,,173395.0,,-9065.0,-15263.0,-24328,-48408,-48408,140029,91621,-48408,,,,,,,,,,,,,,,,,
2026,2,otc,2026-08-20,8927,北基,,,,702697.0,,123420,,,,,,,,,,,251016,,114981,0.62,7636750.0,6420351,,,1216399.0,,,1216399.0,,513702.0,-11113.0,502589,379169,379169,-13172,365997,263130,,116039,,,,,,,,,,,,,,,
2026,2,otc,2026-08-20,8928,鉅明,,,,160171.0,,9924,,,,,,,,,,,42483,,,0.82,1370489.0,1196208,,,174281.0,,,174281.0,,14110.0,37690.0,51800,41876,41876,607,42483,41876,,,,,,,,,,,,,,,,,
2026,2,otc,2026-08-20,8929,富堡,,,,121498.0,,-2008,,,,,,,,,,,13759,,1391,0.16,349244.0,265995,,,83249.0,,,83249.0,,-38249.0,45068.0,6819,8827,8827,6323,15150,7993,,834,,,,,,,,,,,,,,,
2026,2,otc,2026-08-20,8930,青鋼,,,,81579.0,,23178,,,,,,,,,,,,,,1.19,708946.0,522282,,,186664.0,,,186664.0,,105085.0,13663.0,118748,95570,95570,,95570,,,,,,,,,,,,,,,,,,
2026,2,otc,2026-08-20,8931,大汽電,,,,75852.0,,13814,,,,,,,,,,,,,,0.73,1304430.0,1113165,,,191265.0,,,191265.0,,115413.0,-11890.0,103523,89709,89709,55859,145568,,,,,,,,,,,,,,,,,,
2026,2,otc,2026-08-20,8932,智通*,,,,212085.0,,157767,,,,,,,,,,,402958,,30870,1.13,1291075.0,504076,,,786999.0,,,786999.0,,574914.0,11444.0,586358,428591,428591,5237,433828,399852,,28739,,,,,,,,,,,,,,,
2026,2,otc,2026-08-20,8933,愛地雅,,,,203519.0,,9700,,,,,,,,,,,-157416,,,-0.55,1171195.0,1147436,,,23759.0,,,23759.0,,-179760.0,8899.0,-170861,-180561,-180561,23145,-157416,-180561,,,,,,,,,,,,,,,,,
2026,2,otc,2026-08-20,8935,邦泰,,,,57050.0,,2821,,,,,,,,,,,766,,,-0.18,247785.0,207999,,,39786.0,,,39786.0,,-17264.0,-186.0,-17450,-20271,-20271,21037,766,-20271,,,,,,,,,,,,,,,,,
2026,2,otc,2026-08-20,8936,國統,,,,112964.0,,136132,,,,,,,,,,,336154,,28840,1.87,3318000.0,2571059,,,746941.0,,,746941.0,,633977.0,-786.0,633191,497059,497059,-132065,364994,462871,,34188,,,,,,,,,,,,,,,
2026,2,otc,2026-08-20,8937,合騏*,,,,175355.0,,-13298,,,,,,,,,,,-87417,,8727,-0.21,403523.0,310883,,,92640.0,,,92640.0,,-82715.0,-10621.0,-93336,-80038,-80038,1348,-78690,-88765,,8727,,,,,,,,,,,,,,,
2026,2,otc,2026-08-20,8938,明安,,,,792439.0,,40274,,,,,,,,,,,291425,,,1.34,7287585.0,6344719,,,942866.0,,,942866.0,67848,218275.0,29179.0,247454,207180,207180,84245,291425,207180,,,,,,,,,,,,,,,,,
2026,2,otc,2026-08-20,8941,關中,,,,432070.0,,16535,,,,,,,,,,,216243,,-5135,2.36,1565290.0,1140756,,,424534.0,,,424534.0,,-7536.0,100285.0,92749,76214,76214,134894,211108,82456,,-6242,,,,,,,,,,,,,,,
2026,2,otc,2026-08-20,8942,森鉅,,,,333810.0,,50315,,,,,,,,,,,826929,,-120434,4.06,1368758.0,1260141,,,108617.0,0,0,108617.0,,-225193.0,981083.0,755890,705575,705575,920,706495,807329,,-101754,,,,,,,,,,,,,,,
2026,2,otc,2026-08-20,9949,琉園,,,,60774.0,,407,,,,,,,,,,,-1917,,,-0.13,70908.0,25289,,,45619.0,,,45619.0,,-15155.0,9776.0,-5379,-5786,-5786,3869,-1917,-5786,,,,,,,,,,,,,,,,,
2026,2,otc,2026-08-20,9950,萬國通,,,,255875.0,,-496,,,,,,,,,,,-50304,,0,-0.32,1041386.0,829761,,,211625.0,,,211625.0,,-44250.0,-9843.0,-54093,-53597,-53597,3293,-50304,-53597,,0,,,,,,,,,,,,,,,
2026,2,otc,2026-08-20,9951,皇田,,,,543553.0,,53762,,,,,,,,,,,271889,,,2.54,3250670.0,2495585,,,755085.0,,,755085.0,,211532.0,26518.0,238050,184288,184288,87601,271889,184288,,,,,,,,,,,,,,,,,
2026,2,otc,2026-08-20,9960,邁達康,,,,88756.0,,11184,,,,,,,,,,,104653,,,0.98,354900.0,226482,,,128418.0,,,128418.0,,39662.0,4388.0,44050,32866,32866,71787,104653,32866,,,,,,,,,,,,,,,,,
2026,2,otc,2026-08-20,9962,有益,,,,43205.0,,5228,,,,,,,,,,,23928,,0,0.23,903745.0,836341,,,67404.0,,,67404.0,,24199.0,1857.0,26056,20828,20828,3100,23928,20828,,0,,,,,,,,,,,,,,,
2026,2,sii,2026-08-20,1101,台泥,,,,7821547.0,,2064537,,,,,,,,,,,12009761,,3652958,0.38,71289957.0,58298233,,,12991724.0,,,12991724.0,,5170177.0,1464159.0,6634336.0,4569799.0,4569799.0,11092920,15662719.0,3279780,,1290019,,,,,,,,,,,,,,,
2026,2,sii,2026-08-20,1102,亞泥,,,,1533693.0,,633989,,,,,,,,,,,12308387,,927134,2.13,32660010.0,28230836,,,4429174.0,,,4429174.0,,2895481.0,4768972.0,7664453.0,7030464.0,7030464.0,6205057,13235521.0,7113707,,-83243,,,,,,,,,,,,,,,
2026,2,sii,2026-08-20,1103,嘉泥,,,,263292.0,,24596,,,,,,,,,,,481903,,18866,0.27,1355713.0,1074442,,,281271.0,,,281271.0,,17979.0,187614.0,205593.0,180997.0,180997.0,319772,500769.0,177414,,3583,,,,,,,,,,,,,,,
2026,2,sii,2026-08-20,1104,環泥,,,,419597.0,,105929,,,,,,,,,,,1720470,,12502,1.13,3559282.0,2592850,,,966432.0,,,966432.0,,546835.0,344039.0,890874.0,784945.0,784945.0,948027,1732972.0,772816,,12129,,,,,,,,,,,,,,,
2026,2,sii,2026-08-20,1108,幸福,,,,116418.0,,42405,,,,,,,,,,,116899,,,0.22,1903969.0,1654402,,,249567.0,,,249567.0,-27,133122.0,-2910.0,130212.0,87807.0,87807.0,29092,116899.0,87807,,,,,,,,,,,,,,,,,
2026,2,sii,2026-08-20,1109,信大,,,,138627.0,,22897,,,,,,,,,,,186081,,44918,0.15,1857847.0,1688329,,,169518.0,,,169518.0,,30891.0,19417.0,50308.0,27411.0,27411.0,203588,230999.0,50378,,-22967,,,,,,,,,,,,,,,
2026,2,sii,2026-08-20,1110,東泥,,,,90026.0,,19130,,,,,,,,,,,208308,,6746,0.34,1267331.0,1065054,,,202277.0,,,202277.0,,112251.0,107045.0,219296.0,200166.0,200166.0,14888,215054.0,193373,,6793,,,,,,,,,,,,,,,
2026,2,sii,2026-08-20,1201,味全,,,,2826165.0,,-45373,,,,,,,,,,,401182,,548,0.48,10445618.0,7664790,,,2780828.0,,,2780828.0,,-45337.0,244027.0,198690.0,244063.0,244063.0,157667,401730.0,243515,,548,,,,,,,,,,,,,,,
2026,2,sii,2026-08-20,1203,味王,,,,505203.0,,128097,,0,,,,,,,,,350971,,67705,0.93,2634732.0,1731580,,,903152.0,,,903152.0,,397949.0,59229.0,457178.0,329081.0,329081.0,89595,418676.0,221005,,108076,,,,,,,,,,,,,,,
2026,2,sii,2026-08-20,1210,大成,,,,5288445.0,,538731,,,,,,,,,,,1587093,,630523,1.48,53866680.0,46483753,,,7382927.0,,,7382927.0,,2094482.0,11061.0,2105543.0,1566812.0,1566812.0,650804,2217616.0,1235222,,331590,,,,,,,,,,,,,,,
2026,2,sii,2026-08-20,1213,大飲,,,,20313.0,,943,,,,,,,,,,,-30577,,,-0.56,150587.0,153262,,,-2675.0,,,-2675.0,,-22988.0,-7639.0,-30627.0,-31570.0,-31570.0,993,-30577.0,-31570,,,,,,,,,,,,,,,,,
2026,2,sii,2026-08-20,1215,卜蜂,,,,1265574.0,,258160,,,,,,,,,,,556817,,10825,3.24,14401643.0,11770773,,,2630870.0,,,2630870.0,-31542,1333754.0,-110523.0,1223231.0,965071.0,965071.0,-397429,567642.0,954246,,10825,,,,,,,,,,,,,,,
2026,2,sii,2026-08-20,1216,統一,,,,98062130.0,,6783633,,,,,,,,,,,17577338,,7657778,2.56,349938252.0,231366231,,,118572021.0,,,118572021.0,,20509891.0,7295825.0,27805716.0,21022083.0,21022083.0,4213033,25235116.0,14550259,,6471824,,,,,,,,,,,,,,,
2026,2,sii,2026-08-20,1217,愛之味,,,,599465.0,,12204,,,,,,,,,,,-2016,,8803,0.19,2353539.0,1734362,,,619177.0,,,619177.0,,19712.0,98284.0,117996.0,105792.0,105792.0,-99005,6787.0,91765,,14027,,,,,,,,,,,,,,,
2026,2,sii,2026-08-20,1218,泰山,,,,573953.0,,54733,,,,,,,,,,,-800283,,-3428,-1.62,5034600.0,4241157,,,793443.0,314,304,793433.0,-269600,-50120.0,-681825.0,-731945.0,-786678.0,-786678.0,-17033,-803711.0,-786933,,255,,,,,,,,,,,,,,,
2026,2,sii,2026-08-20,1219,福壽,,,,573632.0,,-30443,,,,,,,,,,,-303151,,-67992,-0.9,6969192.0,6598824,,1454,371822.0,-609,361,372792.0,,-200840.0,-206695.0,-407535.0,-377092.0,-377092.0,5949,-371143.0,-308109,,-68983,,,,,,,,,,,,,,,
2026,2,sii,2026-08-20,1220,台榮,,,,157106.0,,-3002,,,,,,,,,,,-21588,,4310,-0.12,1506585.0,1374930,,,131655.0,,,131655.0,,-25451.0,5779.0,-19672.0,-16670.0,-16670.0,-608,-17278.0,-21371,,4701,,,,,,,,,,,,,,,
2026,2,sii,2026-08-20,1225,福懋油,,,,317370.0,,20136,,,,,,,,,,,-152088,,34067,-0.65,6228202.0,5839418,30108,,418892.0,161,,418731.0,,101361.0,-204738.0,-103377.0,-123513.0,-123513.0,5492,-118021.0,-157580,,34067,,,,,,,,,,,,,,,
2026,2,sii,2026-08-20,1227,佳格,,,,2675057.0,,144451,,,,,,,,,,,967185,,8825,0.8,13933697.0,10681057,,,3252640.0,,,3252640.0,,577583.0,304796.0,882379.0,737928.0,737928.0,238082,976010.0,730773,,7155,,,,,,,,,,,,,,,
2026,2,sii,2026-08-20,1229,聯華,,,,682244.0,,250126,,,,,,,,,,,9058284,,5592402,1.19,5033955.0,3960804,,,1073151.0,,,1073151.0,,390907.0,2109865.0,2500772.0,2250646.0,2250646.0,12400040,14650686.0,2166988,,83658,,,,,,,,,,,,,,,
2026,2,sii,2026-08-20,1231,聯華食,,,,797446.0,,90662,,,,,,,,,,,698241,,-8,2.31,6325950.0,5054327,,,1271623.0,,,1271623.0,,474177.0,304215.0,778392.0,687730.0,687730.0,10503,698233.0,688496,,-766,,,,,,,,,,,,,,,
2026,2,sii,2026-08-20,1232,大統益,,,,629668.0,,195723,,,,,,,,,,,762653,,37206,4.71,11481997.0,9892302,,,1589695.0,,,1589695.0,,960027.0,26046.0,986073.0,790350.0,790350.0,9509,799859.0,753144,,37206,,,,,,,,,,,,,,,
2026,2,sii,2026-08-20,1233,天仁,,,,621898.0,,10920,,,,,,,,,,,68147,,32,0.59,1116827.0,440721,,,676106.0,,,676106.0,,54208.0,9719.0,63927.0,53007.0,53007.0,15172,68179.0,53007,,0,,,,,,,,,,,,,,,
2026,2,sii,2026-08-20,1234,黑松,,,,1101051.0,,80895,,,,,,,,,,,250393,,,0.6,4436617.0,3225524,,,1211093.0,,,1211093.0,,110042.0,211686.0,321728.0,240833.0,240833.0,9560,250393.0,240833,,,,,,,,,,,,,,,,,
2026,2,sii,2026-08-20,1235,興泰,,,,29570.0,,1411,,,,,,,,,,,-145838,,-8777,0.29,93120.0,65952,,,27168.0,,,27168.0,,-2402.0,40044.0,37642.0,36231.0,36231.0,-190846,-154615.0,31225,,5006,,,,,,,,,,,,,,,
2026,2,sii,2026-08-20,1236,宏亞,,,,244063.0,,-10298,,,,,,,,,,,232367,,,-0.16,885268.0,673459,,,211809.0,,,211809.0,,-32254.0,8207.0,-24047.0,-13749.0,-13749.0,246116,232367.0,-13749,,,,,,,,,,,,,,,,,
2026,2,sii,2026-08-20,1301,台塑,,,,5957378.0,,315189,,,,,,,,,,,214233359,,,2.19,89239090.0,81703844,,,7535246.0,,,7535246.0,,1577868.0,12657953.0,14235821.0,13920632.0,13920632.0,200312727,214233359.0,13920632,,,,,,,,,,,,,,,,,
2026,2,sii,2026-08-20,1303,南亞,,,,8895761.0,,4619050,,,,,,,,,,,88647805,,1505825,5.17,152243276.0,128229443,,,24013833.0,18958,,23994875.0,,15099114.0,31744935.0,46844049.0,42224999.0,42224999.0,47928631,90153630.0,41007916,,1217083,,,,,,,,,,,,,,,
2026,2,sii,2026-08-20,1304,台聚,,,,2054787.0,,-78042,,,,,,,,,,,271189,,-466821,-0.58,21760221.0,19938079,,,1822142.0,,,1822142.0,,-232645.0,-1376575.0,-1609220.0,-1531178.0,-1531178.0,1335546,-195632.0,-618763,,-912415,,,,,,,,,,,,,,,
2026,2,sii,2026-08-20,1305,華夏,,,,458497.0,,-4109,,,,,,,,,,,30943,,-14534,0.02,5403542.0,4940155,,,463387.0,,,463387.0,,4890.0,-11180.0,-6290.0,-2181.0,-2181.0,18590,16409.0,12365,,-14546,,,,,,,,,,,,,,,
2026,2,sii,2026-08-20,1307,三芳,,,,1084974.0,,213817,,,,,,,,,,,759492,,,1.46,5663392.0,3880290,,,1783102.0,,,1783102.0,,698128.0,96902.0,795030.0,581213.0,581213.0,178279,759492.0,581213,,,,,,,,,,,,,,,,,
2026,2,sii,2026-08-20,1308,亞聚,,,,116457.0,,21907,,,,,,,,,,,649616,,,-0.15,2852287.0,2554418,,,297869.0,,,297869.0,,181412.0,-250030.0,-68618.0,-90525.0,-90525.0,740141,649616.0,-90525,,,,,,,,,,,,,,,,,
2026,2,sii,2026-08-20,1309,台達化,,,,590026.0,,-125509,,,,,,,,,,,-316334,,,-1.18,6173020.0,6017336,,,155684.0,,,155684.0,,-434342.0,-160731.0,-595073.0,-469564.0,-469564.0,153230,-316334.0,-469564,,,,,,,,,,,,,,,,,
2026,2,sii,2026-08-20,1310,台苯,,,,86214.0,,47712,,,,,,,,,,,-1132535,,-956,-1.13,4162400.0,4083389,,,79011.0,,,79011.0,,-7203.0,-544731.0,-551934.0,-599646.0,-599646.0,-533845,-1133491.0,-598688,,-958,,,,,,,,,,,,,,,
2026,2,sii,2026-08-20,1312,國喬,,,,1418513.0,,-48947,,,,,,,,,,,395114,,653614,-1.68,12914268.0,12936263,,,-21995.0,,,-21995.0,,-1440508.0,-489288.0,-1929796.0,-1880849.0,-1880849.0,2929577,1048728.0,-1857485,,-23364,,,,,,,,,,,,,,,
2026,2,sii,2026-08-20,1313,聯成,,,,1396187.0,,144591,,,,,,,,,,,809062,,,0.31,31067465.0,29043083,,,2024382.0,,,2024382.0,,628195.0,-68698.0,559497.0,414906.0,414906.0,394156,809062.0,414906,,,,,,,,,,,,,,,,,
2026,2,sii,2026-08-20,1314,中石化,,,,669108.0,,25,,-8426,,,,,,,,,-900653,,-7720,-0.52,7979691.0,8069332,,,-89641.0,,,-89641.0,,-758749.0,-1226890.0,-1985639.0,-1985664.0,-1994090.0,1085717,-908373.0,-1986324,,-7766,,,,,,,,,,,,,,,
2026,2,sii,2026-08-20,1315,達新,,,,177755.0,,22725,,,,,,,,,,,3613193,,3041,0.45,966968.0,840855,,,126113.0,,,126113.0,,-51642.0,119429.0,67787.0,45062.0,45062.0,3571172,3616234.0,43349,,1713,,,,,,,,,,,,,,,
2026,2,sii,2026-08-20,1316,上曜,,,,1159270.0,,178803,,,,,,,,,,,-126657,,298272,-0.36,3985276.0,2652774,,,1332502.0,,,1332502.0,,173232.0,155389.0,328621.0,149818.0,149818.0,21797,171615.0,-125798,,275616,,,,,,,,,,,,,,,
2026,2,sii,2026-08-20,1319,東陽,,,,1892349.0,,431807,,,,,,,,,,,1920213,,2042,2.98,11293727.0,7621485,,,3672242.0,,,3672242.0,,1779893.0,398369.0,2178262.0,1746455.0,1746455.0,175800,1922255.0,1763188,,-16733,,,,,,,,,,,,,,,
2026,2,sii,2026-08-20,1321,大洋,,,,194391.0,,125790,,,,,,,,,,,379155,,,0.77,1904737.0,1679019,,,225718.0,,,225718.0,,31327.0,265223.0,296550.0,170760.0,170760.0,208395,379155.0,170760,,,,,,,,,,,,,,,,,
2026,2,sii,2026-08-20,1323,永裕,,,,151146.0,,675,,,,,,,,,,,167304,,,1.02,1078599.0,864215,,,214384.0,,,214384.0,,63238.0,30192.0,93430.0,92755.0,92755.0,74549,167304.0,92755,,,,,,,,,,,,,,,,,
2026,2,sii,2026-08-20,1324,地球,,,,63953.0,,3924,,,,,,,,,,,3791,,,-0.03,332426.0,270019,,,62407.0,,,62407.0,,-1546.0,3590.0,2044.0,-1880.0,-1880.0,5671,3791.0,-1880,,,,,,,,,,,,,,,,,
2026,2,sii,2026-08-20,1325,恆大,,,,23528.0,,-4721,,,,,,,,,,,-16019,,1883,-0.3,123378.0,152606,,,-29228.0,,,-29228.0,,-52756.0,20607.0,-32149.0,-27428.0,-27428.0,13292,-14136.0,-25851,,-1577,,,,,,,,,,,,,,,
2026,2,sii,2026-08-20,1326,台化,,,,6803380.0,,1290941,,,,,,,,,,,176525362,,4702779,2.11,168904093.0,157048822,,,11855271.0,,,11855271.0,,5051891.0,9289057.0,14340948.0,13050007.0,13050007.0,168178134,181228141.0,12333837,,716170,,,,,,,,,,,,,,,
2026,2,sii,2026-08-20,1337,再生-KY,,,,166734.0,,0,,,,,,,,,,,-84904,,0,-0.89,288257.0,328889,,,-40632.0,,,-40632.0,,-207366.0,-31443.0,-238809.0,-238809.0,-238809.0,153905,-84904.0,-238809,,0,,,,,,,,,,,,,,,
2026,2,sii,2026-08-20,1339,昭輝,,,,167878.0,,24283,,,,,,,,,,,283252,,20467,3.61,806378.0,603226,,,203152.0,,,203152.0,,35274.0,273295.0,308569.0,284286.0,284286.0,19433,303719.0,267370,,16916,,,,,,,,,,,,,,,
2026,2,sii,2026-08-20,1342,八貫,,,,140741.0,,53699,,,,,,,,,,,,,,4.1,1911043.0,1420281,,,490762.0,,,490762.0,,350021.0,22654.0,372675.0,318976.0,318976.0,,318976.0,,,,,,,,,,,,,,,,,,
2026,2,sii,2026-08-20,1402,遠東新,,,,17683728.0,,3285865,,,,,,,,,,,9926393,,5409127,1.15,130564734.0,103410325,,,27154409.0,,278,27154687.0,645777,10116736.0,4107534.0,14224270.0,10938405.0,10938405.0,4397115,15335520.0,5825160,,5113245,,,,,,,,,,,,,,,
2026,2,sii,2026-08-20,1409,新纖,,,,,3143283.0,645706,,,,,,,,,,,7812874,,550795,1.18,,,,,,,,,,,,,2497577.0,2497577.0,,8363669.0,1893900,,603677,,,,,,,,22040585.0,18897302.0,5866092.0,,,,,
2026,2,sii,2026-08-20,1410,南染,,,,31810.0,,5184,,,,,,,,,,,7966,,-2950,0.13,106764.0,69619,,,37145.0,,,37145.0,,5335.0,4865.0,10200.0,5016.0,5016.0,0,5016.0,7966,,-2950,,,,,,,,,,,,,,,
2026,2,sii,2026-08-20,1413,宏洲,,,,22062.0,,7902,,,,,,,,,,,,,,0.17,1007165.0,968734,,,38431.0,,,38431.0,,16369.0,14394.0,30763.0,22861.0,22861.0,0,22861.0,,,,,,,,,,,,,,,,,,
2026,2,sii,2026-08-20,1414,東和,,,,42991.0,,-882,,,,,,,,,,,111139,,,0.37,240705.0,212357,,,28348.0,,,28348.0,,-14643.0,87293.0,72650.0,73532.0,73532.0,37607,111139.0,73532,,,,,,,,,,,,,,,,,
2026,2,sii,2026-08-20,1416,廣豐,,,,81637.0,,6983,,,,,,,,,,,193399,,12061,0.62,227106.0,136500,,,90606.0,,,90606.0,,8969.0,125185.0,134154.0,127171.0,127171.0,78289,205460.0,115110,,12061,,,,,,,,,,,,,,,
2026,2,sii,2026-08-20,1417,嘉裕,,,,105388.0,,969,,,,,,,,,,,69771,,,-0.09,145264.0,52872,,,92392.0,,,92392.0,,-12996.0,-3626.0,-16622.0,-17591.0,-17591.0,87362,69771.0,-17591,,,,,,,,,,,,,,,,,
2026,2,sii,2026-08-20,1418,東華,,,,43675.0,,0,,,,,,,,,,,-91655,,-3,-1.7,3427.0,3248,,,179.0,,,179.0,0,-43496.0,-48723.0,-92219.0,-92219.0,-92219.0,561,-91658.0,-92216,,-3,,,,,,,,,,,,,,,
2026,2,sii,2026-08-20,1419,新紡,,,,429851.0,,156054,,,,,,,,,,,5806772,,,11.2,2561464.0,1898671,,,662793.0,,,662793.0,,232942.0,3274706.0,3507648.0,3351594.0,3351594.0,2455178,5806772.0,3351594,,,,,,,,,,,,,,,,,
2026,2,sii,2026-08-20,1423,利華,,,,16693.0,,2877,,,,,,,,,,,,,,0.41,44399.0,36748,,,7651.0,,,7651.0,,-9042.0,52888.0,43846.0,40969.0,40969.0,63547,104516.0,,,,,,,,,,,,,,,,,,
2026,2,sii,2026-08-20,1432,大魯閣,,,,188223.0,,-8431,,,,,,,,,,,-122826,,-11137,-1.11,400698.0,339026,,,61672.0,,,61672.0,,-126551.0,-13681.0,-140232.0,-131801.0,-131801.0,-2162,-133963.0,-119751,,-12050,,,,,,,,,,,,,,,
2026,2,sii,2026-08-20,1434,福懋,,,,1229987.0,,54110,,,,,,,,,,,7163395,,0,0.5,14210123.0,12638181,,,1571942.0,,,1571942.0,,341955.0,553014.0,894969.0,840859.0,840859.0,6322536,7163395.0,840859,,0,,,,,,,,,,,,,,,
2026,2,sii,2026-08-20,1435,中福,,,,74295.0,,0,,,,,,,,,,,,,,-0.54,2991.0,1073,,,1918.0,0,,1918.0,,-72377.0,-2582.0,-74959.0,-74959.0,-74959.0,332,-74627.0,,,,,,,,,,,,,,,,,,
2026,2,sii,2026-08-20,1436,華友聯,,,,131374.0,,24829,,,,,,,,,,,28395,,-799,0.14,483042.0,196263,,,286779.0,,,286779.0,,155405.0,-104852.0,50553.0,25724.0,25724.0,1872,27596.0,26523,,-799,,,,,,,,,,,,,,,
2026,2,sii,2026-08-20,1437,勤益控,,,,60905.0,,50367,,,,,,,,,,,424695,,249,2.05,409885.0,142746,,,267139.0,,,267139.0,,206234.0,258879.0,465113.0,414746.0,414746.0,10198,424944.0,414497,,249,,,,,,,,,,,,,,,
2026,2,sii,2026-08-20,1438,三地開發,,,,41294.0,,23525,,,,,,,,,,,,,,0.22,391694.0,236929,,,154765.0,0,0,154765.0,,113471.0,-65485.0,47986.0,24461.0,24461.0,-1368,23093.0,,,,,,,,,,,,,,,,,,
2026,2,sii,2026-08-20,1439,雋揚,,,,32653.0,,10579,,,,,,,,,,,101031,,6380,1.08,115426.0,82942,,,32484.0,,,32484.0,,-169.0,116036.0,115867.0,105288.0,105288.0,2123,107411.0,98908,,6380,,,,,,,,,,,,,,,
2026,2,sii,2026-08-20,1440,南紡,,,,814455.0,,23583,,,,,,,,,,,1458554,,10221,0.14,6563340.0,5859926,,,703414.0,,,703414.0,,-111041.0,366967.0,255926.0,232343.0,232343.0,1236432,1468775.0,225902,,6441,,,,,,,,,,,,,,,
2026,2,sii,2026-08-20,1441,大東,,,,80807.0,,0,,,,,,,,,,,-100133,,0,-1.45,594701.0,586093,,,8608.0,,,8608.0,,-72199.0,-31889.0,-104088.0,-104088.0,-104088.0,3955,-100133.0,-104088,,0,,,,,,,,,,,,,,,
2026,2,sii,2026-08-20,1442,名軒,,,,110505.0,,45044,,,,,,,,,,,262557,,,0.72,832434.0,417135,,,415299.0,,,415299.0,,304794.0,2315.0,307109.0,262065.0,262065.0,492,262557.0,262065,,,,,,,,,,,,,,,,,
2026,2,sii,2026-08-20,1443,立益物流,,,,54141.0,,24055,,,,,,,,,,,90603,,-15506,0.97,463195.0,244195,,,219000.0,,,219000.0,,164859.0,8514.0,173373.0,149318.0,149318.0,-74221,75097.0,131373,,17945,,,,,,,,,,,,,,,
2026,2,sii,2026-08-20,1444,力麗,,,,249798.0,,11169,,2692,,,,,,,,,431209,,-28613,0.14,4476454.0,4288953,,,187501.0,,-724,186777.0,,-63021.0,189981.0,126960.0,115791.0,118483.0,284113,402596.0,142851,,-24368,,,,,,,,,,,,,,,
2026,2,sii,2026-08-20,1445,大宇,,,,62874.0,,0,,,,,,,,,,,75197,,,-0.22,307109.0,265661,,,41448.0,,,41448.0,,-21426.0,-7508.0,-28934.0,-28934.0,-28934.0,104131,75197.0,-28934,,,,,,,,,,,,,,,,,
2026,2,sii,2026-08-20,1446,宏和,,,,64971.0,,4834,,,,,,,,,,,105893,,,0.77,332732.0,196936,,,135796.0,,,135796.0,,70825.0,39674.0,110499.0,105665.0,105665.0,228,105893.0,105665,,,,,,,,,,,,,,,,,
2026,2,sii,2026-08-20,1447,力鵬,,,,367434.0,,21630,,,,,,,,,,,604328,,191029,0.12,16068031.0,15655033,,,412998.0,480,268,412786.0,,45352.0,104276.0,149628.0,127998.0,127998.0,667359,795357.0,100640,,27358,,,,,,,,,,,,,,,
2026,2,sii,2026-08-20,1449,佳和,,,,296225.0,,24930,,,,,,,,,,,201198,,28442,-0.28,1841533.0,1602800,,,238733.0,,,238733.0,,-57492.0,74608.0,17116.0,-7814.0,-7814.0,237454,229640.0,-35590,,27776,,,,,,,,,,,,,,,
2026,2,sii,2026-08-20,1451,年興,,,,340452.0,,46321,,,,,,,,,,,226383,,,0.65,3207569.0,2747935,,,459634.0,,,459634.0,,119182.0,56070.0,175252.0,128931.0,128931.0,97452,226383.0,128931,,,,,,,,,,,,,,,,,
2026,2,sii,2026-08-20,1452,宏益,,,,46505.0,,2642,,,,,,,,,,,50379,,,-0.07,724288.0,683688,,,40600.0,,,40600.0,,-5905.0,-480.0,-6385.0,-9027.0,-9027.0,59406,50379.0,-9027,,,,,,,,,,,,,,,,,
2026,2,sii,2026-08-20,1453,大將,,,,18648.0,,,,,,,,,,,,,61899,,42,0.55,754.0,297,,,457.0,,,457.0,,-18191.0,80132.0,61941.0,61941.0,61941.0,,61941.0,61899,,42,,,,,,,,,,,,,,,
2026,2,sii,2026-08-20,1454,台富,,,,78779.0,,-573,,,,,,,,,,,-59870,,0,-0.41,641555.0,621069,,,20486.0,,,20486.0,-207,-58500.0,8251.0,-50249.0,-49676.0,-49676.0,-10194,-59870.0,-49676,,0,,,,,,,,,,,,,,,
2026,2,sii,2026-08-20,1455,集盛,,,,171862.0,,25036,,,,,,,,,,,491865,,,0.91,2869335.0,2619068,,,250267.0,,,250267.0,,78405.0,431613.0,510018.0,484982.0,484982.0,6883,491865.0,484982,,,,,,,,,,,,,,,,,
2026,2,sii,2026-08-20,1456,怡華,,,,55175.0,,1008,,,,,,,,,,,-100318,,,-1.07,367504.0,211754,,,155750.0,,,155750.0,,100575.0,-199885.0,-99310.0,-100318.0,-100318.0,,-100318.0,-100318,,,,,,,,,,,,,,,,,
2026,2,sii,2026-08-20,1457,宜進,,,,86751.0,,47051,,,,,,,,,,,148734,,45579,0.57,1428012.0,1296537,,,131475.0,,,131475.0,89665,134389.0,89319.0,223708.0,176657.0,176657.0,17656,194313.0,132530,,44127,,,,,,,,,,,,,,,
2026,2,sii,2026-08-20,1459,聯發,,,,56164.0,,45409,,0,,,,,,,,,451947,,-1978,1.28,488149.0,384291,,,103858.0,,,103858.0,,47694.0,391843.0,439537.0,394128.0,394128.0,55841,449969.0,396182,,-2054,,,,,,,,,,,,,,,
2026,2,sii,2026-08-20,1460,宏遠,,,,560936.0,,6712,,,,,,,,,,,-65071,,0,-0.11,3032015.0,2543650,,,488365.0,,,488365.0,-2262,-74833.0,4529.0,-70304.0,-77016.0,-77016.0,11945,-65071.0,-77016,,0,,,,,,,,,,,,,,,
2026,2,sii,2026-08-20,1463,強盛新,,,,35646.0,,7613,,,,,,,,,,,-15302,,-259,-0.13,115179.0,105326,,,9853.0,,,9853.0,,-25793.0,11348.0,-14445.0,-22058.0,-22058.0,6497,-15561.0,-21811,,-247,,,,,,,,,,,,,,,
2026,2,sii,2026-08-20,1464,得力,,,,992422.0,,61047,,,,,,,,,,,243200,,-441,0.36,5947068.0,4783040,,,1164028.0,,,1164028.0,6214,177820.0,25005.0,202825.0,141778.0,141778.0,100981,242759.0,153215,,-11437,,,,,,,,,,,,,,,
2026,2,sii,2026-08-20,1465,偉全,,,,31295.0,,-18510,,,,,,,,,,,,,,0.18,200488.0,202538,,,-2050.0,,,-2050.0,,-33345.0,33789.0,444.0,18954.0,18954.0,,18954.0,,,,,,,,,,,,,,,,,,
2026,2,sii,2026-08-20,1466,聚隆,,,,121246.0,,1062,,,,,,,,,,,43693,,3016,0.37,1111491.0,962381,,,149110.0,,,149110.0,,27864.0,17187.0,45051.0,43989.0,43989.0,2720,46709.0,40973,,3016,,,,,,,,,,,,,,,
2026,2,sii,2026-08-20,1467,南緯,,,,470195.0,,27662,,,,,,,,,,,38874,,9269,-0.09,2461491.0,1998048,,,463443.0,,,463443.0,,-6752.0,23541.0,16789.0,-10873.0,-10873.0,59016,48143.0,-21732,,10859,,,,,,,,,,,,,,,
2026,2,sii,2026-08-20,1468,昶和,,,,50652.0,,30831,,,,,,,,,,,44977,,3174,0.3,263936.0,183041,,,80895.0,,,80895.0,,30243.0,49324.0,79567.0,48736.0,48736.0,-585,48151.0,48660,,76,,,,,,,,,,,,,,,
2026,2,sii,2026-08-20,1470,大統新創,,,,55269.0,,11540,,,,,,,,,,,50476,,,0.58,371627.0,269988,,,101639.0,,,101639.0,271,46641.0,15063.0,61704.0,50164.0,50164.0,312,50476.0,50164,,,,,,,,,,,,,,,,,
2026,2,sii,2026-08-20,1471,首利,,,,55791.0,,0,,,,,,,,,,,13383,,3268,0.16,47348.0,56448,,,-9100.0,,,-9100.0,,-64891.0,88348.0,23457.0,23457.0,23457.0,-6806,16651.0,23480,,-23,,,,,,,,,,,,,,,
2026,2,sii,2026-08-20,1472,三洋實業,,,,61381.0,,35794,,,,,,,,,,,192302,,-140,3.47,1910645.0,1636700,,,273945.0,,,273945.0,,212564.0,5453.0,218017.0,182223.0,182223.0,9939,192162.0,182363,,-140,,,,,,,,,,,,,,,
2026,2,sii,2026-08-20,1473,台南,,,,546585.0,,16196,,,,,,,,,,,132489,,,0.69,3390344.0,2770966,,,619378.0,,,619378.0,,72793.0,44715.0,117508.0,101312.0,101312.0,31177,132489.0,101312,,,,,,,,,,,,,,,,,
2026,2,sii,2026-08-20,1474,弘裕,,,,158429.0,,23,,,,,,,,,,,64040,,-1187,0.07,1370361.0,1227426,,,142935.0,,,142935.0,,-15494.0,23123.0,7629.0,7606.0,7606.0,55247,62853.0,9322,,-1716,,,,,,,,,,,,,,,
2026,2,sii,2026-08-20,1475,業旺,,,,65863.0,,27139,,,,,,,,,,,70771,,,1.06,723654.0,595675,,,127979.0,,,127979.0,,62116.0,34716.0,96832.0,69693.0,69693.0,1078,70771.0,69693,,,,,,,,,,,,,,,,,
2026,2,sii,2026-08-20,1476,儒鴻,,,,1991781.0,,912032,,,,,,,,,,,3497052,,,12.35,19706874.0,13585263,,,6121611.0,,,6121611.0,,4129830.0,169628.0,4299458.0,3387426.0,3387426.0,109626,3497052.0,3387426,,,,,,,,,,,,,,,,,
2026,2,sii,2026-08-20,1477,聚陽,,,,1852164.0,,515658,,,,,,,,,,,1963956,,25776,7.65,17062830.0,12746993,,,4315837.0,,,4315837.0,,2463673.0,-35180.0,2428493.0,1912835.0,1912835.0,76897,1989732.0,1887631,,25204,,,,,,,,,,,,,,,
2026,2,sii,2026-08-20,1503,士電,,,,1743573.0,,635331,,,,,,,,,,,5007130,,137902,5.04,21121523.0,16254045,,,4867478.0,,,4867478.0,,3123905.0,238593.0,3362498.0,2727167.0,2727167.0,2417865,5145032.0,2624521,,102646,,,,,,,,,,,,,,,
2026,2,sii,2026-08-20,1504,東元,,,,4589104.0,,760995,,,,,,,,,,,9379287,,89516,1.63,30835311.0,23318727,,,7516584.0,11897,9855,7514542.0,,2925438.0,1785376.0,4710814.0,3949819.0,3949819.0,5518984,9468803.0,3823511,,126308,,,,,,,,,,,,,,,
2026,2,sii,2026-08-20,1506,正道,,,,101373.0,,-13,,,,,,,,,,,12146,,-1571,-0.05,616098.0,528761,,,87337.0,,,87337.0,,-14036.0,-2157.0,-16193.0,-16180.0,-16180.0,26755,10575.0,-13779,,-2401,,,,,,,,,,,,,,,
2026,2,sii,2026-08-20,1512,瑞利,,,,206650.0,,450,,,,,,,,,,,17093,,,0.02,552421.0,368121,,,184300.0,,,184300.0,,-22350.0,24850.0,2500.0,2050.0,2050.0,15043,17093.0,2050,,,,,,,,,,,,,,,,,
2026,2,sii,2026-08-20,1513,中興電,,,,1114177.0,,584473,,,,,,,,,,,3112397,,17590,4.5,14023688.0,10195631,,,3828057.0,,,3828057.0,,2713880.0,104275.0,2818155.0,2233682.0,2233682.0,896305,3129987.0,2224039,,9643,,,,,,,,,,,,,,,
2026,2,sii,2026-08-20,1514,亞力,,,,504723.0,,109535,,,,,,,,,,,513537,,6618,1.65,5345683.0,4315617,,,1030066.0,0,511,1030577.0,,525854.0,36378.0,562232.0,452697.0,452697.0,67458,520155.0,445758,,6939,,,,,,,,,,,,,,,
2026,2,sii,2026-08-20,1515,力山,,,,335522.0,,10968,,,,,,,,,,,48504,,-1559,0.12,2222543.0,1914942,,,307601.0,,,307601.0,,-27921.0,58782.0,30861.0,19893.0,19893.0,27052,46945.0,21533,,-1640,,,,,,,,,,,,,,,
2026,2,sii,2026-08-20,1516,川飛,,,,8925.0,,-2,,,,,,,,,,,,,,-0.13,54786.0,51649,,,3137.0,,,3137.0,,-5788.0,540.0,-5248.0,-5246.0,-5246.0,,-5246.0,,,,,,,,,,,,,,,,,,
2026,2,sii,2026-08-20,1517,利奇,,,,176989.0,,-18281,,,,,,,,,,,-19082,,2844,-0.45,996074.0,984435,,,11639.0,,,11639.0,,-165350.0,45182.0,-120168.0,-101887.0,-101887.0,85649,-16238.0,-99271,,-2616,,,,,,,,,,,,,,,
2026,2,sii,2026-08-20,1519,華城,,,,2233105.0,,610399,,,,,,,,,,,2099442,,-47642,6.52,10212186.0,5764706,,,4447480.0,,,4447480.0,,2214375.0,408145.0,2622520.0,2012121.0,2012121.0,39679,2051800.0,2059763,,-47642,,,,,,,,,,,,,,,
2026,2,sii,2026-08-20,1521,大億,,,,235872.0,,-1563,,,,,,,,,,,71934,,,0.94,2003503.0,1707805,,,295698.0,,,295698.0,,59826.0,10545.0,70371.0,71934.0,71934.0,0,71934.0,71934,,,,,,,,,,,,,,,,,
2026,2,sii,2026-08-20,1522,堤維西,,,,2333979.0,,-30799,,,,,,,,,,,-52892,,49731,-0.76,13344786.0,11112876,,,2231910.0,3612,3819,2232117.0,,-101862.0,-55373.0,-157235.0,-126436.0,-126436.0,123275,-3161.0,-178058,,51622,,,,,,,,,,,,,,,
2026,2,sii,2026-08-20,1524,耿鼎,,,,153426.0,,37573,,,,,,,,,,,,,,0.9,1146434.0,815295,,,331139.0,,,331139.0,0,177713.0,8995.0,186708.0,149135.0,149135.0,33924,183059.0,,,,,,,,,,,,,,,,,,
2026,2,sii,2026-08-20,1525,江申,,,,80565.0,,117348,,,,,,,,,,,170528,,,-0.13,634185.0,537921,,,96264.0,,,96264.0,,15699.0,91822.0,107521.0,-9827.0,-9827.0,180355,170528.0,-9827,,,,,,,,,,,,,,,,,
2026,2,sii,2026-08-20,1526,日馳,,,,111184.0,,-11022,,,,,,,,,,,-45825,,,-0.81,329814.0,273654,,,56160.0,,,56160.0,,-55024.0,-4596.0,-59620.0,-48598.0,-48598.0,2773,-45825.0,-48598,,,,,,,,,,,,,,,,,
2026,2,sii,2026-08-20,1527,鑽全,,,,189504.0,,27964,,,,,,,,,,,,,,0.83,1332659.0,1122432,,,210227.0,,,210227.0,,20723.0,122042.0,142765.0,114801.0,114801.0,95361,210162.0,,,,,,,,,,,,,,,,,,
2026,2,sii,2026-08-20,1528,恩德,,,,504600.0,,54463,,,,,,,,,,,-33048,,-120,-0.6,1489447.0,1044918,,,444529.0,,,444529.0,,-60071.0,-913.0,-60984.0,-115447.0,-115447.0,82279,-33168.0,-115327,,-120,,,,,,,,,,,,,,,
2026,2,sii,2026-08-20,1529,樂事綠能,,,,33494.0,,8555,,,,,,,,,,,81061,,9538,0.5,440947.0,361981,,,78966.0,0,,78966.0,0,45472.0,53682.0,99154.0,90599.0,90599.0,0,90599.0,81061,,9538,,,,,,,,,,,,,,,
2026,2,sii,2026-08-20,1530,亞崴,,,,154912.0,,-4683,,,,,,,,,,,50669,,-128,0.21,912363.0,813156,,,99207.0,0,995,100202.0,,-54710.0,66911.0,12201.0,16884.0,16884.0,33657,50541.0,19755,,-2871,,,,,,,,,,,,,,,
2026,2,sii,2026-08-20,1531,高林股,,,,173014.0,,-1195,,,,,,,,,,,58677,,,-0.02,781263.0,666326,,,114937.0,,,114937.0,,-58077.0,52852.0,-5225.0,-4030.0,-4030.0,62707,58677.0,-4030,,,,,,,,,,,,,,,,,
2026,2,sii,2026-08-20,1532,勤美,,,,1275697.0,,48806,,,,,,,,,,,409662,,125691,0.1,6825663.0,5303291,,,1522372.0,,,1522372.0,,246675.0,-98955.0,147720.0,98914.0,98914.0,436439,535353.0,42643,,56271,,,,,,,,,,,,,,,
2026,2,sii,2026-08-20,1533,車王電,,,,546487.0,,-15023,,,,,,,,,,,182979,,99119,1.5,2706187.0,1956559,,,749628.0,,,749628.0,,203141.0,28783.0,231924.0,246947.0,246947.0,35151,282098.0,147828,,99119,,,,,,,,,,,,,,,
2026,2,sii,2026-08-20,1535,中宇,,,,285450.0,,51735,,,,,,,,,,,281878,,,1.64,4187134.0,3698746,,,488388.0,2253,3990,490125.0,,204675.0,50407.0,255082.0,203347.0,203347.0,78531,281878.0,203347,,,,,,,,,,,,,,,,,
2026,2,sii,2026-08-20,1536,和大,,,,442011.0,,-32558,,,,,,,,,,,-261792,,-3691,-1.11,2355217.0,2197600,,,157617.0,,,157617.0,,-284394.0,-61405.0,-345799.0,-313241.0,-313241.0,47758,-265483.0,-309617,,-3624,,,,,,,,,,,,,,,
2026,2,sii,2026-08-20,1537,廣隆,,,,299702.0,,108341,,,,,,,,,,,427058,,,4.01,3437564.0,2751711,,,685853.0,,,685853.0,,386151.0,51124.0,437275.0,328934.0,328934.0,98124,427058.0,328934,,,,,,,,,,,,,,,,,
2026,2,sii,2026-08-20,1538,正峰,,,,35640.0,,-776,,,,,,,,,,,-31544,,32,-1.76,34405.0,29214,,,5191.0,,,5191.0,,-30449.0,-27212.0,-57661.0,-56885.0,-56885.0,25373,-31512.0,-56917,,32,,,,,,,,,,,,,,,
2026,2,sii,2026-08-20,1539,巨庭,,,,44053.0,,4230,,,,,,,,,,,13488,,,0.21,553592.0,501447,,,52145.0,,,52145.0,,8092.0,9617.0,17709.0,13479.0,13479.0,9,13488.0,13479,,,,,,,,,,,,,,,,,
2026,2,sii,2026-08-20,1540,喬福,,,,28436.0,,5226,,,,,,,,,,,,,,0.24,201855.0,181316,,,20539.0,,,20539.0,,-7897.0,33769.0,25872.0,20646.0,20646.0,,20646.0,,,,,,,,,,,,,,,,,,
2026,2,sii,2026-08-20,1541,錩泰,,,,183389.0,,7557,,,,,,,,,,,51154,,,0.59,1202080.0,984736,,,217344.0,,,217344.0,,33955.0,20328.0,54283.0,46726.0,46726.0,4428,51154.0,46726,,,,,,,,,,,,,,,,,
2026,2,sii,2026-08-20,1558,伸興,,,,720509.0,,130907,,,,,,,,,,,349449,,237392,4.44,4218267.0,3150068,,,1068199.0,,,1068199.0,,347690.0,215746.0,563436.0,432529.0,432529.0,154312,586841.0,286460,,146069,,,,,,,,,,,,,,,
2026,2,sii,2026-08-20,1560,中砂,,,,752660.0,,218421,,,,,,,,,,,922085,,5126,6.44,4785896.0,2985139,,,1800757.0,,,1800757.0,,1048097.0,148234.0,1196331.0,977910.0,977910.0,-50699,927211.0,959735,,18175,,,,,,,,,,,,,,,
2026,2,sii,2026-08-20,1563,巧新,,,,535698.0,,49937,,,,,,,,,,,201540,,109,0.93,3851728.0,2958263,,,893465.0,,,893465.0,,357767.0,-105818.0,251949.0,202012.0,202012.0,-363,201649.0,201903,,109,,,,,,,,,,,,,,,
2026,2,sii,2026-08-20,1568,倉佑,,,,88856.0,,23612,,0,,,,,,,,,103547,,-4150,1.07,555087.0,348854,,,206233.0,,,206233.0,,117377.0,17380.0,134757.0,111145.0,111145.0,-11748,99397.0,110410,,735,,,,,,,,,,,,,,,
2026,2,sii,2026-08-20,1582,信錦,,,,632533.0,,20871,,,,,,,,,,,564623,,18343,1.65,4121675.0,3414512,,,707163.0,,,707163.0,,74630.0,194417.0,269047.0,248176.0,248176.0,334790,582966.0,238068,,10108,,,,,,,,,,,,,,,
2026,2,sii,2026-08-20,1583,程泰,,,,439918.0,,3309,,,,,,,,,,,23222,,27651,0.53,1976660.0,1603022,,,373638.0,,0,373638.0,,-66280.0,139786.0,73506.0,70197.0,70197.0,-19324,50873.0,57785,,12412,,,,,,,,,,,,,,,
2026,2,sii,2026-08-20,1587,吉茂,,,,214348.0,,-4388,,,,,,,,,,,46639,,,-0.09,1352344.0,1116448,,,235896.0,,,235896.0,,21548.0,-33423.0,-11875.0,-7487.0,-7487.0,54126,46639.0,-7487,,,,,,,,,,,,,,,,,
2026,2,sii,2026-08-20,1590,亞德客-KY,,,,3262143.0,,1680353,,,,,,,,,,,7952894,,-131,29.91,22177887.0,11326122,,,10851765.0,,,10851765.0,,7589622.0,72518.0,7662140.0,5981787.0,5981787.0,1970976,7952763.0,5981871,,-84,,,,,,,,,,,,,,,
2026,2,sii,2026-08-20,1597,直得,,,,197395.0,,39117,,,,,,,,,,,122745,,,1.3,757658.0,439360,,,318298.0,,,318298.0,,120903.0,31473.0,152376.0,113259.0,113259.0,9486,122745.0,113259,,,,,,,,,,,,,,,,,
2026,2,sii,2026-08-20,1598,岱宇,,,,1254138.0,,-368,,,,,,,,,,,134647,,-3050,0.64,2919431.0,1735420,,,1184011.0,,,1184011.0,,-70127.0,158083.0,87956.0,88324.0,88324.0,43273,131597.0,106548,,-18224,,,,,,,,,,,,,,,
2026,2,sii,2026-08-20,1603,華電,,,,93882.0,,66444,,,,,,,,,,,940763,,17146,1.36,2808354.0,2444894,,,363460.0,,,363460.0,17634,287212.0,-5388.0,281824.0,215380.0,215380.0,742529,957909.0,215402,,-22,,,,,,,,,,,,,,,
2026,2,sii,2026-08-20,1604,聲寶,,,,643359.0,,64134,,,,,,,,,,,924712,,18036,0.98,4795800.0,3885042,,,910758.0,,,910758.0,,267399.0,167349.0,434748.0,370614.0,370614.0,572134,942748.0,355207,,15407,,,,,,,,,,,,,,,
2026,2,sii,2026-08-20,1605,華新,,,,5672410.0,,671616,,,,,,,,,,,40175444,,-150388,2.85,90718081.0,83772208,,,6945873.0,,,6945873.0,,1273463.0,11899503.0,13172966.0,12501350.0,12501350.0,27523706,40025056.0,12627522,,-126172,,,,,,,,,,,,,,,
2026,2,sii,2026-08-20,1608,華榮,,,,156787.0,,139700,,,,,,,,,,,2989597,,105105,7.04,6717464.0,5860716,,,856748.0,,,856748.0,,699961.0,2531858.0,3231819.0,3092119.0,3092119.0,2583,3094702.0,2987014,,105105,,,,,,,,,,,,,,,
2026,2,sii,2026-08-20,1609,大亞,,,,1025710.0,,423500,,,,,,,,,,,2055026,,224639,2.24,17764488.0,14445064,,,3319424.0,374,5921,3324971.0,,2299261.0,78332.0,2377593.0,1954093.0,1954093.0,325572,2279665.0,1757561,,196532,,,,,,,,,,,,,,,
2026,2,sii,2026-08-20,1611,中電,,,,144886.0,,22990,,,,,,,,,,,96141,,,0.41,510235.0,334260,,,175975.0,,,175975.0,,31089.0,123446.0,154535.0,131545.0,131545.0,-35404,96141.0,131545,,,,,,,,,,,,,,,,,
2026,2,sii,2026-08-20,1612,宏泰,,,,146279.0,,113053,,,,,,,,,,,1672003,,-26,2.62,3971752.0,3318103,,,653649.0,,,653649.0,,507370.0,434335.0,941705.0,828652.0,828652.0,843325,1671977.0,828678,,-26,,,,,,,,,,,,,,,
2026,2,sii,2026-08-20,1614,三洋電,,,,416044.0,,42095,,,,,,,,,,,216976,,472,0.67,2650358.0,2143750,,,506608.0,,,506608.0,,90564.0,125502.0,216066.0,173971.0,173971.0,43477,217448.0,173499,,472,,,,,,,,,,,,,,,
2026,2,sii,2026-08-20,1615,大山,,,,125090.0,,131732,,,,,,,,,,,774672,,,2.53,2928324.0,2251392,,,676932.0,,,676932.0,,551842.0,76713.0,628555.0,496823.0,496823.0,277849,774672.0,496823,,,,,,,,,,,,,,,,,
2026,2,sii,2026-08-20,1616,億泰,,,,101309.0,,34539,,,,,,,,,,,103251,,,0.54,2789370.0,2525921,,,263449.0,,,263449.0,,162140.0,-25735.0,136405.0,101866.0,101866.0,1385,103251.0,101866,,,,,,,,,,,,,,,,,
2026,2,sii,2026-08-20,1617,榮星,,,,123718.0,,7142,,,,,,,,,,,94616,,-1616,0.21,2021389.0,1854773,,,166616.0,,,166616.0,,42898.0,-2245.0,40653.0,33511.0,33511.0,59489,93000.0,35127,,-1616,,,,,,,,,,,,,,,
2026,2,sii,2026-08-20,1618,合機,,,,98913.0,,146037,,,,,,,,,,,523500,,,2.9,2290435.0,1539432,,,751003.0,,,751003.0,,652090.0,52062.0,704152.0,558115.0,558115.0,-34615,523500.0,558115,,,,,,,,,,,,,,,,,
2026,2,sii,2026-08-20,1623,大東電,,,,88036.0,,97954,,,,,,,,,,,,,,6.02,3294705.0,2701168,,,593537.0,,,593537.0,,505501.0,-13997.0,491504.0,393550.0,393550.0,-12371,381179.0,,,,,,,,,,,,,,,,,,
2026,2,sii,2026-08-20,1626,艾美特-KY,,,,961982.0,,2253,,,,,,,,,,,-57211,,,-1.62,4885851.0,4067965,,,817886.0,8393,8609,818102.0,,-143880.0,-96814.0,-240694.0,-242947.0,-242947.0,185736,-57211.0,-242947,,,,,,,,,,,,,,,,,
2026,2,sii,2026-08-20,1702,南僑,,,,2653081.0,,103259,,,,,,,,,,,447605,,204162,0.24,11531193.0,8729756,,,2801437.0,,,2801437.0,,148356.0,103320.0,251676.0,148417.0,148417.0,503350,651767.0,60279,,88138,,,,,,,,,,,,,,,
2026,2,sii,2026-08-20,1707,葡萄王,,,,2603668.0,,156280,,,,,,,,,,,456735,,248167,2.75,4691625.0,1338978,,,3352647.0,391,,3352256.0,,748588.0,60576.0,809164.0,652884.0,652884.0,52018,704902.0,406976,,245908,,,,,,,,,,,,,,,
2026,2,sii,2026-08-20,1708,東鹼,,,,438220.0,,131477,,,,,,,,,,,645756,,,1.98,3308419.0,2324615,,,983804.0,,,983804.0,,545584.0,78758.0,624342.0,492865.0,492865.0,152891,645756.0,492865,,,,,,,,,,,,,,,,,
2026,2,sii,2026-08-20,1709,和益,,,,379205.0,,165522,,,,,,,,,,,526589,,-8960,1.3,5113639.0,3750220,,,1363419.0,0,-172,1363247.0,,984042.0,-207009.0,777033.0,611511.0,611511.0,-93882,517629.0,620471,,-8960,,,,,,,,,,,,,,,
2026,2,sii,2026-08-20,1710,東聯,,,,561150.0,,40028,,,,,,,,,,,154735,,-104589,-0.12,10577149.0,10185211,,,391938.0,,,391938.0,,-169212.0,-100998.0,-270210.0,-310238.0,-310238.0,360384,50146.0,-106572,,-203666,,,,,,,,,,,,,,,
2026,2,sii,2026-08-20,1711,永光,,,,822405.0,,31411,,,,,,,,,,,734746,,-269,0.28,4177012.0,3206393,,,970619.0,,,970619.0,,148214.0,36437.0,184651.0,153240.0,153240.0,581237,734477.0,154516,,-1276,,,,,,,,,,,,,,,
2026,2,sii,2026-08-20,1712,興農,,,,2364265.0,,190121,,,,,,,,,,,703644,,3425,1.56,10169009.0,6965877,,,3203132.0,,,3203132.0,,838867.0,9014.0,847881.0,657760.0,657760.0,49309,707069.0,654335,,3425,,,,,,,,,,,,,,,
2026,2,sii,2026-08-20,1713,國化,,,,43364.0,,2996,,,,,,,,,,,,,,2.25,226441.0,204152,,,22289.0,,,22289.0,,-21075.0,363036.0,341961.0,338965.0,338965.0,-1195,337770.0,,,,,,,,,,,,,,,,,,
2026,2,sii,2026-08-20,1714,和桐,,,,695296.0,,454087,,,,,,,,,,,1261269,,924330,0.89,17003246.0,14354583,,,2648663.0,,,2648663.0,,1953367.0,39865.0,1993232.0,1539145.0,1539145.0,646454,2185599.0,870171,,668974,,,,,,,,,,,,,,,
2026,2,sii,2026-08-20,1717,長興,,,,3668929.0,,491270,,,,,,,,,,,2943156,,14359,1.09,22168850.0,16940527,,,5228323.0,,,5228323.0,,1559394.0,232001.0,1791395.0,1300125.0,1300125.0,1657390,2957515.0,1274966,,25159,,,,,,,,,,,,,,,
2026,2,sii,2026-08-20,1718,中纖,,,,,5597484.0,991318,,,,,,,,,,,1634960,,5423695,0.46,,,,,,,,,,,,,4606166.0,4606166.0,,7058655.0,608704,,3997462,,,,,,,,23541121.0,17943637.0,2452489.0,,,,,
2026,2,sii,2026-08-20,1720,生達,,,,790900.0,,151271,,,,,,,,,,,425488,,168699,2.49,3524462.0,1982142,,,1542320.0,,,1542320.0,,751420.0,59939.0,811359.0,660088.0,660088.0,-65901,594187.0,490121,,169967,,,,,,,,,,,,,,,
2026,2,sii,2026-08-20,1721,三晃,,,,86466.0,,1316,,,,,,,,,,,-38293,,,-0.62,806404.0,837154,,,-30750.0,,,-30750.0,,-117216.0,3308.0,-113908.0,-115224.0,-115224.0,76931,-38293.0,-115224,,,,,,,,,,,,,,,,,
2026,2,sii,2026-08-20,1722,台肥,,,,595824.0,,96995,,,,,,,,,,,637997,,,0.43,6750506.0,5830943,,,919563.0,,,919563.0,,323739.0,191939.0,515678.0,418683.0,418683.0,219314,637997.0,418683,,,,,,,,,,,,,,,,,
2026,2,sii,2026-08-20,1723,中碳,,,,296473.0,,80429,,,,,,,,,,,634937,,,2.07,3320133.0,2538335,,,781798.0,,,781798.0,,485325.0,75722.0,561047.0,480618.0,480618.0,154319,634937.0,480618,,,,,,,,,,,,,,,,,
2026,2,sii,2026-08-20,1725,元禎,,,,112911.0,,26785,,,,,,,,,,,2155486,,0,1.0,4610870.0,4390938,,,219932.0,,,219932.0,,107021.0,102394.0,209415.0,182630.0,182630.0,1972856,2155486.0,182630,,0,,,,,,,,,,,,,,,
2026,2,sii,2026-08-20,1726,永記,,,,761143.0,,137697,,,,,,,,,,,753586,,,3.66,5175542.0,3738128,,,1437414.0,,,1437414.0,,676271.0,55123.0,731394.0,593697.0,593697.0,159889,753586.0,593697,,,,,,,,,,,,,,,,,
2026,2,sii,2026-08-20,1727,中華化,,,,103167.0,,17300,,,,,,,,,,,,,,0.66,1157509.0,950884,,,206625.0,,,206625.0,,103458.0,-1447.0,102011.0,84711.0,84711.0,,84711.0,,,,,,,,,,,,,,,,,,
2026,2,sii,2026-08-20,1730,花仙子,,,,438672.0,,55336,,,,,,,,,,,164407,,15429,2.5,1257131.0,619318,,,637813.0,6760,7333,638386.0,,199714.0,28851.0,228565.0,173229.0,173229.0,6607,179836.0,158250,,14979,,,,,,,,,,,,,,,
2026,2,sii,2026-08-20,1731,美吾華,,,,407489.0,,28497,,,,,,,,,,,192148,,,0.95,854499.0,323624,,,530875.0,,,530875.0,,123386.0,30969.0,154355.0,125858.0,125858.0,66290,192148.0,125858,,,,,,,,,,,,,,,,,
2026,2,sii,2026-08-20,1732,毛寶,,,,122458.0,,8434,,,,,,,,,,,27520,,,0.61,363888.0,212029,,,151859.0,,,151859.0,,29401.0,4932.0,34333.0,25899.0,25899.0,1621,27520.0,25899,,,,,,,,,,,,,,,,,
2026,2,sii,2026-08-20,1733,五鼎,,,,202108.0,,13379,,,,,,,,,,,118986,,186,1.18,990376.0,656425,,,333951.0,,,333951.0,,131843.0,-248.0,131595.0,118216.0,118216.0,956,119172.0,118055,,161,,,,,,,,,,,,,,,
2026,2,sii,2026-08-20,1734,杏輝,,,,567780.0,,36776,,,,,,,,,,,195487,,576,0.87,1697782.0,926985,,,770797.0,,,770797.0,,203017.0,-7517.0,195500.0,158724.0,158724.0,37339,196063.0,166371,,-7647,,,,,,,,,,,,,,,
2026,2,sii,2026-08-20,1735,日勝化,,,,178927.0,,15131,,,,,,,,,,,53744,,,0.39,1263331.0,1022334,,,240997.0,,,240997.0,,62070.0,-8078.0,53992.0,38861.0,38861.0,14883,53744.0,38861,,,,,,,,,,,,,,,,,
2026,2,sii,2026-08-20,1736,喬山,,,,12507817.0,,403717,,,,,,,,,,,1349332,,265,3.27,25058808.0,10671620,,,14387188.0,,,14387188.0,,1879371.0,-482225.0,1397146.0,993429.0,993429.0,356168,1349597.0,993084,,345,,,,,,,,,,,,,,,
2026,2,sii,2026-08-20,1737,臺鹽,,,,414430.0,,37862,,,,,,,,,,,175357,,0,0.87,1558509.0,946714,,,611795.0,,,611795.0,,197365.0,14576.0,211941.0,174079.0,174079.0,1278,175357.0,174079,,0,,,,,,,,,,,,,,,
2026,2,sii,2026-08-20,1752,南光,,,,238896.0,,25814,,,,,,,,,,,84933,,-1172,0.84,1068214.0,682490,,,385724.0,,,385724.0,,146828.0,-37253.0,109575.0,83761.0,83761.0,0,83761.0,84933,,-1172,,,,,,,,,,,,,,,
2026,2,sii,2026-08-20,1760,寶齡富錦,,,,383373.0,,50539,,,,,,,,,,,91180,,,1.06,1031127.0,502671,,,528456.0,,,528456.0,,145083.0,-3692.0,141391.0,90852.0,90852.0,328,91180.0,90852,,,,,,,,,,,,,,,,,
2026,2,sii,2026-08-20,1762,中化生,,,,151409.0,,18554,,,,,,,,,,,135465,,,2.39,666405.0,400123,,,266282.0,,,266282.0,,114873.0,35809.0,150682.0,132128.0,132128.0,3337,135465.0,132128,,,,,,,,,,,,,,,,,
2026,2,sii,2026-08-20,1773,勝一,,,,905770.0,,323188,,,,,,,,,,,1400146,,-57,4.38,6652050.0,4185951,,,2466099.0,,,2466099.0,,1560329.0,77450.0,1637779.0,1314591.0,1314591.0,85498,1400089.0,1314648,,-57,,,,,,,,,,,,,,,
2026,2,sii,2026-08-20,1776,展宇,,,,73811.0,,14909,,,,,,,,,,,56152,,3255,0.66,528284.0,407846,,,120438.0,,,120438.0,,46627.0,10757.0,57384.0,42475.0,42475.0,16932,59407.0,39671,,2804,,,,,,,,,,,,,,,
2026,2,sii,2026-08-20,1783,和康生,,,,169934.0,,1071,,,,,,,,,,,140257,,,1.47,411881.0,126762,,,285119.0,,,285119.0,,115185.0,17809.0,132994.0,131923.0,131923.0,8334,140257.0,131923,,,,,,,,,,,,,,,,,
2026,2,sii,2026-08-20,1786,科妍,,,,234224.0,,6649,,,,,,,,,,,56674,,,0.76,416348.0,132095,,,284253.0,,,284253.0,,50029.0,13220.0,63249.0,56600.0,56600.0,74,56674.0,56600,,,,,,,,,,,,,,,,,
2026,2,sii,2026-08-20,1789,神隆,,,,413087.0,,-15179,,,,,,,,,,,165991,,,-0.02,1338213.0,982046,,,356167.0,,,356167.0,,-56920.0,22742.0,-34178.0,-18999.0,-18999.0,184990,165991.0,-18999,,,,,,,,,,,,,,,,,
2026,2,sii,2026-08-20,1795,美時,,,,4821626.0,,506693,,,,,,,,,,,1084500,,,4.65,17453085.0,8339249,,,9113836.0,,,9113836.0,,4292210.0,-2576064.0,1716146.0,1209453.0,1209453.0,-124953,1084500.0,1209453,,,,,,,,,,,,,,,,,
2026,2,sii,2026-08-20,1802,台玻,,,,2463238.0,,105645,,,,,,,,,,,4086449,,150457,0.64,22305716.0,17522826,,,4782890.0,,,4782890.0,12198,2331850.0,-342727.0,1989123.0,1883478.0,1883478.0,2353428,4236906.0,1860086,,23392,,,,,,,,,,,,,,,
2026,2,sii,2026-08-20,1805,寶徠,,,,28283.0,,2616,,,,,,,,,,,7717,,,0.06,104037.0,67083,,,36954.0,,,36954.0,,8671.0,1726.0,10397.0,7781.0,7781.0,-64,7717.0,7781,,,,,,,,,,,,,,,,,
2026,2,sii,2026-08-20,1806,冠軍,,,,300610.0,,17912,,,,,,,,,,,-3110,,0,-0.07,1439162.0,1142121,,,297041.0,,,297041.0,,-3569.0,-5271.0,-8840.0,-26752.0,-26752.0,23642,-3110.0,-26752,,0,,,,,,,,,,,,,,,
2026,2,sii,2026-08-20,1808,潤隆,,,,539379.0,,497591,,,,,,,,,,,2299591,,,2.52,12460368.0,9171387,,,3288981.0,,,3288981.0,,2749602.0,-5262.0,2744340.0,2246749.0,2246749.0,52842,2299591.0,2246749,,,,,,,,,,,,,,,,,
2026,2,sii,2026-08-20,1809,中釉,,,,254226.0,,7576,,,,,,,,,,,41511,,-1164,0.1,1201841.0,957243,,,244598.0,,,244598.0,21767,12139.0,-4668.0,7471.0,-105.0,-105.0,40452,40347.0,16060,,-16165,,,,,,,,,,,,,,,
2026,2,sii,2026-08-20,1810,和成,,,,696749.0,,133854,,,,,,,,,,,1728448,,-4304,3.62,2181618.0,1710700,,,470918.0,,,470918.0,,-225831.0,1446356.0,1220525.0,1086671.0,1086671.0,637473,1724144.0,1092107,,-5436,,,,,,,,,,,,,,,
2026,2,sii,2026-08-20,1817,凱撒衛,,,,294415.0,,51961,,,,,,,,,,,230702,,1813,2.95,1302175.0,802346,,,499829.0,,,499829.0,,205414.0,62601.0,268015.0,216054.0,216054.0,16461,232515.0,214464,,1590,,,,,,,,,,,,,,,
2026,2,sii,2026-08-20,1903,士紙,,,,67402.0,,303,,0,,,,,,,,,-18032,,0,-0.15,76620.0,27441,,,49179.0,,,49179.0,,-18223.0,-21399.0,-39622.0,-39925.0,-39925.0,21893,-18032.0,-39925,,0,,,,,,,,,,,,,,,
2026,2,sii,2026-08-20,1904,正隆,,,,3005123.0,,368995,,,,,,,,,,,1800510,,123520,1.45,22107225.0,17558953,,,4548272.0,,,4548272.0,,1543149.0,533895.0,2077044.0,1708049.0,1708049.0,215981,1924030.0,1608121,,99928,,,,,,,,,,,,,,,
2026,2,sii,2026-08-20,1905,華紙,,,,953509.0,,-18,,,,,,,,,,,961757,83192,,-0.52,9080585.0,8807238,,-1854,271493.0,,,271493.0,,-682016.0,74346.0,-607670.0,-607652.0,-607652.0,1652601,1044949.0,-578752,,-28900,,,,,,,,,,,,,,,
2026,2,sii,2026-08-20,1906,寶隆,,,,108300.0,,6954,,,,,,,,,,,,,,0.22,1581332.0,1429191,,,152141.0,,,152141.0,,43841.0,-3645.0,40196.0,33242.0,33242.0,-88629,-55387.0,,,,,,,,,,,,,,,,,,
2026,2,sii,2026-08-20,1907,永豐餘,,,,5268821.0,,446643,,,,,,,,,,,17643323,,1193873,0.47,37859592.0,32532642,,-1854,5325096.0,,,5325096.0,,56275.0,1218568.0,1274843.0,828200.0,828200.0,18008996,18837196.0,779368,,48832,,,,,,,,,,,,,,,
2026,2,sii,2026-08-20,1909,榮成,,,,2401313.0,,115273,,,,,,,,,,,628887,,-982,0.19,24247513.0,21614343,,,2633170.0,,,2633170.0,,231857.0,124361.0,356218.0,240945.0,240945.0,386960,627905.0,243066,,-2121,,,,,,,,,,,,,,,
2026,2,sii,2026-08-20,2002,中鋼,,,,6657946.0,,1402493,,,,,,,,,,,7062417,,2637286,-0.03,168002709.0,158298737,,,9703972.0,,,9703972.0,,3046026.0,-706948.0,2339078.0,936585.0,936585.0,8763118,9699703.0,-377292,,1313877,,,,,,,,,,,,,,,
2026,2,sii,2026-08-20,2006,東和鋼鐵,,,,1322760.0,,874404,,,,,,,,,,,2963960,,20585,4.07,29865731.0,24929990,,,4935741.0,,,4935741.0,,3612981.0,253764.0,3866745.0,2992341.0,2992341.0,-7796,2984545.0,2971876,,20465,,,,,,,,,,,,,,,
2026,2,sii,2026-08-20,2007,燁興,,,,97545.0,,28372,,,,,,,,,,,,,,-0.82,2263967.0,2410754,,,-146787.0,,,-146787.0,,-244332.0,-163560.0,-407892.0,-436264.0,-436264.0,2442,-433822.0,,,,,,,,,,,,,,,,,,
2026,2,sii,2026-08-20,2008,高興昌,,,,55595.0,,2653,,,,,,,,,,,,,,0.34,821656.0,683094,,,138562.0,,,138562.0,,82967.0,-14799.0,68168.0,65515.0,65515.0,506937,572452.0,,,,,,,,,,,,,,,,,,
2026,2,sii,2026-08-20,2009,第一銅,,,,32339.0,,0,,,,,,,,,,,,,,0.49,1690872.0,1482719,,,208153.0,,,208153.0,,175814.0,-1167.0,174647.0,174647.0,174647.0,-980250,-805603.0,,,,,,,,,,,,,,,,,,
2026,2,sii,2026-08-20,2010,春源,,,,488251.0,,228811,,,,,,,,,,,920030,,23378,1.35,12883693.0,11379252,,,1504441.0,,,1504441.0,,1016190.0,99251.0,1115441.0,886630.0,886630.0,56778,943408.0,876149,,10481,,,,,,,,,,,,,,,
2026,2,sii,2026-08-20,2012,春雨,,,,447954.0,,95921,,,,,,,,,,,-42443,,3682,-0.19,3768784.0,3210107,,,558677.0,,,558677.0,,110723.0,-54396.0,56327.0,-39594.0,-39594.0,833,-38761.0,-52312,,12718,,,,,,,,,,,,,,,
2026,2,sii,2026-08-20,2013,中鋼構,,,,181792.0,,59749,,,,,,,,,,,319638,,,1.44,9643740.0,9155586,,,488154.0,,,488154.0,,306362.0,41567.0,347929.0,288180.0,288180.0,31458,319638.0,288180,,,,,,,,,,,,,,,,,
2026,2,sii,2026-08-20,2014,中鴻,,,,194406.0,,0,,,,,,,,,,,173893,,,0.07,10322219.0,10007894,,,314325.0,,,314325.0,,119919.0,-18860.0,101059.0,101059.0,101059.0,72834,173893.0,101059,,,,,,,,,,,,,,,,,
2026,2,sii,2026-08-20,2015,豐興,,,,464081.0,,264477,,,,,,,,,,,1377897,,-1584,2.36,13991827.0,12204954,,,1786873.0,,,1786873.0,,1322792.0,314009.0,1636801.0,1372324.0,1372324.0,3989,1376313.0,1373908,,-1584,,,,,,,,,,,,,,,
2026,2,sii,2026-08-20,2017,官田鋼,,,,201659.0,,10944,,,,,,,,,,,1738106,,303529,-0.3,1408973.0,1362962,,,46011.0,,,46011.0,-3,-155651.0,-3160.0,-158811.0,-169755.0,-169755.0,2211390,2041635.0,-127103,,-42652,,,,,,,,,,,,,,,
2026,2,sii,2026-08-20,2020,美亞,,,,154174.0,,79830,,,,,,,,,,,262380,,-11,1.02,2048373.0,1561754,,,486619.0,10820,5590,481389.0,,327215.0,23952.0,351167.0,271337.0,271337.0,-8968,262369.0,271412,,-75,,,,,,,,,,,,,,,
2026,2,sii,2026-08-20,2022,聚亨,,,,440821.0,,26086,,,,,,,,,,,-93017,,-98116,-0.18,6219914.0,5799615,,,420299.0,,,420299.0,,-20522.0,-7037.0,-27559.0,-53645.0,-53645.0,-137488,-191133.0,-59009,,5364,,,,,,,,,,,,,,,
2026,2,sii,2026-08-20,2023,燁輝,,,,2767525.0,,110459,,,,,,,,,,,-601210,,-175898,-0.52,33690191.0,30487209,,,3202982.0,,,3202982.0,,435457.0,-1432356.0,-996899.0,-1107358.0,-1107358.0,330250,-777108.0,-940375,,-166983,,,,,,,,,,,,,,,
2026,2,sii,2026-08-20,2024,志聯,,,,32030.0,,0,,,,,,,,,,,,,,0.27,510396.0,461078,,,49318.0,,,49318.0,,17288.0,8782.0,26070.0,26070.0,26070.0,,26070.0,,,,,,,,,,,,,,,,,,
2026,2,sii,2026-08-20,2025,千興,,,,25317.0,,,,,,,,,,,,,,,,0.76,902798.0,753217,,,149581.0,,,149581.0,-1257,123007.0,7415.0,130422.0,130422.0,130422.0,512544,642966.0,,,,,,,,,,,,,,,,,,
2026,2,sii,2026-08-20,2027,大成鋼,,,,6242617.0,,3563947,,,,,,,,,,,8646105,,1360070,3.1,67172372.0,47678908,,,19493464.0,,,19493464.0,-20003,13230844.0,-735192.0,12495652.0,8931705.0,8931705.0,1074470,10006175.0,7700565,,1231140,,,,,,,,,,,,,,,
2026,2,sii,2026-08-20,2028,威致,,,,109318.0,,25226,,,,,,,,,,,,,,0.37,4741494.0,4490105,,,251389.0,,,251389.0,,142071.0,3672.0,145743.0,120517.0,120517.0,2222,122739.0,,,,,,,,,,,,,,,,,,
2026,2,sii,2026-08-20,2029,盛餘,,,,691870.0,,72589,,,,,,,,,,,317742,,14210,0.98,6713601.0,5673866,,,1039735.0,,,1039735.0,,347865.0,50108.0,397973.0,325384.0,325384.0,6568,331952.0,314189,,11195,,,,,,,,,,,,,,,
2026,2,sii,2026-08-20,2030,彰源,,,,393669.0,,128683,,,,,,,,,,,561800,,,1.66,5824707.0,4829351,,,995356.0,,,995356.0,,601687.0,-15410.0,586277.0,457594.0,457594.0,104206,561800.0,457594,,,,,,,,,,,,,,,,,
2026,2,sii,2026-08-20,2031,新光鋼,,,,401739.0,,152617,,,,,,,,,,,1034748,,41957,5.23,9410970.0,8136945,,,1274025.0,,,1274025.0,,872286.0,1002014.0,1874300.0,1721683.0,1721683.0,-644978,1076705.0,1679726,,41957,,,,,,,,,,,,,,,
2026,2,sii,2026-08-20,2032,新鋼,,,,65641.0,,24584,,,,,,,,,,,,,,1.02,1665543.0,1473275,,,192268.0,,,192268.0,,126627.0,31659.0,158286.0,133702.0,133702.0,-14056,119646.0,,,,,,,,,,,,,,,,,,
2026,2,sii,2026-08-20,2033,佳大,,,,36546.0,,4383,,,,,,,,,,,,,,0.15,343779.0,291828,,,51951.0,,,51951.0,,15405.0,1281.0,16686.0,12303.0,12303.0,,12303.0,,,,,,,,,,,,,,,,,,
2026,2,sii,2026-08-20,2034,允強,,,,412193.0,,-5449,,,,,,,,,,,-149387,,,0.14,6293155.0,5681652,,,611503.0,,,611503.0,,199310.0,-131875.0,67435.0,72884.0,72884.0,-222271,-149387.0,72884,,,,,,,,,,,,,,,,,
2026,2,sii,2026-08-20,2038,海光,,,,96125.0,,-79,,,,,,,,,,,14164,,-7839,0.02,3983958.0,3928782,,,55176.0,,,55176.0,,-40949.0,37689.0,-3260.0,-3181.0,-3181.0,9506,6325.0,4091,,-7272,,,,,,,,,,,,,,,
2026,2,sii,2026-08-20,2049,上銀,,,,2938524.0,,433328,,,,,,,,,,,2532985,,-61455,4.03,13887696.0,9284750,,,4602946.0,,,4602946.0,,1664422.0,134399.0,1798821.0,1365493.0,1365493.0,1106037,2471530.0,1426930,,-61437,,,,,,,,,,,,,,,
2026,2,sii,2026-08-20,2059,川湖,,,,1160355.0,,2896383,,,,,,,,,,,10588030,,,110.96,16279766.0,2575266,,,13704500.0,,,13704500.0,,12544145.0,926109.0,13470254.0,10573871.0,10573871.0,14159,10588030.0,10573871,,,,,,,,,,,,,,,,,
2026,2,sii,2026-08-20,2062,橋椿,,,,278019.0,,18002,,,,,,,,,,,254359,,-303,0.2,3486742.0,3098600,,,388142.0,,,388142.0,,110123.0,-53123.0,57000.0,38998.0,38998.0,215058,254056.0,39301,,-303,,,,,,,,,,,,,,,
2026,2,sii,2026-08-20,2069,運錩,,,,352581.0,,64258,,,,,,,,,,,404590,,,1.66,4999074.0,4265999,,,733075.0,,,733075.0,,380494.0,-39657.0,340837.0,276579.0,276579.0,128011,404590.0,276579,,,,,,,,,,,,,,,,,
2026,2,sii,2026-08-20,2072,世紀風電,,,,191311.0,,445710,,,,,,,,,,,1691578,,824,9.3,8846285.0,6614723,,,2231562.0,,,2231562.0,,2040251.0,97861.0,2138112.0,1692402.0,1692402.0,,1692402.0,1691578,,824,,,,,,,,,,,,,,,
2026,2,sii,2026-08-20,2101,南港,,,,1288284.0,,220224,,,,,,,,,,,3125174,,,4.07,13049685.0,7501053,,,5548632.0,726,603,5548509.0,,4260225.0,-1098586.0,3161639.0,2941415.0,2941415.0,183759,3125174.0,2941415,,,,,,,,,,,,,,,,,
2026,2,sii,2026-08-20,2102,泰豐,,,,106343.0,,20535,,,,,,,,,,,-38037,,,-0.09,89730.0,72816,,,16914.0,,,16914.0,,-89429.0,69203.0,-20226.0,-40761.0,-40761.0,2724,-38037.0,-40761,,,,,,,,,,,,,,,,,
2026,2,sii,2026-08-20,2103,台橡,,,,1483421.0,,944084,,,,,,,,,,,2348905,,245784,2.26,22212066.0,18433120,,,3778946.0,,,3778946.0,166804,2462329.0,533947.0,2996276.0,2052192.0,2052192.0,542497,2594689.0,1866611,,185581,,,,,,,,,,,,,,,
2026,2,sii,2026-08-20,2104,國際中橡,,,,606004.0,,112593,,-7126,,,,,,,,,-1098074,,-274776,-1.32,6759902.0,7534380,,,-774478.0,,,-774478.0,,-1380482.0,-67067.0,-1447549.0,-1560142.0,-1567268.0,194418,-1372850.0,-1276655,,-290613,,,,,,,,,,,,,,,
2026,2,sii,2026-08-20,2105,正新,,,,7233614.0,,1276640,,,,,,,,,,,5975998,,13817,1.05,48618807.0,36544028,,,12074779.0,,,12074779.0,,4841165.0,-159824.0,4681341.0,3404701.0,3404701.0,2585114,5989815.0,3415083,,-10382,,,,,,,,,,,,,,,
2026,2,sii,2026-08-20,2106,建大,,,,3052860.0,,131814,,,,,,,,,,,907722,,,0.33,18245318.0,14645648,,,3599670.0,,,3599670.0,,546810.0,-103639.0,443171.0,311357.0,311357.0,596365,907722.0,311357,,,,,,,,,,,,,,,,,
2026,2,sii,2026-08-20,2107,厚生,,,,95359.0,,57673,,,,,,,,,,,2061905,,,1.14,748158.0,455863,,,292295.0,,,292295.0,,196936.0,206693.0,403629.0,345956.0,345956.0,1715949,2061905.0,345956,,,,,,,,,,,,,,,,,
2026,2,sii,2026-08-20,2108,南帝,,,,834386.0,,323145,,,,,,,,,,,807664,,215500,1.28,6046460.0,4208325,,,1838135.0,,,1838135.0,,1003749.0,164943.0,1168692.0,845547.0,845547.0,177617,1023164.0,630047,,215500,,,,,,,,,,,,,,,
2026,2,sii,2026-08-20,2109,華豐,,,,289792.0,,85281,,,,,,,,,,,144895,,-8444,0.72,2287199.0,1785482,,,501717.0,,,501717.0,,211925.0,123566.0,335491.0,250210.0,250210.0,-113759,136451.0,202097,,48113,,,,,,,,,,,,,,,
2026,2,sii,2026-08-20,2114,鑫永銓,,,,61988.0,,55170,,,,,,,,,,,,,,3.08,809822.0,493042,,,316780.0,,,316780.0,,254792.0,40470.0,295262.0,240092.0,240092.0,,240092.0,,,,,,,,,,,,,,,,,,
2026,2,sii,2026-08-20,2115,六暉-KY,,,,194459.0,,67538,,,,,,,,,,,215740,,-3089,1.24,1741262.0,1404890,,,336372.0,,,336372.0,,141913.0,52674.0,194587.0,127049.0,127049.0,85602,212651.0,129314,,-2265,,,,,,,,,,,,,,,
2026,2,sii,2026-08-20,2201,裕隆,,,,7931588.0,,788183,,,,,,,,,,,1783673,,1813642,0.5,34369539.0,23112456,,,11257083.0,,792,11257875.0,,3326287.0,-526655.0,2799632.0,2011449.0,2011449.0,1585866,3597315.0,520615,,1490834,,,,,,,,,,,,,,,
2026,2,sii,2026-08-20,2204,中華,,,,1658186.0,,-36757,,,,,,,,,,,2474388,,115262,3.19,18057256.0,15436715,,,2620541.0,38000,,2582541.0,,924355.0,796028.0,1720383.0,1757140.0,1757140.0,832510,2589650.0,1743111,,14029,,,,,,,,,,,,,,,
2026,2,sii,2026-08-20,2206,三陽工業,,,,3743116.0,,778805,,,,,,,,,,,3021626,,159742,3.14,30564233.0,24159267,,,6404966.0,,,6404966.0,,2661850.0,602286.0,3264136.0,2485331.0,2485331.0,696037,3181368.0,2418285,,67046,,,,,,,,,,,,,,,
2026,2,sii,2026-08-20,2207,和泰車,,,,,17221867.0,3462097,,,,,,,,,,,10643574,,1788567,21.57,,,,,,,,,,,,,13759770.0,13759770.0,,12432141.0,12014548,,1745222,,,,,,,,160882752.0,143660885.0,-1327629.0,,,,,
2026,2,sii,2026-08-20,2208,台船,,,,348011.0,,15303,,,,,,,,,,,408336,,-6857,0.28,9588436.0,10154660,,,-566224.0,,,-566224.0,,-914235.0,1277563.0,363328.0,348025.0,348025.0,53454,401479.0,354882,,-6857,,,,,,,,,,,,,,,
2026,2,sii,2026-08-20,2211,長榮鋼,,,,438427.0,,332214,,,,,,,,,,,3057837,,212880,3.26,7667496.0,5694816,,,1972680.0,,,1972680.0,,1534253.0,375658.0,1909911.0,1577697.0,1577697.0,1693020,3270717.0,1360430,,217267,,,,,,,,,,,,,,,
2026,2,sii,2026-08-20,2227,裕日車,,,,913338.0,,-209243,,,,,,,,,,,-100594,,,-2.6,6716356.0,6156372,,,559984.0,,,559984.0,-712,-354066.0,-635790.0,-989856.0,-780613.0,-780613.0,680019,-100594.0,-780613,,,,,,,,,,,,,,,,,
2026,2,sii,2026-08-20,2228,劍麟,,,,341438.0,,54588,,,,,,,,,,,281133,,,1.75,2441123.0,1910356,,,530767.0,,,530767.0,,189329.0,4584.0,193913.0,139325.0,139325.0,141808,281133.0,139325,,,,,,,,,,,,,,,,,
2026,2,sii,2026-08-20,2231,為升,,,,515441.0,,54275,,,,,,,,,,,80321,,-80848,0.39,1486678.0,952693,,,533985.0,,,533985.0,,18544.0,10358.0,28902.0,-25373.0,-25373.0,24846,-527.0,52919,,-78292,,,,,,,,,,,,,,,
2026,2,sii,2026-08-20,2233,宇隆,,,,299046.0,,29702,,,,,,,,,,,329605,,10923,3.4,1695564.0,1193514,,,502050.0,,,502050.0,,203004.0,43431.0,246435.0,216733.0,216733.0,123795,340528.0,205001,,11732,,,,,,,,,,,,,,,
2026,2,sii,2026-08-20,2237,華德動能-創,,,,140656.0,,-26994,,,,,,,,,,,258143,,,2.09,1838155.0,1452075,,,386080.0,,,386080.0,,245424.0,-20992.0,224432.0,251426.0,251426.0,6717,258143.0,251426,,,,,,,,,,,,,,,,,
2026,2,sii,2026-08-20,2241,艾姆勒,,,,82987.0,,-499,,,,,,,,,,,-35325,,13288,-0.42,472595.0,428636,,,43959.0,,,43959.0,,-39028.0,1229.0,-37799.0,-37300.0,-37300.0,15263,-22037.0,-43664,,6364,,,,,,,,,,,,,,,
2026,2,sii,2026-08-20,2247,汎德永業,,,,1786563.0,,136750,,,,,,,,,,,528441,,,6.55,20624972.0,18225749,,,2399223.0,,,2399223.0,25250,637910.0,27281.0,665191.0,528441.0,528441.0,,528441.0,528441,,,,,,,,,,,,,,,,,
2026,2,sii,2026-08-20,2250,IKKA-KY,,,,219272.0,,39938,,,,,,,,,,,19408,0,0,0.84,1573401.0,1317918,,,255483.0,,,255483.0,,36211.0,34360.0,70571.0,30633.0,30633.0,-11225,19408.0,30633,0,0,,,,,,,,,,,,,,,
2026,2,sii,2026-08-20,2254,巨鎧精密-創,,,,85282.0,,13,,,,,,,,,,,-134861,,,-2.12,62568.0,103384,,,-40816.0,,,-40816.0,,-126098.0,-8750.0,-134848.0,-134861.0,-134861.0,,-134861.0,-134861,,,,,,,,,,,,,,,,,
2026,2,sii,2026-08-20,2258,鴻華先進-創,,,,2253857.0,,387,,,,,,,,,,,-2011154,,,-1.15,2304967.0,2040185,,,264782.0,,,264782.0,,-1989075.0,-23831.0,-2012906.0,-2013293.0,-2013293.0,2139,-2011154.0,-2013293,,,,,,,,,,,,,,,,,
2026,2,sii,2026-08-20,2301,光寶科,,,,11449535.0,,3443634,,,,,,,,,,,12808633,,5135,4.8,96110746.0,72359356,,,23751390.0,,,23751390.0,,12301855.0,2036325.0,14338180.0,10894546.0,10894546.0,1919222,12813768.0,10891244,,3302,,,,,,,,,,,,,,,
2026,2,sii,2026-08-20,2302,麗正,,,,107214.0,,25238,,,,,,,,,,,87282,,,0.6,500767.0,322606,,,178161.0,,,178161.0,,70947.0,54504.0,125451.0,100213.0,100213.0,-12931,87282.0,100213,,,,,,,,,,,,,,,,,
2026,2,sii,2026-08-20,2303,聯電,,,,15004154.0,,3489152,,,,,,,,,,,99103359,,-90572,4.68,129770564.0,89629284,,,40141280.0,,,40141280.0,1089275,26226401.0,35603550.0,61829951.0,58340799.0,58340799.0,40671988,99012787.0,58431436,,-90637,,,,,,,,,,,,,,,
2026,2,sii,2026-08-20,2305,全友,,,,179410.0,,38921,,,,,,,,,,,149336,,64851,0.51,632462.0,343634,,,288828.0,,,288828.0,,109418.0,92185.0,201603.0,162682.0,162682.0,51505,214187.0,103628,,59054,,,,,,,,,,,,,,,
2026,2,sii,2026-08-20,2308,台達電,,,,65281476.0,,15088837,,,,,,,,,,,49830610,,4513402,17.59,342608732.0,218339911,,,124268821.0,,,124268821.0,,58987345.0,7105092.0,66092437.0,51003600.0,51003600.0,3340412,54344012.0,45691231,,5312369,,,,,,,,,,,,,,,
2026,2,sii,2026-08-20,2312,金寶,,,,3054489.0,,553194,,,,,,,,,,,2467887,,869612,0.7,75059518.0,69892093,,,5167425.0,,,5167425.0,,2112936.0,-66071.0,2046865.0,1493671.0,1493671.0,1843828,3337499.0,1046455,,447216,,,,,,,,,,,,,,,
2026,2,sii,2026-08-20,2313,華通,,,,3326090.0,,557675,,,,,,,,,,,4052856,,,2.5,39540030.0,32324210,,,7215820.0,,,7215820.0,,3889730.0,-349223.0,3540507.0,2982832.0,2982832.0,1070024,4052856.0,2982832,,,,,,,,,,,,,,,,,
2026,2,sii,2026-08-20,2314,台揚,,,,326092.0,,5283,,,,,,,,,,,-136243,,,-1.69,828731.0,749947,,,78784.0,,,78784.0,,-247308.0,72968.0,-174340.0,-179623.0,-179623.0,43380,-136243.0,-179623,,,,,,,,,,,,,,,,,
2026,2,sii,2026-08-20,2316,楠梓電,,,,281057.0,,348387,,,,,,,,,,,2008023,,,6.54,2154260.0,2130871,,,23389.0,,,23389.0,,-257668.0,1793214.0,1535546.0,1187159.0,1187159.0,820864,2008023.0,1187159,,,,,,,,,,,,,,,,,
2026,2,sii,2026-08-20,2317,鴻海,,,,115062160.0,,41885428,,,,,,,,,,,217186782,,23726547,7.84,4645427824.0,4359913943,,,285513881.0,,,285513881.0,,170451721.0,-1554101.0,168897620.0,127012192.0,127012192.0,113901137,240913329.0,109893220,,17118972,,,,,,,,,,,,,,,
2026,2,sii,2026-08-20,2321,東訊,,,,105904.0,,2084,,,,,,,,,,,-3869,,12441,0.27,372148.0,242056,,,130092.0,,,130092.0,,24188.0,-1364.0,22824.0,20740.0,20740.0,-12168,8572.0,8299,,12441,,,,,,,,,,,,,,,
2026,2,sii,2026-08-20,2323,中環,,,,837978.0,,402659,,,,,,,,,,,1019388,,14921,0.99,3955572.0,2930380,,,1025192.0,,,1025192.0,,187214.0,1300974.0,1488188.0,1085529.0,1085529.0,-51220,1034309.0,1074195,,11334,,,,,,,,,,,,,,,
2026,2,sii,2026-08-20,2324,仁寶,,,,16119715.0,,1730552,,,,,,,,,,,14460993,,939668,1.18,439598212.0,417979659,,,21618553.0,,,21618553.0,,5498838.0,2231175.0,7730013.0,5999461.0,5999461.0,9401200,15400661.0,5099911,,899550,,,,,,,,,,,,,,,
2026,2,sii,2026-08-20,2327,國巨*,,,,10296460.0,,5053224,,,,,,,,,,,20027216,,77733,8.48,82621975.0,50963891,,,31658084.0,,,31658084.0,,21361624.0,1185481.0,22547105.0,17493881.0,17493881.0,2611068,20104949.0,17419139,,74742,,,,,,,,,,,,,,,
2026,2,sii,2026-08-20,2328,廣宇,,,,791426.0,,110091,,,,,,,,,,,167994,,1610,-0.24,9633793.0,8842265,,,791528.0,,,791528.0,,102.0,-49110.0,-49008.0,-159099.0,-159099.0,328703,169604.0,-125837,,-33262,,,,,,,,,,,,,,,
2026,2,sii,2026-08-20,2329,華泰,,,,729295.0,,102083,,,,,,,,,,,5693957,,,0.96,10336694.0,8989432,,,1347262.0,,,1347262.0,,617967.0,126940.0,744907.0,642824.0,642824.0,5051133,5693957.0,642824,,,,,,,,,,,,,,,,,
2026,2,sii,2026-08-20,2330,台積電,,,,192987740.0,,270647546,,,,,,,,,,,1350950974,,-86498,49.33,2404483690.0,792877574,,,1611606116.0,,,1611606116.0,6950417,1425568793.0,124660980.0,1550229773.0,1279582227.0,1279582227.0,71282249,1350864476.0,1279041690,,540537,,,,,,,,,,,,,,,
2026,2,sii,2026-08-20,2331,精英,,,,848359.0,,32259,,,,,,,,,,,49720,,180,0.53,10752250.0,9869495,,,882755.0,,,882755.0,,34396.0,291630.0,326026.0,293767.0,293767.0,-243867,49900.0,293713,,54,,,,,,,,,,,,,,,
2026,2,sii,2026-08-20,2332,友訊,,,,1659800.0,,77856,,,,,,,,,,,-85992,,5912,-0.07,7127361.0,5369657,,,1757704.0,,,1757704.0,,97904.0,-26319.0,71585.0,-6271.0,-6271.0,-73809,-80080.0,-42094,,35823,,,,,,,,,,,,,,,
2026,2,sii,2026-08-20,2337,旺宏,,,,5691266.0,,1751051,,,,,,,,,,,15010433,,7251,4.82,29593392.0,13002018,,,16591374.0,,,16591374.0,,10900108.0,366105.0,11266213.0,9515162.0,9515162.0,5502522,15017684.0,9507911,,7251,,,,,,,,,,,,,,,
2026,2,sii,2026-08-20,2338,光罩,,,,491465.0,,27318,,,,,,,,,,,208531,-1141,-2485,0.61,3052495.0,2558894,,,493601.0,,,493601.0,,2136.0,210501.0,212637.0,185319.0,185319.0,19586,204905.0,188945,-1141,-2485,,,,,,,,,,,,,,,
2026,2,sii,2026-08-20,2340,台亞,,,,438135.0,,39400,,,,,,,,,,,-252336,,-54168,-0.93,2163511.0,2204483,,,-40972.0,,,-40972.0,,-479107.0,55840.0,-423267.0,-462667.0,-462667.0,156163,-306504.0,-408499,,-54168,,,,,,,,,,,,,,,
2026,2,sii,2026-08-20,2342,茂矽,,,,200784.0,,0,,,,,,,,,,,-35740,,406,-0.23,1008161.0,854346,,,153815.0,,,153815.0,,-46969.0,11481.0,-35488.0,-35488.0,-35488.0,154,-35334.0,-35894,,406,,,,,,,,,,,,,,,
2026,2,sii,2026-08-20,2344,華邦電,,,,18530452.0,,8390253,,,,,,,,,,,57036262,,-101715,7.65,98096329.0,38036047,,,60060282.0,,,60060282.0,,41529830.0,1177000.0,42706830.0,34316577.0,34316577.0,22617970,56934547.0,34431342,,-114765,,,,,,,,,,,,,,,
2026,2,sii,2026-08-20,2345,智邦,,,,8143626.0,,5549864,,,,,,,,,,,19885960,,-14644,34.7,165658435.0,133132194,,,32526241.0,2608,,32523633.0,,24380007.0,550063.0,24930070.0,19380206.0,19380206.0,491110,19871316.0,19394289,,-14083,,,,,,,,,,,,,,,
2026,2,sii,2026-08-20,2347,聯強,,,,4099810.0,,2023069,,,,,,,,,,,13502590,,111570,4.12,327367601.0,315114418,,,12253183.0,,,12253183.0,,8153373.0,1012922.0,9166295.0,7143226.0,7143226.0,6470934,13614160.0,6863735,,279491,,,,,,,,,,,,,,,
2026,2,sii,2026-08-20,2348,海悅,,,,326164.0,,137399,,,,,,,,,,,191699,,-23125,1.06,3116285.0,2304847,,,811438.0,,,811438.0,,485274.0,-153825.0,331449.0,194050.0,194050.0,-25476,168574.0,217175,,-23125,,,,,,,,,,,,,,,
2026,2,sii,2026-08-20,2349,錸德,,,,624884.0,,12430,,,,,,,,,,,255131,,286337,0.05,3781493.0,3132005,,,649488.0,,,649488.0,,24604.0,109827.0,134431.0,122001.0,122001.0,419467,541468.0,32473,,89528,,,,,,,,,,,,,,,
2026,2,sii,2026-08-20,2351,順德,,,,585181.0,,151343,,0,,,,,,,,,595693,,30072,2.82,6364416.0,5090557,,,1273859.0,,0,1273859.0,,688678.0,17531.0,706209.0,554866.0,554866.0,70899,625765.0,524794,,30072,,,,,,,,,,,,,,,
2026,2,sii,2026-08-20,2352,佳世達,,,,16357140.0,,693409,,,,,,,,,,,12859655,,718138,0.58,104271746.0,86570733,,,17701013.0,,,17701013.0,,1343873.0,769911.0,2113784.0,1420375.0,1420375.0,12157418,13577793.0,911414,,508961,,,,,,,,,,,,,,,
2026,2,sii,2026-08-20,2353,宏碁,,,,15233355.0,,1518425,,,,,,,,,,,5281709,,1383839,0.96,157726373.0,139939963,,,17786410.0,,,17786410.0,32953,2586008.0,3067547.0,5653555.0,4135130.0,4135130.0,2530418,6665548.0,2873563,,1261567,,,,,,,,,,,,,,,
2026,2,sii,2026-08-20,2354,鴻準,,,,1731663.0,,782320,,,,,,,,,,,8561212,,-31014,1.1,55616127.0,53168367,,,2447760.0,,,2447760.0,,716097.0,1598263.0,2314360.0,1532040.0,1532040.0,6998158,8530198.0,1553583,,-21543,,,,,,,,,,,,,,,
2026,2,sii,2026-08-20,2355,敬鵬,,,,625356.0,,178326,,,,,,,,,,,656064,,-100,1.07,8297117.0,7290264,,,1006853.0,,,1006853.0,,381497.0,223293.0,604790.0,426464.0,426464.0,229500,655964.0,426450,,14,,,,,,,,,,,,,,,
2026,2,sii,2026-08-20,2356,英業達,,,,13236460.0,,1989701,,,,,,,,,,,8666652,,23531,1.76,470167600.0,448574830,,,21592770.0,,,21592770.0,,8356310.0,-32415.0,8323895.0,6334194.0,6334194.0,2355989,8690183.0,6323190,,11004,,,,,,,,,,,,,,,
2026,2,sii,2026-08-20,2357,華碩,,,,42342324.0,,8622569,,,,,,,,,,,64809487,,2847734,38.83,466101713.0,390887653,,,75214060.0,2073,,75211987.0,,32869663.0,7247167.0,40116830.0,31494261.0,31494261.0,36162960,67657221.0,28844853,,2649408,,,,,,,,,,,,,,,
2026,2,sii,2026-08-20,2359,所羅門,,,,484519.0,,25018,,,,,,,,,,,798000,,91790,4.55,2333384.0,1858576,,,474808.0,,,474808.0,,-9711.0,908526.0,898815.0,873797.0,873797.0,15993,889790.0,779997,,93800,,,,,,,,,,,,,,,
2026,2,sii,2026-08-20,2360,致茂,,,,5570478.0,,2430075,,,,,,,,,,,9537927,,197207,21.27,25389128.0,9779881,,,15609247.0,,0,15609247.0,,10038769.0,1569114.0,11607883.0,9177808.0,9177808.0,557326,9735134.0,8986741,,191067,,,,,,,,,,,,,,,
2026,2,sii,2026-08-20,2362,藍天,,,,1472844.0,,298345,,,,,,,,,,,4719499,,,4.05,11470739.0,9317665,,,2153074.0,,,2153074.0,,680230.0,1958389.0,2638619.0,2340274.0,2340274.0,2379225,4719499.0,2340274,,,,,,,,,,,,,,,,,
2026,2,sii,2026-08-20,2363,矽統,,,,506356.0,,69079,,,,,,,,,,,31078777,,2273,0.2,2211081.0,1582746,,,628335.0,,,628335.0,,121979.0,53429.0,175408.0,106329.0,106329.0,30974721,31081050.0,103177,,3152,,,,,,,,,,,,,,,
2026,2,sii,2026-08-20,2364,倫飛,,,,215531.0,,208,,,,,,,,,,,162158,,396,3.06,858259.0,500940,,,357319.0,,,357319.0,,141788.0,19321.0,161109.0,160901.0,160901.0,1653,162554.0,160119,,782,,,,,,,,,,,,,,,
2026,2,sii,2026-08-20,2365,昆盈,,,,163032.0,,10591,,,,,,,,,,,94489,,-663,0.26,488411.0,298682,,,189729.0,,,189729.0,,26697.0,39576.0,66273.0,55682.0,55682.0,38144,93826.0,56621,,-939,,,,,,,,,,,,,,,
2026,2,sii,2026-08-20,2367,燿華,,,,1040902.0,,-3427,,,,,,,,,,,-406352,,,-0.64,8008524.0,7488165,,,520359.0,,,520359.0,,-520543.0,65706.0,-454837.0,-451410.0,-451410.0,45058,-406352.0,-451410,,,,,,,,,,,,,,,,,
2026,2,sii,2026-08-20,2368,金像電,,,,3832631.0,,3120064,,,,,,,,,,,8697071,,,16.17,43592084.0,28456475,,,15135609.0,,,15135609.0,299243,11602221.0,-215118.0,11387103.0,8267039.0,8267039.0,430032,8697071.0,8267039,,,,,,,,,,,,,,,,,
2026,2,sii,2026-08-20,2369,菱生,,,,198267.0,,28017,,,,,,,,,,,115246,,2,0.29,3537444.0,3225718,,,311726.0,,,311726.0,,113459.0,23855.0,137314.0,109297.0,109297.0,5951,115248.0,109295,,2,,,,,,,,,,,,,,,
2026,2,sii,2026-08-20,2371,大同,,,,3032467.0,,167343,,,,,,,,,,,1947647,,213664,0.91,24501702.0,20352960,,,4148742.0,,,4148742.0,706,1116981.0,1098592.0,2215573.0,2048230.0,2048230.0,113081,2161311.0,1916230,,132000,,,,,,,,,,,,,,,
2026,2,sii,2026-08-20,2373,震旦行,,,,2046566.0,,45854,,,,,,,,,,,767914,,62502,1.63,5122499.0,2808627,,,2313872.0,51033,49984,2312823.0,,266257.0,162643.0,428900.0,383046.0,383046.0,447370,830416.0,366947,,16099,,,,,,,,,,,,,,,
2026,2,sii,2026-08-20,2374,佳能,,,,831481.0,,109641,,,,,,,,,,,702152,,16899,1.55,5791792.0,4391062,,,1400730.0,,,1400730.0,,569249.0,55639.0,624888.0,515247.0,515247.0,203804,719051.0,510564,,4683,,,,,,,,,,,,,,,
2026,2,sii,2026-08-20,2375,凱美,,,,319970.0,,115910,,,,,,,,,,,892450,,,1.85,3009457.0,2465570,,,543887.0,,,543887.0,,223917.0,92637.0,316554.0,200644.0,200644.0,691806,892450.0,200644,,,,,,,,,,,,,,,,,
2026,2,sii,2026-08-20,2376,技嘉,,,,10953806.0,,3396329,,,,,,,,,,,15429440,,1237753,17.73,249271763.0,222784004,,,26487759.0,,,26487759.0,,15533953.0,971278.0,16505231.0,13108902.0,13108902.0,3558291,16667193.0,11874816,,1234086,,,,,,,,,,,,,,,
2026,2,sii,2026-08-20,2377,微星,,,,9252146.0,,1350658,,,,,,,,,,,7003616,,,7.59,106169557.0,89760168,,,16409389.0,,,16409389.0,,7157243.0,609269.0,7766512.0,6415854.0,6415854.0,587762,7003616.0,6415854,,,,,,,,,,,,,,,,,
2026,2,sii,2026-08-20,2379,瑞昱,,,,27681282.0,,1212637,,,,,,,,,,,10678659,,69,15.86,73975769.0,38237359,,,35738410.0,,,35738410.0,,8057128.0,1290631.0,9347759.0,8135122.0,8135122.0,2543606,10678728.0,8135053,,69,,,,,,,,,,,,,,,
2026,2,sii,2026-08-20,2380,虹光,,,,398483.0,,-45043,,,,,,,,,,,31422,,47,0.43,1502032.0,1065821,,,436211.0,,,436211.0,,37728.0,-56327.0,-18599.0,26444.0,26444.0,5025,31469.0,25838,,606,,,,,,,,,,,,,,,
2026,2,sii,2026-08-20,2382,廣達,,,,33507805.0,,11004420,,,,,,,,,,,60310359,,431101,12.93,1845813767.0,1755037883,,,90775884.0,,,90775884.0,,57268079.0,3829916.0,61097995.0,50093575.0,50093575.0,10647885,60741460.0,49843907,,249668,,,,,,,,,,,,,,,
2026,2,sii,2026-08-20,2383,台光電,,,,5869991.0,,4768986,,,,,,,,,,,16837963,,-3063,42.46,80342455.0,54610311,,,25732144.0,,,25732144.0,,19862153.0,117256.0,19979409.0,15210423.0,15210423.0,1624477,16834900.0,15213191,,-2768,,,,,,,,,,,,,,,
2026,2,sii,2026-08-20,2385,群光,,,,4466273.0,,166528,,,,,,,,,,,5117476,,806475,5.06,45259478.0,38517327,,,6742151.0,,,6742151.0,,2275878.0,2188922.0,4464800.0,4298272.0,4298272.0,1625679,5923951.0,3696919,,601353,,,,,,,,,,,,,,,
2026,2,sii,2026-08-20,2387,精元,,,,845098.0,,95384,,,,,,,,,,,546727,,86166,0.66,8511385.0,7531203,,,980182.0,,,980182.0,,135084.0,126609.0,261693.0,166309.0,166309.0,466584,632893.0,127597,,38712,,,,,,,,,,,,,,,
2026,2,sii,2026-08-20,2388,威盛,,,,2118102.0,,35742,,,,,,,,,,,944926,,-5509,0.34,5607361.0,4341980,,,1265381.0,,,1265381.0,,-852721.0,1012359.0,159638.0,123896.0,123896.0,815521,939417.0,186812,,-62916,,,,,,,,,,,,,,,
2026,2,sii,2026-08-20,2390,云辰,,,,90629.0,,3997,,,,,,,,,,,31631,,,0.11,322952.0,257723,,,65229.0,,,65229.0,,-25400.0,49809.0,24409.0,20412.0,20412.0,11219,31631.0,20412,,,,,,,,,,,,,,,,,
2026,2,sii,2026-08-20,2392,正崴,,,,3990963.0,,2352052,,,,,,,,,,,7048489,,436632,12.56,37925181.0,33261169,,,4664012.0,1245,2162,4664929.0,,673966.0,7879118.0,8553084.0,6201032.0,6201032.0,1284089,7485121.0,5813692,,387340,,,,,,,,,,,,,,,
2026,2,sii,2026-08-20,2393,億光,,,,1653974.0,,274758,,,,,,,,,,,1241795,,42132,2.14,10400996.0,7859147,,,2541849.0,,,2541849.0,,887875.0,379695.0,1267570.0,992812.0,992812.0,291115,1283927.0,950837,,41975,,,,,,,,,,,,,,,
2026,2,sii,2026-08-20,2395,研華,,,,8969289.0,,1836780,,,,,,,,,,,9423507,,-29373,9.05,46511554.0,28686490,,,17825064.0,,,17825064.0,,8855775.0,802495.0,9658270.0,7821490.0,7821490.0,1572644,9394134.0,7852037,,-30547,,,,,,,,,,,,,,,
2026,2,sii,2026-08-20,2397,友通,,,,1232520.0,,107727,,,,,,,,,,,248814,,109395,2.05,6738375.0,5050985,,,1687390.0,,,1687390.0,,454870.0,-20390.0,434480.0,326753.0,326753.0,31456,358209.0,234902,,91851,,,,,,,,,,,,,,,
2026,2,sii,2026-08-20,2399,映泰,,,,243599.0,,84663,,,,,,,,,,,630191,,,3.54,963211.0,837344,,,125867.0,,,125867.0,,-117732.0,833678.0,715946.0,631283.0,631283.0,-1092,630191.0,631283,,,,,,,,,,,,,,,,,
2026,2,sii,2026-08-20,2401,凌陽,,,,1504195.0,,103389,,,,,,,,,,,219712,,261207,0.35,3882273.0,1996826,,,1885447.0,,,1885447.0,234,381486.0,175641.0,557127.0,453738.0,453738.0,27181,480919.0,205664,,248074,,,,,,,,,,,,,,,
2026,2,sii,2026-08-20,2402,毅嘉,,,,559020.0,,60443,,,,,,,,,,,484891,,,0.46,6081265.0,5257136,,,824129.0,,,824129.0,,265109.0,-63329.0,201780.0,141337.0,141337.0,343554,484891.0,141337,,,,,,,,,,,,,,,,,
2026,2,sii,2026-08-20,2404,漢唐,,,,1720655.0,,3190056,,,,,,,,,,,6844470,,18839,36.23,46368948.0,35472950,,,10895998.0,,,10895998.0,,9175343.0,866737.0,10042080.0,6852024.0,6852024.0,11285,6863309.0,6843807,,8217,,,,,,,,,,,,,,,
2026,2,sii,2026-08-20,2405,輔信,,,,384591.0,,-523,,,,,,,,,,,-9181,,-277,0.03,901546.0,512955,,,388591.0,,,388591.0,,4000.0,4599.0,8599.0,9122.0,9122.0,-18580,-9458.0,9355,,-233,,,,,,,,,,,,,,,
2026,2,sii,2026-08-20,2406,國碩,,,,564605.0,,73638,,,,,,,,,,,95925,,177910,0.33,5542970.0,4703426,,,839544.0,1979,0,837565.0,,272960.0,160258.0,433218.0,359580.0,359580.0,-85745,273835.0,115211,,244369,,,,,,,,,,,,,,,
2026,2,sii,2026-08-20,2408,南亞科,,,,7997773.0,,17797448,,,,,,,,,,,77915130,,-723,23.38,131636005.0,32693063,,,98942942.0,9355,1746,98935333.0,,90937560.0,3109911.0,94047471.0,76250023.0,76250023.0,1664384,77914407.0,76251525,,-1502,,,,,,,,,,,,,,,
2026,2,sii,2026-08-20,2409,友達,,,,17848917.0,,1168992,,,,,,,,,,,5488017,,1198461,0.03,139922549.0,122490911,,,17431638.0,,,17431638.0,,-417279.0,2666872.0,2249593.0,1080601.0,1080601.0,5605877,6686478.0,199555,,881046,,,,,,,,,,,,,,,
2026,2,sii,2026-08-20,2412,中華電,,,,19423637.0,,5259620,,,,,,,,,,,20593145,,1180593,2.68,121351909.0,75566838,,,45785071.0,,,45785071.0,4499,26365933.0,767574.0,27133507.0,21873887.0,21873887.0,-100149,21773738.0,20751322,,1122565,,,,,,,,,,,,,,,
2026,2,sii,2026-08-20,2413,環科,,,,243470.0,,36229,,,,,,,,,,,311082,,1,2.39,1800569.0,1495008,,,305561.0,,,305561.0,,62091.0,278985.0,341076.0,304847.0,304847.0,6236,311083.0,304846,,1,,,,,,,,,,,,,,,
2026,2,sii,2026-08-20,2414,精技,,,,862418.0,,112741,,,,,,,,,,,409237,,51918,2.53,20333244.0,18890488,,,1442756.0,,,1442756.0,,580338.0,-8256.0,572082.0,459341.0,459341.0,1814,461155.0,408487,,50854,,,,,,,,,,,,,,,
2026,2,sii,2026-08-20,2415,錩新,,,,159344.0,,24496,,,,,,,,,,,77963,,19080,0.47,1237521.0,952845,,,284676.0,,,284676.0,-44918,80414.0,-13108.0,67306.0,42810.0,42810.0,54233,97043.0,41950,,860,,,,,,,,,,,,,,,
2026,2,sii,2026-08-20,2417,圓剛,,,,945085.0,,28698,,,,,,,,,,,78076,,67032,0.6,1871573.0,792686,,,1078887.0,,,1078887.0,,133802.0,35841.0,169643.0,140945.0,140945.0,4163,145108.0,75724,,65221,,,,,,,,,,,,,,,
2026,2,sii,2026-08-20,2419,仲琦,,,,706911.0,,29912,,,,,,,,,,,75779,,33541,0.14,4119381.0,3350318,,,769063.0,,,769063.0,,62152.0,46474.0,108626.0,78714.0,78714.0,30606,109320.0,45441,,33273,,,,,,,,,,,,,,,
2026,2,sii,2026-08-20,2420,新巨,,,,190605.0,,89418,,,,,,,,,,,374763,,469,2.3,1144301.0,581956,,,562345.0,,,562345.0,,371740.0,69698.0,441438.0,352020.0,352020.0,23212,375232.0,351551,,469,,,,,,,,,,,,,,,
2026,2,sii,2026-08-20,2421,建準,,,,1658323.0,,378095,,,,,,,,,,,1436043,,0,4.78,10438117.0,7155364,,,3282753.0,,,3282753.0,,1624430.0,92804.0,1717234.0,1339139.0,1339139.0,96904,1436043.0,1339139,,0,,,,,,,,,,,,,,,
2026,2,sii,2026-08-20,2423,固緯,,,,527181.0,,107238,,,,,,,,,,,388867,,0,2.49,1708577.0,756071,,,952506.0,,,952506.0,,425325.0,43796.0,469121.0,361883.0,361883.0,26984,388867.0,361883,,0,,,,,,,,,,,,,,,
2026,2,sii,2026-08-20,2424,隴華,,,,80378.0,,0,,,,,,,,,,,-58902,,-3651,-0.99,86587.0,72235,,,14352.0,,,14352.0,,-66026.0,3568.0,-62458.0,-62458.0,-62458.0,-95,-62553.0,-58842,,-3616,,,,,,,,,,,,,,,
2026,2,sii,2026-08-20,2425,承啟,,,,108586.0,,16418,,106391,,,,,,,,,102378,,72155,0.68,1656969.0,1538195,,,118774.0,,,118774.0,,10188.0,17926.0,28114.0,11696.0,118087.0,56446,174533.0,65955,,52132,,,,,,,,,,,,,,,
2026,2,sii,2026-08-20,2426,鼎元,,,,191076.0,,1409,,,,,,,,,,,95438,,,0.28,1237137.0,974505,,,262632.0,,,262632.0,800,72356.0,12212.0,84568.0,83159.0,83159.0,12279,95438.0,83159,,,,,,,,,,,,,,,,,
2026,2,sii,2026-08-20,2427,三商電,,,,598125.0,,33358,,,,,,,,,,,265731,,,0.73,3143801.0,2386294,,,757507.0,,,757507.0,,159382.0,19368.0,178750.0,145392.0,145392.0,120339,265731.0,145392,,,,,,,,,,,,,,,,,
2026,2,sii,2026-08-20,2428,興勤,,,,634049.0,,352157,,,,,,,,,,,1391701,,2221,7.55,4751446.0,3041663,,,1709783.0,,,1709783.0,,1075734.0,245647.0,1321381.0,969224.0,969224.0,424698,1393922.0,967003,,2221,,,,,,,,,,,,,,,
2026,2,sii,2026-08-20,2429,銘旺科,,,,69468.0,,426,,,,,,,,,,,-61088,,-505,-0.76,200442.0,191252,,,9190.0,,,9190.0,,-60278.0,-4868.0,-65146.0,-65572.0,-65572.0,3979,-61593.0,-65067,,-505,,,,,,,,,,,,,,,
2026,2,sii,2026-08-20,2430,燦坤,,,,1232214.0,,1684,,,,,,,,,,,5901,,,0.09,8671133.0,7405635,,,1265498.0,,,1265498.0,,33284.0,-21317.0,11967.0,10283.0,10283.0,-4382,5901.0,10283,,,,,,,,,,,,,,,,,
2026,2,sii,2026-08-20,2431,聯昌,,,,47280.0,,-3,,,,,,,,,,,-8800,,,-0.32,121386.0,122688,,,-1302.0,,,-1302.0,,-48582.0,12934.0,-35648.0,-35645.0,-35645.0,26845,-8800.0,-35645,,,,,,,,,,,,,,,,,
2026,2,sii,2026-08-20,2432,倚天酷碁-創,,,,199845.0,,10440,,,,,,,,,,,83143,0,,0.82,2246753.0,2008186,,,238567.0,,,238567.0,,38722.0,22602.0,61324.0,50884.0,50884.0,32259,83143.0,50884,0,,,,,,,,,,,,,,,,
2026,2,sii,2026-08-20,2433,互盛電,,,,293522.0,,42020,,,,,,,,,,,305738,,40945,1.06,1366908.0,878845,,,488063.0,,,488063.0,,194541.0,9237.0,203778.0,161758.0,161758.0,184925,346683.0,153621,,8137,,,,,,,,,,,,,,,
2026,2,sii,2026-08-20,2434,統懋,,,,29201.0,,1976,,,,,,,,,,,-22961,,,-0.65,26784.0,38139,,,-11355.0,,,-11355.0,,-40556.0,18403.0,-22153.0,-24129.0,-24129.0,1168,-22961.0,-24129,,,,,,,,,,,,,,,,,
2026,2,sii,2026-08-20,2436,偉詮電,,,,454021.0,,102931,,,,,,,,,,,818061,,1987,3.02,2207387.0,1493633,,,713754.0,,,713754.0,,259733.0,440949.0,700682.0,597751.0,597751.0,222297,820048.0,596846,,905,,,,,,,,,,,,,,,
2026,2,sii,2026-08-20,2438,翔耀,,,,101537.0,,0,,,,,,,,,,,-63342,,-21486,-0.94,291676.0,262758,,,28918.0,,,28918.0,,-72619.0,-10243.0,-82862.0,-82862.0,-82862.0,-1966,-84828.0,-61376,,-21486,,,,,,,,,,,,,,,
2026,2,sii,2026-08-20,2439,美律,,,,2129390.0,,-47826,,,,,,,,,,,628458,,275070,1.54,21408429.0,19068968,,,2339461.0,,,2339461.0,,210071.0,379749.0,589820.0,637646.0,637646.0,265882,903528.0,381852,,255794,,,,,,,,,,,,,,,
2026,2,sii,2026-08-20,2440,太空梭,,,,63133.0,,8346,,,,,,,,,,,230662,,,0.17,2215546.0,2111983,,,103563.0,,,103563.0,,40430.0,-8434.0,31996.0,23650.0,23650.0,207012,230662.0,23650,,,,,,,,,,,,,,,,,
2026,2,sii,2026-08-20,2441,超豐,,,,389995.0,,425891,,,,,,,,,,,5040110,,-38,2.98,10005945.0,7609096,,,2396849.0,,,2396849.0,,2006854.0,111534.0,2118388.0,1692497.0,1692497.0,3347575,5040072.0,1692535,,-38,,,,,,,,,,,,,,,
2026,2,sii,2026-08-20,2442,新美齊,,,,247417.0,,152157,,,,,,,,,,,358439,,236415,1.16,3557300.0,2623005,,,934295.0,,,934295.0,,686878.0,76260.0,763138.0,610981.0,610981.0,-16127,594854.0,374566,,236415,,,,,,,,,,,,,,,
2026,2,sii,2026-08-20,2444,兆勁,,,,115003.0,,0,,,,,,,,,,,-135443,0,0,-1.35,433549.0,455953,,,-22404.0,,,-22404.0,,-137407.0,-154.0,-137561.0,-137561.0,-137561.0,2118,-135443.0,-137561,0,0,,,,,,,,,,,,,,,
2026,2,sii,2026-08-20,2449,京元電子,,,,2850946.0,,1106018,,0,,,,,,,,,13457490,,-9,3.91,21333559.0,12882853,,,8450706.0,,,8450706.0,,5599760.0,284446.0,5884206.0,4778188.0,4778188.0,8679293,13457481.0,4778004,,184,,,,,,,,,,,,,,,
2026,2,sii,2026-08-20,2450,神腦,,,,1552561.0,,35045,,,,,,,,,,,175295,,-243,0.67,17234568.0,15527561,,,1707007.0,,,1707007.0,-505,153941.0,53813.0,207754.0,172709.0,172709.0,2343,175052.0,172952,,-243,,,,,,,,,,,,,,,
2026,2,sii,2026-08-20,2451,創見,,,,992874.0,,4833004,,,,,,,,,,,20486104,,,46.63,32443888.0,7538847,,,24905041.0,,,24905041.0,,23912167.0,940547.0,24852714.0,20019710.0,20019710.0,466394,20486104.0,20019710,,,,,,,,,,,,,,,,,
2026,2,sii,2026-08-20,2453,凌群,,,,664574.0,,43771,,,,,,,,,,,163452,,-1841,1.53,3380233.0,2539749,,,840484.0,,,840484.0,,175910.0,18404.0,194314.0,150543.0,150543.0,11068,161611.0,152594,,-2051,,,,,,,,,,,,,,,
2026,2,sii,2026-08-20,2454,聯發科,,,,93604343.0,,5999642,,,,,,,,,,,61348301,,535287,30.44,301333121.0,161970152,,,139362969.0,,,139362969.0,,45758626.0,9222453.0,54981079.0,48981437.0,48981437.0,12902151,61883588.0,48488714,,492723,,,,,,,,,,,,,,,
2026,2,sii,2026-08-20,2455,全新,,,,287673.0,,71627,,,,,,,,,,,,,,2.2,1924683.0,1186546,,,738137.0,,,738137.0,,450464.0,29836.0,480300.0,408673.0,408673.0,,408673.0,,,,,,,,,,,,,,,,,,
2026,2,sii,2026-08-20,2457,飛宏,,,,1232445.0,,56501,,,,,,,,,,,-104488,,,-0.65,4329208.0,3352400,,,976808.0,,,976808.0,,-255637.0,33259.0,-222378.0,-278879.0,-278879.0,174391,-104488.0,-278879,,,,,,,,,,,,,,,,,
2026,2,sii,2026-08-20,2458,義隆,,,,1580046.0,,309561,,,,,,,,,,,1611682,,-62098,5.53,6429625.0,3374074,,,3055551.0,,163,3055714.0,,1475668.0,355548.0,1831216.0,1521655.0,1521655.0,27929,1549584.0,1584055,,-62400,,,,,,,,,,,,,,,
2026,2,sii,2026-08-20,2459,敦吉,,,,369224.0,,144346,,,,,,,,,,,672453,,14470,3.19,2583740.0,1807675,,,776065.0,,,776065.0,,406841.0,71445.0,478286.0,333940.0,333940.0,352983,686923.0,336357,,-2417,,,,,,,,,,,,,,,
2026,2,sii,2026-08-20,2460,建通,,,,184010.0,,33742,,,,,,,,,,,120251,,,0.26,2394267.0,2140337,,,253930.0,,,253930.0,,69920.0,7425.0,77345.0,43603.0,43603.0,76648,120251.0,43603,,,,,,,,,,,,,,,,,
2026,2,sii,2026-08-20,2461,光群雷,,,,526183.0,,44853,,,,,,,,,,,200527,,2977,0.64,2671688.0,1949006,,,722682.0,,,722682.0,,196499.0,-59710.0,136789.0,91936.0,91936.0,111568,203504.0,113072,,-21136,,,,,,,,,,,,,,,
2026,2,sii,2026-08-20,2462,良得電,,,,227657.0,,27096,,,,,,,,,,,53350,,19037,-0.19,2021443.0,1827667,,,193776.0,,,193776.0,,-33881.0,33864.0,-17.0,-27113.0,-27113.0,99500,72387.0,-28111,,998,,,,,,,,,,,,,,,
2026,2,sii,2026-08-20,2464,盟立,,,,657603.0,,19243,,,,,,,,,,,246983,,445,0.66,4033517.0,3204556,,,828961.0,,4686,833647.0,-5,176039.0,-21098.0,154941.0,135698.0,135698.0,111730,247428.0,135280,,418,,,,,,,,,,,,,,,
2026,2,sii,2026-08-20,2465,麗臺,,,,209676.0,,43445,,0,,,,,,,,,276731,,0,2.79,4074873.0,3599926,,,474947.0,,,474947.0,,265271.0,40097.0,305368.0,261923.0,261923.0,14808,276731.0,261923,,0,,,,,,,,,,,,,,,
2026,2,sii,2026-08-20,2466,冠西電,,,,131076.0,,17153,,,,,,,,,,,-70227,,,0.05,397988.0,315338,,,82650.0,,,82650.0,,-48426.0,74252.0,25826.0,8673.0,8673.0,-78900,-70227.0,8673,,,,,,,,,,,,,,,,,
2026,2,sii,2026-08-20,2467,志聖,,,,1161387.0,,340888,,,,,,,,,,,8374801,,65307,7.16,5044062.0,2568235,,,2475827.0,,,2475827.0,,1314440.0,177520.0,1491960.0,1151072.0,1151072.0,7289036,8440108.0,1106348,,44724,,,,,,,,,,,,,,,
2026,2,sii,2026-08-20,2468,華經,,,,92410.0,,11275,,,,,,,,,,,43031,,,0.61,1290969.0,1151542,,,139427.0,,,139427.0,,47017.0,7025.0,54042.0,42767.0,42767.0,264,43031.0,42767,,,,,,,,,,,,,,,,,
2026,2,sii,2026-08-20,2471,資通,,,,127016.0,,7555,,,,,,,,,,,77491,,-60,1.6,474859.0,294003,,,180856.0,,,180856.0,,53840.0,29306.0,83146.0,75591.0,75591.0,1840,77431.0,75740,,-149,,,,,,,,,,,,,,,
2026,2,sii,2026-08-20,2472,立隆電,,,,695430.0,,410295,,,,,,,,,,,1027610,,504560,3.98,6625090.0,4580230,,,2044860.0,,,2044860.0,,1349430.0,21586.0,1371016.0,960721.0,960721.0,571449,1532170.0,656365,,304356,,,,,,,,,,,,,,,
2026,2,sii,2026-08-20,2474,可成,,,,1569629.0,,572251,,,,,,,,,,,9146659,,106252,5.14,6455149.0,4594281,,,1860868.0,,,1860868.0,,291239.0,3227114.0,3518353.0,2946102.0,2946102.0,6306809,9252911.0,2839850,,106252,,,,,,,,,,,,,,,
2026,2,sii,2026-08-20,2476,鉅祥,,,,543794.0,,246906,,,,,,,,,,,798294,,82836,2.98,4734678.0,3276223,,,1458455.0,,,1458455.0,191,914852.0,50470.0,965322.0,718416.0,718416.0,162714,881130.0,651261,,67155,,,,,,,,,,,,,,,
2026,2,sii,2026-08-20,2477,美隆電,,,,247357.0,,20427,,,,,,,,,,,100095,,-19851,0.17,1084161.0,826843,,,257318.0,,,257318.0,,9961.0,29676.0,39637.0,19210.0,19210.0,61034,80244.0,27386,,-8176,,,,,,,,,,,,,,,
2026,2,sii,2026-08-20,2478,大毅,,,,347014.0,,67763,,,,,,,,,,,544401,,4132,2.91,3129590.0,2283986,,,845604.0,,,845604.0,,498590.0,-12359.0,486231.0,418468.0,418468.0,130065,548533.0,415398,,3070,,,,,,,,,,,,,,,
2026,2,sii,2026-08-20,2480,敦陽科,,,,526598.0,,119233,,,,,,,,,,,584968,,0,4.91,4882885.0,3765048,,,1117837.0,,,1117837.0,,591239.0,50608.0,641847.0,522614.0,522614.0,62354,584968.0,522614,,0,,,,,,,,,,,,,,,
2026,2,sii,2026-08-20,2481,強茂,,,,1747302.0,,212325,,,,,,,,,,,1057559,,73802,2.03,7376723.0,4942625,,,2434098.0,,,2434098.0,,686796.0,361671.0,1048467.0,836142.0,836142.0,295219,1131361.0,775929,,60213,,,,,,,,,,,,,,,
2026,2,sii,2026-08-20,2482,連宇,,,,158025.0,,-10711,,,,,,,,,,,26643,,289,-0.46,233542.0,138421,,,95121.0,,,95121.0,,-62904.0,16338.0,-46566.0,-35855.0,-35855.0,62787,26932.0,-36144,,289,,,,,,,,,,,,,,,
2026,2,sii,2026-08-20,2483,百容,,,,133834.0,,-1339,,,,,,,,,,,207293,,2907,0.4,1046073.0,897810,,,148263.0,,,148263.0,,14429.0,28699.0,43128.0,44467.0,44467.0,165733,210200.0,43619,,848,,,,,,,,,,,,,,,
2026,2,sii,2026-08-20,2484,希華,,,,174683.0,,33360,,,,,,,,,,,442741,,19,0.86,1214333.0,915120,,,299213.0,,,299213.0,,124530.0,46727.0,171257.0,137897.0,137897.0,304863,442760.0,137883,,14,,,,,,,,,,,,,,,
2026,2,sii,2026-08-20,2485,兆赫,,,,256998.0,,19086,,,,,,,,,,,223673,,5448,0.55,1954758.0,1588271,,,366487.0,,,366487.0,,109489.0,91005.0,200494.0,181408.0,181408.0,47713,229121.0,175960,,5448,,,,,,,,,,,,,,,
2026,2,sii,2026-08-20,2486,一詮,,,,477241.0,,56057,,,,,,,,,,,301646,,-5104,0.91,3682920.0,2909336,,,773584.0,,,773584.0,,296343.0,-33401.0,262942.0,206885.0,206885.0,89657,296542.0,211989,,-5104,,,,,,,,,,,,,,,
2026,2,sii,2026-08-20,2488,漢平,,,,165561.0,,44661,,,,,,,,,,,209548,,,2.21,1543276.0,1202081,,,341195.0,,,341195.0,,175634.0,45504.0,221138.0,176477.0,176477.0,33071,209548.0,176477,,,,,,,,,,,,,,,,,
2026,2,sii,2026-08-20,2489,瑞軒,,,,960574.0,,60402,,,,,,,,,,,572389,,8539,0.44,13171088.0,12108035,,,1063053.0,,,1063053.0,,102479.0,234114.0,336593.0,276191.0,276191.0,304737,580928.0,268941,,7250,,,,,,,,,,,,,,,
2026,2,sii,2026-08-20,2491,吉祥全,,,,156304.0,,-45,,,,,,,,,,,3148942,,709870,29.98,81616.0,64220,,,17396.0,,,17396.0,,-138908.0,3307165.0,3168257.0,3168302.0,3168302.0,690510,3858812.0,2458432,,709870,,,,,,,,,,,,,,,
2026,2,sii,2026-08-20,2492,華新科,,,,2160726.0,,926247,,,,,,,,,,,15429584,,1620022,4.93,20848667.0,16807291,,,4041376.0,,,4041376.0,,1880650.0,1831283.0,3711933.0,2785686.0,2785686.0,14263920,17049606.0,2391356,,394330,,,,,,,,,,,,,,,
2026,2,sii,2026-08-20,2493,揚博,,,,231101.0,,77875,,,,,,,,,,,345542,,,2.67,2014306.0,1432165,,,582141.0,,,582141.0,,351040.0,65107.0,416147.0,338272.0,338272.0,7270,345542.0,338272,,,,,,,,,,,,,,,,,
2026,2,sii,2026-08-20,2495,普安,,,,213829.0,,22380,,,,,,,,,,,165946,,0,0.61,779004.0,454518,,,324486.0,,,324486.0,,110657.0,77345.0,188002.0,165622.0,165622.0,324,165946.0,165622,,0,,,,,,,,,,,,,,,
2026,2,sii,2026-08-20,2496,卓越,,,,163547.0,,12960,,,,,,,,,,,47273,,-554,2.48,415574.0,188383,,,227191.0,,,227191.0,,63644.0,-3842.0,59802.0,46842.0,46842.0,-123,46719.0,47365,,-523,,,,,,,,,,,,,,,
2026,2,sii,2026-08-20,2497,怡利電,,,,446490.0,,78202,,,,,,,,,,,169844,,,1.59,2575334.0,1905123,,,670211.0,,,670211.0,,223721.0,57407.0,281128.0,202926.0,202926.0,-33082,169844.0,202926,,,,,,,,,,,,,,,,,
2026,2,sii,2026-08-20,2498,宏達電,,,,1669444.0,,32593,,,,,,,,,,,32194,,,-0.62,1266828.0,732807,,,534021.0,,,534021.0,,-1135423.0,646879.0,-488544.0,-521137.0,-521137.0,553331,32194.0,-521137,,,,,,,,,,,,,,,,,
2026,2,sii,2026-08-20,2501,國建,,,,1308552.0,,369106,,,,,,,,,,,2762969,,261365,1.43,14436110.0,10821001,,,3615109.0,,,3615109.0,,2306557.0,-22158.0,2284399.0,1915293.0,1915293.0,1109041,3024334.0,1653928,,261365,,,,,,,,,,,,,,,
2026,2,sii,2026-08-20,2504,國產,,,,503971.0,,446291,,,,,,,,,,,1873548,,62074,1.47,10249436.0,7610365,,,2639071.0,,,2639071.0,,2135100.0,106395.0,2241495.0,1795204.0,1795204.0,140418,1935622.0,1733130,,62074,,,,,,,,,,,,,,,
2026,2,sii,2026-08-20,2505,國揚,,,,154419.0,,11003,,,,,,,,,,,233533,,2738,0.31,597159.0,418934,,,178225.0,,,178225.0,,23806.0,109152.0,132958.0,121955.0,121955.0,114316,236271.0,119217,,2738,,,,,,,,,,,,,,,
2026,2,sii,2026-08-20,2506,太設,,,,238977.0,,33127,,,,,,,,,,,234892,,13577,0.33,807775.0,433204,,,374571.0,,,374571.0,0,135594.0,30108.0,165702.0,132575.0,132575.0,115894,248469.0,118039,,14536,,,,,,,,,,,,,,,
2026,2,sii,2026-08-20,2509,全坤建,,,,88773.0,,985,,,,,,,,,,,-66613,,5166,-0.52,126622.0,98864,,,27758.0,,,27758.0,,-61015.0,-58756.0,-119771.0,-120756.0,-120756.0,59309,-61447.0,-117788,,-2968,,,,,,,,,,,,,,,
2026,2,sii,2026-08-20,2511,太子,,,,1076340.0,,46158,,,,,,,,,,,437296,,-24052,0.16,4679293.0,3315149,,,1364144.0,,,1364144.0,,287804.0,-8501.0,279303.0,233145.0,233145.0,180099,413244.0,257197,,-24052,,,,,,,,,,,,,,,
2026,2,sii,2026-08-20,2514,龍邦,,,,755792.0,,177269,,,,,,,,,,,-307990,,-328387,-0.65,10550595.0,9203291,,,1347304.0,,,1347304.0,-269600,321912.0,-699065.0,-377153.0,-554422.0,-554422.0,-81955,-636377.0,-236491,,-317931,,,,,,,,,,,,,,,
2026,2,sii,2026-08-20,2515,中工,,,,503305.0,,127219,,,,,,,,,,,618350,,46754,0.25,12963688.0,11885081,,,1078607.0,,,1078607.0,,575302.0,-29655.0,545647.0,418428.0,418428.0,246676,665104.0,418749,,-321,,,,,,,,,,,,,,,
2026,2,sii,2026-08-20,2516,新建,,,,76578.0,,0,,,,,,,,,,,157914,,,0.66,3679250.0,3477398,,,201852.0,,,201852.0,,125274.0,23748.0,149022.0,149022.0,149022.0,8892,157914.0,149022,,,,,,,,,,,,,,,,,
2026,2,sii,2026-08-20,2520,冠德,,,,1054442.0,,547957,,,,,,,,,,,1109756,,761717,1.87,13225628.0,9757919,,,3467709.0,,,3467709.0,,2413267.0,5710.0,2418977.0,1871020.0,1871020.0,453,1871473.0,1109513,,761507,,,,,,,,,,,,,,,
2026,2,sii,2026-08-20,2524,京城,,,,236337.0,,44371,,,,,,,,,,,231474,,,0.63,1308517.0,645664,,,662853.0,,,662853.0,,426516.0,-150671.0,275845.0,231474.0,231474.0,,231474.0,231474,,,,,,,,,,,,,,,,,
2026,2,sii,2026-08-20,2527,宏璟,,,,215044.0,,161446,,,,,,,,,,,20085298,,-8103,3.99,4774291.0,3465725,,,1308566.0,,,1308566.0,,1093522.0,100329.0,1193851.0,1032405.0,1032405.0,19044790,20077195.0,1043459,,-11054,,,,,,,,,,,,,,,
2026,2,sii,2026-08-20,2528,皇普,,,,155071.0,,76873,,,,,,,,,,,,,,0.57,1668766.0,1122831,,,545935.0,,,545935.0,,390864.0,-29350.0,361514.0,284641.0,284641.0,,284641.0,,,,,,,,,,,,,,,,,,
2026,2,sii,2026-08-20,2530,華建,,,,73048.0,,1820,,,,,,,,,,,-89527,,-3542,-0.11,208839.0,177413,,,31426.0,,,31426.0,,-41622.0,-49967.0,-91589.0,-93409.0,-93409.0,340,-93069.0,-89867,,-3542,,,,,,,,,,,,,,,
2026,2,sii,2026-08-20,2534,宏盛,,,,250566.0,,23289,,,,,,,,,,,-23201,,,-0.18,506501.0,140012,,,366489.0,,,366489.0,,115923.0,-179367.0,-63444.0,-86733.0,-86733.0,63532,-23201.0,-86733,,,,,,,,,,,,,,,,,
2026,2,sii,2026-08-20,2535,達欣工,,,,410001.0,,263800,,,,,,,,,,,1668067,,5015,6.32,13418087.0,11784141,,,1633946.0,,,1633946.0,,1223945.0,682068.0,1906013.0,1642213.0,1642213.0,30869,1673082.0,1643272,,-1059,,,,,,,,,,,,,,,
2026,2,sii,2026-08-20,2536,宏普,,,,155208.0,,60263,,,,,,,,,,,732334,,3138,2.2,4990851.0,3924864,,,1065987.0,,,1065987.0,,910779.0,-115044.0,795735.0,735472.0,735472.0,,735472.0,732334,,3138,,,,,,,,,,,,,,,
2026,2,sii,2026-08-20,2537,聯上發,,,,120260.0,,40167,,,,,,,,,,,,,,0.41,1464948.0,1131389,,,333559.0,,,333559.0,,213299.0,-49242.0,164057.0,123890.0,123890.0,,123890.0,,,,,,,,,,,,,,,,,,
2026,2,sii,2026-08-20,2538,基泰,,,,90501.0,,-407,,,,,,,,,,,-9183,,0,-0.02,156160.0,14589,,,141571.0,,,141571.0,,51070.0,-60660.0,-9590.0,-9183.0,-9183.0,0,-9183.0,-9183,,0,,,,,,,,,,,,,,,
2026,2,sii,2026-08-20,2539,櫻花建,,,,362414.0,,691144,,,,,,,,,,,2818192,,,2.36,8550277.0,4716286,,,3833991.0,,,3833991.0,,3471577.0,37759.0,3509336.0,2818192.0,2818192.0,,2818192.0,2818192,,,,,,,,,,,,,,,,,
2026,2,sii,2026-08-20,2540,愛山林,,,,597225.0,,4045,,,,,,,,,,,15038,,,0.02,3743147.0,3048500,,,694647.0,,,694647.0,,97422.0,-78339.0,19083.0,15038.0,15038.0,,15038.0,15038,,0,,,,,,,,,,,,,,,
2026,2,sii,2026-08-20,2542,興富發,,,,2072271.0,,1500200,,,,,,,,,,,5168880,,1842248,2.45,33236853.0,22933838,,,10303015.0,,,10303015.0,,8230744.0,279461.0,8510205.0,7010005.0,7010005.0,1123,7011128.0,5167757,,1842248,,,,,,,,,,,,,,,
2026,2,sii,2026-08-20,2543,皇昌,,,,294881.0,,164957,,,,,,,,,,,707652,0,16536,1.34,7743874.0,6495090,,,1248784.0,0,0,1248784.0,0,953903.0,-64758.0,889145.0,724188.0,724188.0,0,724188.0,707652,,16536,,,,,,,,,,,,,,,
2026,2,sii,2026-08-20,2545,皇翔,,,,529561.0,,88161,,,,,,,,,,,772985,,,2.04,3563099.0,2582461,,,980638.0,,,980638.0,,451077.0,410069.0,861146.0,772985.0,772985.0,,772985.0,772985,,,,,,,,,,,,,,,,,
2026,2,sii,2026-08-20,2546,根基,,,,252376.0,,303206,,,,,,,,,,,1162773,,11,8.89,11254443.0,9631846,,,1622597.0,,,1622597.0,,1370221.0,92873.0,1463094.0,1159888.0,1159888.0,2896,1162784.0,1159878,,10,,,,,,,,,,,,,,,
2026,2,sii,2026-08-20,2547,日勝生,,,,960686.0,,259814,,,,,,,,,,,15143,,24673,0.01,3868922.0,2222099,,,1646823.0,,,1646823.0,,686137.0,-386507.0,299630.0,39816.0,39816.0,0,39816.0,15143,,24673,,,,,,,,,,,,,,,
2026,2,sii,2026-08-20,2548,華固,,,,390917.0,,249788,,,,,,,,,,,944350,,353,2.81,5707481.0,4166293,,,1541188.0,,,1541188.0,,1150271.0,42891.0,1193162.0,943374.0,943374.0,1329,944703.0,943338,,36,,,,,,,,,,,,,,,
2026,2,sii,2026-08-20,2597,潤弘,,,,653247.0,,411969,,,,,,,,,,,1375958,,144209,5.08,16111432.0,13338545,,,2772887.0,,,2772887.0,,2119640.0,36301.0,2155941.0,1743972.0,1743972.0,-223805,1520167.0,1577532,,166440,,,,,,,,,,,,,,,
2026,2,sii,2026-08-20,2601,益航,,,,58495.0,,7467,,0,,,,,,,,,-14960,,18853,-0.2,975305.0,752254,,,223051.0,,,223051.0,,164556.0,-302444.0,-137888.0,-145355.0,-145355.0,149248,3893.0,-164208,,18853,,,,,,,,,,,,,,,
2026,2,sii,2026-08-20,2603,長榮,,,,9354138.0,,6470760,,,,,,,,,,,31789680,,1025302,11.24,191672454.0,154308221,,,37364233.0,,6542,37370775.0,289640,28306277.0,3197580.0,31503857.0,25033097.0,25033097.0,7781885,32814982.0,24337452,,695645,,,,,,,,,,,,,,,
2026,2,sii,2026-08-20,2605,新興,,,,282616.0,,211748,,0,,,,,,,,,2450483,,,3.67,2697089.0,1511259,,,1185830.0,,,1185830.0,,903214.0,1456976.0,2360190.0,2148442.0,2148442.0,302041,2450483.0,2148442,,,,,,,,,,,,,,,,,
2026,2,sii,2026-08-20,2606,裕民,,,,471464.0,,65229,,,,,,,,,,,3802239,,,3.51,8905279.0,5888435,,,3016844.0,,,3016844.0,,2545380.0,483412.0,3028792.0,2963563.0,2963563.0,838676,3802239.0,2963563,,,,,,,,,,,,,,,,,
2026,2,sii,2026-08-20,2607,榮運,,,,807966.0,,407736,,,,,,,,,,,2276667,,21878,2.68,9044200.0,7156453,,,1887747.0,,,1887747.0,,1079781.0,779573.0,1859354.0,1451618.0,1451618.0,846927,2298545.0,1431407,,20211,,,,,,,,,,,,,,,
2026,2,sii,2026-08-20,2608,嘉里大榮,,,,388960.0,,140816,,,,,,,,,,,465095,,115499,0.96,6211575.0,5085858,,,1125717.0,,,1125717.0,,736757.0,-32413.0,704344.0,563528.0,563528.0,17066,580594.0,448455,,115073,,,,,,,,,,,,,,,
2026,2,sii,2026-08-20,2609,陽明,,,,4585659.0,,1560927,,,,,,,,,,,8511112,,126142,2.05,84583500.0,73703908,,,10879592.0,,,10879592.0,138424,6432357.0,2444176.0,8876533.0,7315606.0,7315606.0,1321648,8637254.0,7169461,,146145,,,,,,,,,,,,,,,
2026,2,sii,2026-08-20,2610,華航,,,,9742049.0,,1626361,,,,,,,,,,,6475321,,1122071,1.08,120815551.0,101972191,,,18843360.0,,,18843360.0,,9101311.0,220353.0,9321664.0,7695303.0,7695303.0,-97911,7597392.0,6582106,,1113197,,,,,,,,,,,,,,,
2026,2,sii,2026-08-20,2611,志信,,,,117464.0,,26494,,,,,,,,,,,159082,,8704,0.9,623739.0,451354,,,172385.0,,,172385.0,,54921.0,150391.0,205312.0,178818.0,178818.0,-11032,167786.0,170119,,8699,,,,,,,,,,,,,,,
2026,2,sii,2026-08-20,2612,中航,,,,260059.0,,51331,,,,,,,,,,,780254,0,-472,2.74,2579936.0,1660406,,,919530.0,,,919530.0,,659471.0,-67479.0,591992.0,540661.0,540661.0,239121,779782.0,541133,0,-472,,,,,,,,,,,,,,,
2026,2,sii,2026-08-20,2613,中櫃,,,,107371.0,,23346,,,,,,,,,,,86981,,2132,0.68,1745660.0,1468736,,,276924.0,,,276924.0,,169553.0,-51409.0,118144.0,94798.0,94798.0,-5685,89113.0,92666,,2132,,,,,,,,,,,,,,,
2026,2,sii,2026-08-20,2614,東森,,,,659668.0,,26773,,,,,,,,,,,287817,,-23605,0.83,2544856.0,1720918,,,823938.0,,,823938.0,,164270.0,111419.0,275689.0,248916.0,248916.0,15296,264212.0,272526,,-23610,,,,,,,,,,,,,,,
2026,2,sii,2026-08-20,2615,萬海,,,,3908890.0,,6683922,,,,,,,,,,,21688654,,2737,6.84,76541362.0,55854096,,,20687266.0,,,20687266.0,180063,16958439.0,8943574.0,25902013.0,19218091.0,19218091.0,2473300,21691391.0,19206137,,11954,,,,,,,,,,,,,,,
2026,2,sii,2026-08-20,2616,山隆,,,,639294.0,,15965,,,,,,,,,,,-112631,,2452,-2.63,4373408.0,4086639,,,286769.0,,,286769.0,,-352525.0,11895.0,-340630.0,-356595.0,-356595.0,246416,-110179.0,-357692,,1097,,,,,,,,,,,,,,,
2026,2,sii,2026-08-20,2617,台航,,,,82268.0,,199700,,,,,,,,,,,741312,,,1.55,2370150.0,1338583,,,1031567.0,,,1031567.0,,949299.0,-103118.0,846181.0,646481.0,646481.0,94831,741312.0,646481,,,,,,,,,,,,,,,,,
2026,2,sii,2026-08-20,2618,長榮航,,,,8442403.0,,3165890,,,,,,,,,,,11842568,,1093188,2.24,128285547.0,102844203,,,25441344.0,,,25441344.0,,16998941.0,-624714.0,16374227.0,13208337.0,13208337.0,-272581,12935756.0,12116416,,1091921,,,,,,,,,,,,,,,
2026,2,sii,2026-08-20,2630,亞航,,,,134517.0,,6329,,,,,,,,,,,28363,,,0.12,2095551.0,1917670,,,177881.0,,,177881.0,,43364.0,-12849.0,30515.0,24186.0,24186.0,4177,28363.0,24186,,,,,,,,,,,,,,,,,
2026,2,sii,2026-08-20,2633,台灣高鐵,,,,1097315.0,,636417,,,,,,,,,,,,,,0.67,27812094.0,15542614,,,12269480.0,,,12269480.0,,11172165.0,-6781502.0,4390663.0,3754246.0,3754246.0,,3754246.0,,,,,,,,,,,,,,,,,,
2026,2,sii,2026-08-20,2634,漢翔,,,,665852.0,,362000,,,,,,,,,,,1257987,,,1.3,16782863.0,14444822,,,2338041.0,,,2338041.0,,1672189.0,-84128.0,1588061.0,1226061.0,1226061.0,31926,1257987.0,1226061,,,,,,,,,,,,,,,,,
2026,2,sii,2026-08-20,2636,台驊控股,,,,1350269.0,,136511,,,,,,,,,,,508379,,2375,3.84,11419993.0,9728128,,,1691865.0,,,1691865.0,,341596.0,314165.0,655761.0,519250.0,519250.0,-8496,510754.0,525876,,-6626,,,,,,,,,,,,,,,
2026,2,sii,2026-08-20,2642,宅配通,,,,198020.0,,1938,,,,,,,,,,,-177151,,,-1.26,1594336.0,1527554,,,66782.0,,,66782.0,,-131238.0,12920.0,-118318.0,-120256.0,-120256.0,-56895,-177151.0,-120256,,,,,,,,,,,,,,,,,
2026,2,sii,2026-08-20,2645,長榮航太,,,,398914.0,,429735,,,,,,,,,,,,,,4.59,9960855.0,7542627,,,2418228.0,,,2418228.0,,2019314.0,129363.0,2148677.0,1718942.0,1718942.0,6191,1725133.0,,,,,,,,,,,,,,,,,,
2026,2,sii,2026-08-20,2646,星宇航空,,,,2821384.0,,0,,,,,,,,,,,,,,-0.11,28552856.0,25214032,,,3338824.0,,,3338824.0,,517440.0,-862960.0,-345520.0,-345520.0,-345520.0,-290041,-635561.0,,,,,,,,,,,,,,,,,,
2026,2,sii,2026-08-20,2701,萬企,,,,17819.0,,32512,,,,,,,,,,,,,,0.29,128931.0,25711,,,103220.0,,,103220.0,,85401.0,78440.0,163841.0,131329.0,131329.0,109803,241132.0,,,,,,,,,,,,,,,,,,
2026,2,sii,2026-08-20,2702,華園,,,,582299.0,,541,,,,,,,,,,,72305,,,0.31,738866.0,80328,,,658538.0,,,658538.0,,76239.0,-27536.0,48703.0,48162.0,48162.0,24143,72305.0,48162,,,,,,,,,,,,,,,,,
2026,2,sii,2026-08-20,2704,國賓,,,,190685.0,,211941,,,,,,,,,,,7151982,,303,1.67,705490.0,493309,,,212181.0,,,212181.0,,21496.0,802436.0,823932.0,611991.0,611991.0,6540294,7152285.0,611688,,303,,,,,,,,,,,,,,,
2026,2,sii,2026-08-20,2705,六福,,,,289998.0,,0,,,,,,,,,,,-85952,,,-0.45,1037572.0,751671,,,285901.0,,,285901.0,,-4097.0,-82299.0,-86396.0,-86396.0,-86396.0,444,-85952.0,-86396,,,,,,,,,,,,,,,,,
2026,2,sii,2026-08-20,2706,第一店,,,,15970.0,,45374,,,,,,,,,,,,,,0.35,178161.0,42143,,,136018.0,,,136018.0,,120048.0,101592.0,221640.0,176266.0,176266.0,150959,327225.0,,,,,,,,,,,,,,,,,,
2026,2,sii,2026-08-20,2707,晶華,,,,271832.0,,275434,,,,,,,,,,,1118480,,10300,8.62,3610518.0,2353886,,,1256632.0,,,1256632.0,,984800.0,399776.0,1384576.0,1109142.0,1109142.0,19638,1128780.0,1098842,,10300,,,,,,,,,,,,,,,
2026,2,sii,2026-08-20,2712,遠雄來,,,,69176.0,,127,,,,,,,,,,,,,,-0.21,257541.0,212117,,,45424.0,,,45424.0,,-23752.0,1837.0,-21915.0,-22042.0,-22042.0,,-22042.0,,,,,,,,,,,,,,,,,,
2026,2,sii,2026-08-20,2722,夏都,,,,132953.0,,606,,,,,,,,,,,117586,,134341,-0.35,278754.0,202266,,,76488.0,,,76488.0,-3,-56468.0,-1543.0,-58011.0,-58617.0,-58617.0,310544,251927.0,-50267,,-8350,,,,,,,,,,,,,,,
2026,2,sii,2026-08-20,2727,王品,,,,5113852.0,,201486,,,,,,,,,,,879756,,23612,9.86,12917657.0,6765165,,,6152492.0,,,6152492.0,,1038640.0,-11360.0,1027280.0,825794.0,825794.0,77574,903368.0,816918,,8876,,,,,,,,,,,,,,,
2026,2,sii,2026-08-20,2731,雄獅,,,,1759276.0,,178076,,,,,,,,,,,677145,,8239,7.27,16461055.0,13971962,,,2489093.0,,,2489093.0,,729817.0,135814.0,865631.0,687555.0,687555.0,-2171,685384.0,678347,,9208,,,,,,,,,,,,,,,
2026,2,sii,2026-08-20,2739,寒舍,,,,790015.0,,52308,,,,,,,,,,,259389,,,2.73,2691736.0,1604479,,,1087257.0,,,1087257.0,44101,341343.0,-38773.0,302570.0,250262.0,250262.0,9127,259389.0,250262,,,,,,,,,,,,,,,,,
2026,2,sii,2026-08-20,2748,雲品,,,,266840.0,,30514,,,,,,,,,,,100616,,,1.14,1312985.0,894939,,,418046.0,,,418046.0,,151206.0,68.0,151274.0,120760.0,120760.0,-20144,100616.0,120760,,,,,,,,,,,,,,,,,
2026,2,sii,2026-08-20,2753,八方雲集,,,,1099776.0,,114433,,,,,,,,,,,475167,,-25556,7.01,4596176.0,2940028,,,1656148.0,,,1656148.0,,556372.0,-5702.0,550670.0,436237.0,436237.0,13374,449611.0,466992,,-30755,,,,,,,,,,,,,,,
2026,2,sii,2026-08-20,2812,台中銀,6858846.0,4970619.0,586803.0,4987480.0,6255182.0,986315,5268867.0,,,5268867.0,1382714.0,,6651581.0,5268867,,,6651581,,,0.87,,,,,,,,,,,,,,,,,,,,,,,,,,,,,,,,,,
2026,2,sii,2026-08-20,2851,中再保,,,,,,961481,,,,,,,,,,,,,,,,,,,,,,,,7266550.0,23780.0,,,6328849.0,,6351750.0,,,,1217945.0,6487300.0,-438695.0,7290330.0,6328849.0,22901.0,7.91,,,,,,,,
2026,2,sii,2026-08-20,2867,三商壽,,,,,,602179,,,,,,,,,,,,,,,,,,,,,,,,6790719.0,-1063268.0,,,5125272.0,,55348714.0,,,,1045386.0,7902320.0,-2156987.0,5727451.0,5125272.0,50223442.0,0.87,,,,,,,,
2026,2,sii,2026-08-20,2901,欣欣,,,,46072.0,,3996,,,,,,,,,,,,,,0.22,66647.0,8661,,,57986.0,,,57986.0,,11914.0,8067.0,19981.0,15985.0,15985.0,0,15985.0,,,,,,,,,,,,,,,,,,
2026,2,sii,2026-08-20,2903,遠百,,,,7196885.0,,610549,,,,,,,,,,,699585,,24915,0.55,15962920.0,6522652,,,9440268.0,,,9440268.0,,2243383.0,-806778.0,1436605.0,826056.0,826056.0,-101556,724500.0,777526,,48530,,,,,,,,,,,,,,,
2026,2,sii,2026-08-20,2904,匯僑,,,,43560.0,,-1942,,,,,,,,,,,15041,,-3,0.14,207979.0,155740,,,52239.0,,,52239.0,,8679.0,398.0,9077.0,11019.0,11019.0,4019,15038.0,11022,,-3,,,,,,,,,,,,,,,
2026,2,sii,2026-08-20,2905,三商,,,,,6096810.0,666985,,,,,,,,,,,18651840,,32798889,1.93,,,,,,,,,,,,,5429825.0,5429825.0,,51450729.0,2038623,,3391202,,,,,,,,92756941.0,86660131.0,46020904.0,,,,,
2026,2,sii,2026-08-20,2906,高林,,,,1187444.0,,76745,,,,,,,,,,,214069,,114536,0.49,4304162.0,2986851,,,1317311.0,,,1317311.0,,129867.0,156702.0,286569.0,209824.0,209824.0,118781,328605.0,101888,,107936,,,,,,,,,,,,,,,
2026,2,sii,2026-08-20,2908,特力,,,,5035981.0,,139158,,,,,,,,,,,643979,,52125,1.02,17875548.0,12336519,,,5539029.0,,,5539029.0,,503048.0,196884.0,699932.0,560774.0,560774.0,135330,696104.0,517831,,42943,,,,,,,,,,,,,,,
2026,2,sii,2026-08-20,2910,統領,,,,88680.0,,25042,,,,,,,,,,,192292,,0,1.02,279786.0,37891,,,241895.0,0,0,241895.0,,153215.0,50615.0,203830.0,178788.0,178788.0,13504,192292.0,178788,,0,,,,,,,,,,,,,,,
2026,2,sii,2026-08-20,2911,麗嬰房,,,,506807.0,,-10359,,,,,,,,,,,539029,,10486,-0.17,859389.0,494036,,,365353.0,,,365353.0,,-141454.0,124334.0,-17120.0,-6761.0,-6761.0,556276,549515.0,-17455,,10694,,,,,,,,,,,,,,,
2026,2,sii,2026-08-20,2912,統一超,,,,54873023.0,,2009375,,,,,,,,,,,7772692,,976921,6.03,180703389.0,118211845,,,62491544.0,,,62491544.0,,7618521.0,1710046.0,9328567.0,7319192.0,7319192.0,1430421,8749613.0,6265139,,1054053,,,,,,,,,,,,,,,
2026,2,sii,2026-08-20,2913,農林,,,,97224.0,,-26,,,,,,,,,,,,,,-0.1,220707.0,140452,,,80255.0,,,80255.0,,-16969.0,-62827.0,-79796.0,-79770.0,-79770.0,,-79770.0,,,,,,,,,,,,,,,,,,
2026,2,sii,2026-08-20,2915,潤泰全,,,,399388.0,,61911,,,,,,,,,,,71780292,,-243819,8.96,985891.0,519152,,,466739.0,,,466739.0,,67351.0,9433440.0,9500791.0,9438880.0,9438880.0,62097593,71536473.0,9349119,,89761,,,,,,,,,,,,,,,
2026,2,sii,2026-08-20,2923,鼎固-KY,,,,326143.0,,480140,,,,,,,,,,,2261202,,357387,-0.11,4272973.0,1976098,,,2296875.0,,,2296875.0,-1369450,601282.0,38328.0,639610.0,159470.0,159470.0,2459119,2618589.0,-197917,,357387,,,,,,,,,,,,,,,
2026,2,sii,2026-08-20,2945,三商家購,,,,2324497.0,,11525,,,,,,,,,,,38341,,-2409,0.57,8915469.0,6527606,,,2387863.0,,,2387863.0,,63366.0,-15909.0,47457.0,35932.0,35932.0,,35932.0,38341,,-2409,,,,,,,,,,,,,,,
2026,2,sii,2026-08-20,3002,歐格,,,,81886.0,,-6360,,,,,,,,,,,33339,,-6049,0.03,413953.0,377951,,,36002.0,,,36002.0,,-45884.0,31755.0,-14129.0,-7769.0,-7769.0,35059,27290.0,3323,,-11092,,,,,,,,,,,,,,,
2026,2,sii,2026-08-20,3003,健和興,,,,389378.0,,105647,,,,,,,,,,,258675,,7821,1.46,2876806.0,2198400,,,678406.0,,,678406.0,,289028.0,54696.0,343724.0,238077.0,238077.0,28419,266496.0,226716,,11361,,,,,,,,,,,,,,,
2026,2,sii,2026-08-20,3004,豐達科,,,,284602.0,,56160,,,,,,,,,,,292331,,0,4.01,2590139.0,1964615,,,625524.0,,,625524.0,,340922.0,-26399.0,314523.0,258363.0,258363.0,33968,292331.0,258363,,0,,,,,,,,,,,,,,,
2026,2,sii,2026-08-20,3005,神基,,,,3345561.0,,598871,,,,,,,,,,,3506603,,231032,4.27,20820908.0,14281823,,,6539085.0,,,6539085.0,,3193524.0,241830.0,3435354.0,2836483.0,2836483.0,901152,3737635.0,2660369,,176114,,,,,,,,,,,,,,,
2026,2,sii,2026-08-20,3006,晶豪科,,,,3606465.0,,1715907,,,,,,,,,,,7980945,,-2661,27.58,21213118.0,8179056,,,13034062.0,,,13034062.0,,9427597.0,257265.0,9684862.0,7968955.0,7968955.0,9329,7978284.0,7971616,,-2661,,,,,,,,,,,,,,,
2026,2,sii,2026-08-20,3008,大立光,,,,3472280.0,,2485095,,,,,,,,,,,14327893,,112136,82.35,29208838.0,14776335,,,14432503.0,,,14432503.0,,10960223.0,2426892.0,13387115.0,10902020.0,10902020.0,3538009,14440029.0,10793182,,108838,,,,,,,,,,,,,,,
2026,2,sii,2026-08-20,3010,華立,,,,1919796.0,,512040,,,,,,,,,,,4860541,,261150,5.93,45683039.0,41917374,,,3765665.0,,,3765665.0,,1845869.0,412930.0,2258799.0,1746759.0,1746759.0,3374932,5121691.0,1539553,,207206,,,,,,,,,,,,,,,
2026,2,sii,2026-08-20,3011,今皓,,,,195829.0,,-12728,,,,,,,,,,,-54095,,17181,-1.56,267668.0,255662,,,12006.0,,,12006.0,,-183823.0,-26825.0,-210648.0,-197920.0,-197920.0,161006,-36914.0,-195726,,-2194,,,,,,,,,,,,,,,
2026,2,sii,2026-08-20,3013,晟銘電,,,,459381.0,,187719,,,,,,,,,,,596642,,0,2.78,6147745.0,4867708,,,1280037.0,,,1280037.0,,820656.0,-62033.0,758623.0,570904.0,570904.0,25738,596642.0,570904,,0,,,,,,,,,,,,,,,
2026,2,sii,2026-08-20,3014,聯陽,,,,1025487.0,,160450,,,,,,,,,,,1599729,,0,5.88,3569479.0,1527287,,,2042192.0,,,2042192.0,,1016705.0,90731.0,1107436.0,946986.0,946986.0,652743,1599729.0,946986,,0,,,,,,,,,,,,,,,
2026,2,sii,2026-08-20,3015,全漢,,,,1106854.0,,46816,,,,,,,,,,,2892899,,23334,1.08,6284874.0,5143756,,,1141118.0,,1245,1142363.0,,35509.0,236309.0,271818.0,225002.0,225002.0,2691231,2916233.0,202351,,22651,,,,,,,,,,,,,,,
2026,2,sii,2026-08-20,3016,嘉晶,,,,161459.0,,66187,,,,,,,,,,,288149,,,1.0,2367626.0,1872478,,,495148.0,,,495148.0,,333689.0,20827.0,354516.0,288329.0,288329.0,-180,288149.0,288329,,,,,,,,,,,,,,,,,
2026,2,sii,2026-08-20,3017,奇鋐,,,,5099450.0,,6961196,,,,,,,,,,,18733276,,1677063,44.54,98158910.0,67562811,,,30596099.0,,,30596099.0,,25496649.0,417441.0,25914090.0,18952894.0,18952894.0,1457445,20410339.0,17482966,,1469928,,,,,,,,,,,,,,,
2026,2,sii,2026-08-20,3018,隆銘綠能,,,,75901.0,,238,,,,,,,,,,,-163872,,0,-2.17,155900.0,181884,,,-25984.0,,,-25984.0,,-101885.0,-61312.0,-163197.0,-163435.0,-163435.0,-437,-163872.0,-163435,,0,,,,,,,,,,,,,,,
2026,2,sii,2026-08-20,3019,亞光,,,,1261412.0,,252513,,,,,,,,,,,1274673,,216950,2.98,14237685.0,11687129,,,2550556.0,,,2550556.0,,1289144.0,-59328.0,1229816.0,977303.0,977303.0,514320,1491623.0,830887,,146416,,,,,,,,,,,,,,,
2026,2,sii,2026-08-20,3021,鴻名,,,,207295.0,,38563,,,,,,,,,,,57400,,-7142,0.46,1469618.0,1175223,,,294395.0,,,294395.0,,87100.0,-9833.0,77267.0,38704.0,38704.0,11554,50258.0,43756,,-5052,,,,,,,,,,,,,,,
2026,2,sii,2026-08-20,3022,威強電,,,,873453.0,,-3426,,,,,,,,,,,839376,,1952,3.29,4081564.0,2943764,,,1137800.0,334,82,1137548.0,,264095.0,316138.0,580233.0,583659.0,583659.0,257669,841328.0,581707,,1952,,,,,,,,,,,,,,,
2026,2,sii,2026-08-20,3023,信邦,,,,2350784.0,,432017,,,,,,,,,,,2353078,,9357,7.37,17311456.0,13065616,,,4245840.0,,,4245840.0,,1895056.0,309943.0,2204999.0,1772982.0,1772982.0,589453,2362435.0,1768440,,4542,,,,,,,,,,,,,,,
2026,2,sii,2026-08-20,3024,憶聲,,,,124796.0,,6169,,,,,,,,,,,76873,,,0.05,460391.0,332572,,,127819.0,,,127819.0,,3023.0,18380.0,21403.0,15234.0,15234.0,61639,76873.0,15234,,,,,,,,,,,,,,,,,
2026,2,sii,2026-08-20,3025,星通,,,,121961.0,,-208,,,,,,,,,,,71299,,0,1.26,258581.0,92710,,,165871.0,,,165871.0,,43910.0,27190.0,71100.0,71308.0,71308.0,-9,71299.0,71308,,0,,,,,,,,,,,,,,,
2026,2,sii,2026-08-20,3026,禾伸堂,,,,839915.0,,263189,,,,,,,,,,,1146367,,-48556,6.73,7715738.0,5765963,,,1949775.0,,,1949775.0,,1109860.0,221249.0,1331109.0,1067920.0,1067920.0,29891,1097811.0,1116406,,-48486,,,,,,,,,,,,,,,
2026,2,sii,2026-08-20,3027,盛達,,,,195872.0,,9250,,,,,,,,,,,-4537,,-8560,-0.06,702374.0,532457,,,169917.0,6636,,163281.0,,-32591.0,25825.0,-6766.0,-16016.0,-16016.0,2919,-13097.0,-7376,,-8640,,,,,,,,,,,,,,,
2026,2,sii,2026-08-20,3028,增你強,,,,1355908.0,,304761,,,,,,,,,,,1662894,,,5.24,37224984.0,34140715,,,3084269.0,,,3084269.0,,1728361.0,-180264.0,1548097.0,1243336.0,1243336.0,419558,1662894.0,1243336,,,,,,,,,,,,,,,,,
2026,2,sii,2026-08-20,3029,零壹,,,,849091.0,,195597,,,,,,,,,,,574413,,161110,3.63,14119278.0,12377431,,,1741847.0,,,1741847.0,,892756.0,67607.0,960363.0,764766.0,764766.0,-29243,735523.0,604049,,160717,,,,,,,,,,,,,,,
2026,2,sii,2026-08-20,3030,德律,,,,1121996.0,,418649,,,,,,,,,,,1782539,,,7.36,5387967.0,2186726,,,3201241.0,,,3201241.0,,2079245.0,77914.0,2157159.0,1738510.0,1738510.0,44029,1782539.0,1738510,,,,,,,,,,,,,,,,,
2026,2,sii,2026-08-20,3031,佰鴻,,,,119815.0,,19387,,,,,,,,,,,142254,,2107,0.57,642458.0,463136,,,179322.0,,,179322.0,,59507.0,56694.0,116201.0,96814.0,96814.0,47547,144361.0,98137,,-1323,,,,,,,,,,,,,,,
2026,2,sii,2026-08-20,3032,偉訓,,,,763709.0,,114577,,,,,,,,,,,425716,,116008,1.85,5548893.0,4235540,,,1313353.0,,,1313353.0,,549644.0,-189927.0,359717.0,245140.0,245140.0,296584,541724.0,209643,,35497,,,,,,,,,,,,,,,
2026,2,sii,2026-08-20,3033,威健,,,,1785071.0,,537963,,,,,,,,,,,1764108,,,3.38,68486502.0,64203747,,,4282755.0,,,4282755.0,,2497684.0,-313925.0,2183759.0,1645796.0,1645796.0,118312,1764108.0,1645796,,,,,,,,,,,,,,,,,
2026,2,sii,2026-08-20,3034,聯詠,,,,10703223.0,,2076126,,0,,,,,,,,,15217577,,0,16.59,51805401.0,30608699,,,21196702.0,,,21196702.0,,10493479.0,1677619.0,12171098.0,10094972.0,10094972.0,5122605,15217577.0,10094972,,0,,,,,,,,,,,,,,,
2026,2,sii,2026-08-20,3035,智原,,,,2356474.0,,140315,,,,,,,,,,,4436480,,138011,1.16,5902036.0,3179056,,,2722980.0,,,2722980.0,,366506.0,194416.0,560922.0,420607.0,420607.0,4153884,4574491.0,302262,,118345,,,,,,,,,,,,,,,
2026,2,sii,2026-08-20,3036,文曄,,,,14248921.0,,4529234,,,,,,,,,,,23040758,,8793,13.0,1084966618.0,1047780275,,,37186343.0,,,37186343.0,,22937422.0,-1687896.0,21249526.0,16720292.0,16720292.0,6329259,23049551.0,16722070,,-1778,,,,,,,,,,,,,,,
2026,2,sii,2026-08-20,3037,欣興,,,,7999167.0,,3151507,,,,,,,,,,,19355632,,759568,11.7,80336273.0,62972093,,,17364180.0,,,17364180.0,42773,9407786.0,12466846.0,21874632.0,18723125.0,18723125.0,1392075,20115200.0,18157914,,565211,,,,,,,,,,,,,,,
2026,2,sii,2026-08-20,3038,全台,,,,264087.0,,8096,,,,,,,,,,,229030,,80,0.64,1448820.0,1132254,,,316566.0,,,316566.0,2993,55472.0,44979.0,100451.0,92355.0,92355.0,136755,229110.0,92355,,0,,,,,,,,,,,,,,,
2026,2,sii,2026-08-20,3040,遠見,,,,33893.0,,14182,,,,,,,,,,,26031,,,-0.1,65783.0,26006,,,39777.0,,,39777.0,,5884.0,2012.0,7896.0,-6286.0,-6286.0,32317,26031.0,-6286,,,,,,,,,,,,,,,,,
2026,2,sii,2026-08-20,3041,揚智,,,,580471.0,,-3312,,,,,,,,,,,-88504,,-63137,-0.69,829827.0,405787,,,424040.0,,,424040.0,-2128,-158559.0,-12707.0,-171266.0,-167954.0,-167954.0,16313,-151641.0,-96973,,-70981,,,,,,,,,,,,,,,
2026,2,sii,2026-08-20,3042,晶技,,,,1178383.0,,214527,,,,,,,,,,,1470677,,-1363,2.96,7037996.0,4733718,,,2304278.0,,,2304278.0,,1125895.0,97421.0,1223316.0,1008789.0,1008789.0,460525,1469314.0,1005706,,3083,,,,,,,,,,,,,,,
2026,2,sii,2026-08-20,3043,科風,,,,101339.0,,1755,,,,,,,,,,,-77626,,-3678,0.49,443864.0,333842,,,110022.0,,,110022.0,,8683.0,10557.0,19240.0,17485.0,17485.0,-98789,-81304.0,19169,,-1684,,,,,,,,,,,,,,,
2026,2,sii,2026-08-20,3044,健鼎,,,,3607233.0,,2945021,,,,,,,,,,,8306136,,86,13.02,45821630.0,32783947,,,13037683.0,,,13037683.0,,9430450.0,357300.0,9787750.0,6842729.0,6842729.0,1463493,8306222.0,6842643,,86,,,,,,,,,,,,,,,
2026,2,sii,2026-08-20,3045,台灣大,,,,10231352.0,,2280895,,,,,,,,,,,8761804,,738141,2.86,99210679.0,77521993,,,21688686.0,,,21688686.0,594613,12051947.0,-334097.0,11717850.0,9436955.0,9436955.0,62990,9499945.0,8685140,,751815,,,,,,,,,,,,,,,
2026,2,sii,2026-08-20,3046,建碁,,,,139856.0,,44511,,,,,,,,,,,239934,,-365,2.75,4291920.0,3918152,,,373768.0,,,373768.0,,233912.0,25629.0,259541.0,215030.0,215030.0,24539,239569.0,215592,,-562,,,,,,,,,,,,,,,
2026,2,sii,2026-08-20,3047,訊舟,,,,542836.0,,13721,,,,,,,,,,,-42203,,-66222,-0.31,1542782.0,1153667,,,389115.0,,,389115.0,,-153721.0,34032.0,-119689.0,-133410.0,-133410.0,24985,-108425.0,-68673,,-64737,,,,,,,,,,,,,,,
2026,2,sii,2026-08-20,3048,益登,,,,1415061.0,,221867,,,,,,,,,,,2047304,,,3.15,73004165.0,69946420,,,3057745.0,,,3057745.0,,1642684.0,-571981.0,1070703.0,848836.0,848836.0,1198468,2047304.0,848836,,,,,,,,,,,,,,,,,
2026,2,sii,2026-08-20,3049,精金,,,,74362.0,,65581,,-65206,,,,,,,,,1152747,,247162,0.51,198992.0,110160,,,88832.0,,,88832.0,,14470.0,746116.0,760586.0,695005.0,629799.0,770110,1399909.0,401666,,228133,,,,,,,,,,,,,,,
2026,2,sii,2026-08-20,3050,鈺德,,,,203648.0,,11277,,0,,,,,,,,,36395,0,2196,0.31,582184.0,396898,,,185286.0,,,185286.0,,-18362.0,87962.0,69600.0,58323.0,58323.0,-19732,38591.0,48456,0,9867,,,,,,,,,,,,,,,
2026,2,sii,2026-08-20,3051,力特,,,,159207.0,,23561,,,,,,,,,,,174079,,,1.05,935499.0,612611,,,322888.0,,,322888.0,,163681.0,33176.0,196857.0,173296.0,173296.0,783,174079.0,173296,,,,,,,,,,,,,,,,,
2026,2,sii,2026-08-20,3052,夆典,,,,86241.0,,-19139,,,,,,,,,,,139477,,1800,0.69,1909647.0,1726707,,,182940.0,,,182940.0,,96699.0,25751.0,122450.0,141589.0,141589.0,-312,141277.0,139781,,1808,,,,,,,,,,,,,,,
2026,2,sii,2026-08-20,3054,立萬利,,,,53920.0,,20655,,,,,,,,,,,546437,,,2.9,339319.0,156421,,,182898.0,,,182898.0,,128978.0,125660.0,254638.0,233983.0,233983.0,312454,546437.0,233983,,,,,,,,,,,,,,,,,
2026,2,sii,2026-08-20,3055,蔚華科,,,,205349.0,,-7095,,,,,,,,,,,-7179,,-3316,-0.03,246507.0,168191,,,78316.0,,,78316.0,0,-127033.0,112877.0,-14156.0,-7061.0,-7061.0,-3434,-10495.0,-3745,,-3316,,,,,,,,,,,,,,,
2026,2,sii,2026-08-20,3056,富華新,,,,134594.0,,18562,,,,,,,,,,,-22810,,,-0.05,525881.0,441230,,,84651.0,,,84651.0,,-49943.0,45695.0,-4248.0,-22810.0,-22810.0,,-22810.0,-22810,,,,,,,,,,,,,,,,,
2026,2,sii,2026-08-20,3057,喬鼎,,,,158258.0,,413,,,,,,,,,,,-29678,,-41,-0.46,292482.0,163297,,,129185.0,,,129185.0,,-29073.0,-577.0,-29650.0,-30063.0,-30063.0,344,-29719.0,-30019,,-44,,,,,,,,,,,,,,,
2026,2,sii,2026-08-20,3058,立德,,,,301324.0,,5745,,,,,,,,,,,23995,,-4491,-0.14,1640138.0,1420174,,,219964.0,0,0,219964.0,,-81360.0,54248.0,-27112.0,-32857.0,-32857.0,52361,19504.0,-28337,,-4520,,,,,,,,,,,,,,,
2026,2,sii,2026-08-20,3059,華晶科,,,,827359.0,,87118,,,,,,,,,,,469252,,113505,0.64,4380242.0,3269930,,,1110312.0,,,1110312.0,,282953.0,111842.0,394795.0,307677.0,307677.0,275080,582757.0,195859,,111818,,,,,,,,,,,,,,,
2026,2,sii,2026-08-20,3060,銘異,,,,237414.0,,30123,,,,,,,,,,,125707,,6134,0.68,2245627.0,1902053,,,343574.0,,,343574.0,,106160.0,23954.0,130114.0,99991.0,99991.0,31850,131841.0,93759,,6232,,,,,,,,,,,,,,,
2026,2,sii,2026-08-20,3062,建漢,,,,341746.0,,-6688,,,,,,,,,,,-264686,,,-0.88,2001161.0,1949512,,,51649.0,,,51649.0,,-290097.0,-4117.0,-294214.0,-287526.0,-287526.0,22840,-264686.0,-287526,,,,,,,,,,,,,,,,,
2026,2,sii,2026-08-20,3090,日電貿,,,,655225.0,,240553,,,,,,,,,,,6115602,,24671,4.91,9646164.0,7822199,,,1823965.0,,,1823965.0,,1168740.0,483307.0,1652047.0,1411494.0,1411494.0,4728779,6140273.0,1388160,,23334,,,,,,,,,,,,,,,
2026,2,sii,2026-08-20,3092,鴻碩,,,,292250.0,,23476,,,,,,,,,,,-198205,,-5191,-2.19,831202.0,747272,,,83930.0,,,83930.0,-3571,-211891.0,-3246.0,-215137.0,-238613.0,-238613.0,35217,-203396.0,-233422,,-5191,,,,,,,,,,,,,,,
2026,2,sii,2026-08-20,3094,聯傑,,,,68869.0,,4339,,,,,,,,,,,34024,,,0.39,110894.0,28121,,,82773.0,,,82773.0,,13904.0,22913.0,36817.0,32478.0,32478.0,1546,34024.0,32478,,,,,,,,,,,,,,,,,
2026,2,sii,2026-08-20,3130,一零四,,,,912722.0,,49691,,,,,,,,,,,342726,,,9.6,1409168.0,179680,,,1229488.0,,,1229488.0,,316766.0,51414.0,368180.0,318489.0,318489.0,24237,342726.0,318489,,,,,,,,,,,,,,,,,
2026,2,sii,2026-08-20,3135,凌航,,,,231357.0,,456360,,,,,,,,,,,,,,20.87,11262486.0,8744150,,,2518336.0,,,2518336.0,,2286979.0,-8870.0,2278109.0,1821749.0,1821749.0,,1821749.0,,,,,,,,,,,,,,,,,,
2026,2,sii,2026-08-20,3138,耀登,,,,359939.0,,-1533,,,,,,,,,,,59336,,-564,0.41,844886.0,478198,,,366688.0,,,366688.0,,6749.0,12571.0,19320.0,20853.0,20853.0,37919,58772.0,21417,,-564,,,,,,,,,,,,,,,
2026,2,sii,2026-08-20,3149,正達,,,,157759.0,,0,,,,,,,,,,,-188351,,,-0.85,1144409.0,1186726,,,-42317.0,,,-42317.0,,-200076.0,7871.0,-192205.0,-192205.0,-192205.0,3854,-188351.0,-192205,,,,,,,,,,,,,,,,,
2026,2,sii,2026-08-20,3150,鈺寶-創,,,,78901.0,,-379,,,,,,,,,,,,,,0.03,169770.0,93712,,,76058.0,,,76058.0,,-2843.0,3817.0,974.0,1353.0,1353.0,2628,3981.0,,,,,,,,,,,,,,,,,,
2026,2,sii,2026-08-20,3164,景岳,,,,101821.0,,8280,,,,,,,,,,,48230,,9,0.23,192502.0,83165,,,109337.0,,,109337.0,,7516.0,15426.0,22942.0,14662.0,14662.0,33577,48239.0,19690,,-5028,,,,,,,,,,,,,,,
2026,2,sii,2026-08-20,3167,大量,,,,911553.0,,376245,,,,,,,,,,,924753,,-34,9.26,4805427.0,2717545,,,2087882.0,,,2087882.0,,1176329.0,25121.0,1201450.0,825205.0,825205.0,99514,924719.0,825239,,-34,,,,,,,,,,,,,,,
2026,2,sii,2026-08-20,3168,眾福科,,,,287548.0,,8848,,,,,,,,,,,131344,,29474,1.43,1889565.0,1456051,,,433514.0,0,324,433838.0,,146290.0,-56.0,146234.0,137386.0,137386.0,23432,160818.0,107444,,29942,,,,,,,,,,,,,,,
2026,2,sii,2026-08-20,3189,景碩,,,,3041042.0,,189528,,,,,,,,,,,1965869,,718536,3.74,23601219.0,17990900,,,5610319.0,,,5610319.0,,2569277.0,179497.0,2748774.0,2559246.0,2559246.0,125159,2684405.0,1859785,,699461,,,,,,,,,,,,,,,
2026,2,sii,2026-08-20,3209,全科,,,,742531.0,,344111,,,,,,,,,,,818007,,-5396,3.28,34331720.0,32575391,,,1756329.0,,,1756329.0,,1013798.0,96188.0,1109986.0,765875.0,765875.0,46736,812611.0,771271,,-5396,,,,,,,,,,,,,,,
2026,2,sii,2026-08-20,3229,晟鈦,,,,32997.0,,-437,,,,,,,,,,,82274,,0,1.28,755934.0,656273,,,99661.0,,,99661.0,,66664.0,15173.0,81837.0,82274.0,82274.0,,82274.0,82274,,0,,,,,,,,,,,,,,,
2026,2,sii,2026-08-20,3231,緯創,,,,32173027.0,,12826863,,,,,,,,,,,29461235,,18337133,7.78,1741745642.0,1646988066,,,94757576.0,,,94757576.0,,62584549.0,-7992733.0,54591816.0,41764953.0,41764953.0,6033415,47798368.0,24458222,,17306731,,,,,,,,,,,,,,,
2026,2,sii,2026-08-20,3257,虹冠電,,,,115086.0,,14097,,,,,,,,,,,66246,,-140,0.65,302276.0,173398,,,128878.0,,,128878.0,,13792.0,51794.0,65586.0,51489.0,51489.0,14617,66106.0,51629,,-140,,,,,,,,,,,,,,,
2026,2,sii,2026-08-20,3266,昇陽,,,,130869.0,,18732,,,,,,,,,,,26621,,5587,0.08,1024116.0,848726,,,175390.0,,,175390.0,,44521.0,6419.0,50940.0,32208.0,32208.0,0,32208.0,26621,,5587,,,,,,,,,,,,,,,
2026,2,sii,2026-08-20,3296,勝德,,,,151085.0,,3104,,,,,,,,,,,21409,,,-0.2,821179.0,685096,,,136083.0,,,136083.0,,-15002.0,-1648.0,-16650.0,-19754.0,-19754.0,41163,21409.0,-19754,,,,,,,,,,,,,,,,,
2026,2,sii,2026-08-20,3305,昇貿,,,,562007.0,,262559,,,,,,,,,,,634852,,1475,3.84,7960699.0,6484064,,,1476635.0,,,1476635.0,,914628.0,-113053.0,801575.0,539016.0,539016.0,97311,636327.0,537541,,1475,,,,,,,,,,,,,,,
2026,2,sii,2026-08-20,3308,聯德,,,,23821.0,,4499,,,,,,,,,,,38271,,,0.51,3132.0,1167,,,1965.0,,,1965.0,,-21856.0,56963.0,35107.0,30608.0,30608.0,7663,38271.0,30608,,,,,,,,,,,,,,,,,
2026,2,sii,2026-08-20,3311,閎暉,,,,134644.0,,1921,,,,,,,,,,,76949,,,0.84,1184848.0,1054313,,,130535.0,,,130535.0,,-4109.0,90462.0,86353.0,84432.0,84432.0,-7483,76949.0,84432,,,,,,,,,,,,,,,,,
2026,2,sii,2026-08-20,3312,弘憶股,,,,295920.0,,60390,,,,,,,,,,,348840,,0,1.84,12216684.0,11576858,,,639826.0,,,639826.0,,343906.0,52945.0,396851.0,336461.0,336461.0,12379,348840.0,336461,,0,,,,,,,,,,,,,,,
2026,2,sii,2026-08-20,3321,同泰,,,,152966.0,,3297,,,,,,,,,,,-46561,,,-0.78,1133355.0,1037155,,,96200.0,,,96200.0,,-56766.0,-7471.0,-64237.0,-67534.0,-67534.0,20973,-46561.0,-67534,,,,,,,,,,,,,,,,,
2026,2,sii,2026-08-20,3338,泰碩,,,,287163.0,,5891,,,,,,,,,,,87945,,,0.46,1887922.0,1550672,,,337250.0,,,337250.0,,50087.0,-3916.0,46171.0,40280.0,40280.0,47665,87945.0,40280,,,,,,,,,,,,,,,,,
2026,2,sii,2026-08-20,3346,麗清,,,,488561.0,,1802,,,,,,,,,,,18411,,,-0.86,3613739.0,3271135,,,342604.0,,,342604.0,25,-145932.0,44576.0,-101356.0,-103158.0,-103158.0,121569,18411.0,-103158,,,,,,,,,,,,,,,,,
2026,2,sii,2026-08-20,3356,奇偶,,,,256911.0,,33089,,,,,,,,,,,627614,,-297,7.8,561321.0,287924,,,273397.0,,,273397.0,,16486.0,639710.0,656196.0,623107.0,623107.0,4210,627317.0,623430,,-323,,,,,,,,,,,,,,,
2026,2,sii,2026-08-20,3376,新日興,,,,685408.0,,-5670,,,,,,,,,,,134057,,,0.47,4984069.0,4390607,,,593462.0,,,593462.0,,-91946.0,177916.0,85970.0,91640.0,91640.0,42417,134057.0,91640,,,,,,,,,,,,,,,,,
2026,2,sii,2026-08-20,3380,明泰,,,,1952451.0,,8347,,,,,,,,,,,320124,,-19535,0.11,10480123.0,8588899,,,1891224.0,,,1891224.0,,-61227.0,99293.0,38066.0,29719.0,29719.0,270870,300589.0,60957,,-31238,,,,,,,,,,,,,,,
2026,2,sii,2026-08-20,3406,玉晶光,,,,1784870.0,,471642,,,,,,,,,,,2467715,,6029,13.99,11823117.0,7877983,,,3945134.0,,,3945134.0,,2160264.0,-103336.0,2056928.0,1585286.0,1585286.0,888458,2473744.0,1577080,,8206,,,,,,,,,,,,,,,
2026,2,sii,2026-08-20,3413,京鼎,,,,1233264.0,,381073,,,,,,,,,,,1149046,,92112,8.89,11861137.0,9131392,,,2729745.0,,,2729745.0,,1496481.0,-42114.0,1454367.0,1073294.0,1073294.0,167864,1241158.0,983884,,89410,,,,,,,,,,,,,,,
2026,2,sii,2026-08-20,3416,融程電,,,,444656.0,,69734,,,,,,,,,,,470918,,-304,4.28,2123231.0,1304786,,,818445.0,,,818445.0,,373789.0,40229.0,414018.0,344284.0,344284.0,126330,470614.0,344640,,-356,,,,,,,,,,,,,,,
2026,2,sii,2026-08-20,3419,譁裕,,,,204736.0,,0,,,,,,,,,,,-71733,,,-0.74,898415.0,786949,,,111466.0,,,111466.0,-499,-93769.0,5026.0,-88743.0,-88743.0,-88743.0,17010,-71733.0,-88743,,,,,,,,,,,,,,,,,
2026,2,sii,2026-08-20,3432,台端,,,,40420.0,,0,,,,,,,,,,,-13513,,,-0.41,145764.0,122038,,,23726.0,,,23726.0,,-16694.0,-485.0,-17179.0,-17179.0,-17179.0,3666,-13513.0,-17179,,,,,,,,,,,,,,,,,
2026,2,sii,2026-08-20,3437,榮創,,,,209442.0,,7265,,,,,,,,,,,165973,,14452,-1.25,703897.0,695249,,,8648.0,,,8648.0,,-200794.0,39191.0,-161603.0,-168868.0,-168868.0,349293,180425.0,-180893,,12025,,,,,,,,,,,,,,,
2026,2,sii,2026-08-20,3443,創意,,,,2606800.0,,479196,,,,,,,,,,,3232749,,,23.89,25344369.0,19237045,,,6107324.0,,,6107324.0,,3500524.0,180169.0,3680693.0,3201497.0,3201497.0,31252,3232749.0,3201497,,,,,,,,,,,,,,,,,
2026,2,sii,2026-08-20,3447,展達,,,,165709.0,,6630,,,,,,,,,,,35156,,,0.4,1678251.0,1522092,,,156159.0,,,156159.0,,-9550.0,47047.0,37497.0,30867.0,30867.0,4289,35156.0,30867,,,,,,,,,,,,,,,,,
2026,2,sii,2026-08-20,3450,聯鈞,,,,558934.0,,284598,,,,,,,,,,,474396,,357092,2.78,5063522.0,3582305,,,1481217.0,,,1481217.0,,922283.0,42268.0,964551.0,679953.0,679953.0,151535,831488.0,405553,,274400,,,,,,,,,,,,,,,
2026,2,sii,2026-08-20,3481,群創,,,,15762390.0,,-2232103,,,,,,,,,,,11542169,,335359,0.77,130344196.0,111449945,,,18894251.0,,,18894251.0,,3131861.0,1081957.0,4213818.0,6445921.0,6445921.0,5431607,11877528.0,6161018,,284903,,,,,,,,,,,,,,,
2026,2,sii,2026-08-20,3494,誠研,,,,92844.0,,0,,,,,,,,,,,-51463,,-3572,-0.55,499914.0,430839,,,69075.0,,,69075.0,,-23769.0,-31781.0,-55550.0,-55550.0,-55550.0,515,-55035.0,-51978,,-3572,,,,,,,,,,,,,,,
2026,2,sii,2026-08-20,3501,維熹,,,,321299.0,,28464,,,,,,,,,,,318477,,,0.72,2620394.0,2162994,,,457400.0,,,457400.0,,136101.0,-22305.0,113796.0,85332.0,85332.0,233145,318477.0,85332,,,,,,,,,,,,,,,,,
2026,2,sii,2026-08-20,3504,揚明光,,,,268593.0,,-3082,,,,,,,,,,,50652,,0,0.1,1423232.0,1177005,,,246227.0,,,246227.0,,-22366.0,30405.0,8039.0,11121.0,11121.0,39531,50652.0,11121,,,,,,,,,,,,,,,,,
2026,2,sii,2026-08-20,3515,華擎,,,,2129092.0,,325230,,,,,,,,,,,958817,,771332,7.1,23475447.0,19458542,,,4016905.0,,,4016905.0,,1887813.0,85239.0,1973052.0,1647822.0,1647822.0,82327,1730149.0,876501,,771321,,,,,,,,,,,,,,,
2026,2,sii,2026-08-20,3518,柏騰,,,,98448.0,,11469,,-3999,,,,,,,,,307183,,,2.78,115321.0,141645,,,-26324.0,,,-26324.0,,-124772.0,419840.0,295068.0,283599.0,279600.0,27583,307183.0,279600,,,,,,,,,,,,,,,,,
2026,2,sii,2026-08-20,3528,安馳,,,,266155.0,,87991,,,,,,,,,,,,,,5.48,6702604.0,5864613,,,837991.0,,,837991.0,,571836.0,-118333.0,453503.0,365512.0,365512.0,71820,437332.0,,,,,,,,,,,,,,,,,,
2026,2,sii,2026-08-20,3530,晶相光,,,,177031.0,,16857,,,,,,,,,,,86668,,,1.08,1140324.0,886225,,,254099.0,,,254099.0,,77068.0,23458.0,100526.0,83669.0,83669.0,2999,86668.0,83669,,,,,,,,,,,,,,,,,
2026,2,sii,2026-08-20,3532,台勝科,,,,286283.0,,-1499,,,,,,,,,,,-25817,,,-0.05,6918905.0,6642344,,,276561.0,,,276561.0,,-9722.0,-12051.0,-21773.0,-20274.0,-20274.0,-5543,-25817.0,-20274,,,,,,,,,,,,,,,,,
2026,2,sii,2026-08-20,3533,嘉澤,,,,4161174.0,,1196213,,,,,,,,,,,5477185,,29834,39.04,18896408.0,9924040,,,8972368.0,,,8972368.0,,4811194.0,789916.0,5601110.0,4404897.0,4404897.0,1102122,5507019.0,4380989,,23908,,,,,,,,,,,,,,,
2026,2,sii,2026-08-20,3535,晶彩科,,,,164920.0,,-515,,,,,,,,,,,89643,,,1.12,528731.0,289166,,,239565.0,,,239565.0,,74645.0,13302.0,87947.0,88462.0,88462.0,1181,89643.0,88462,,,,,,,,,,,,,,,,,
2026,2,sii,2026-08-20,3543,州巧,,,,278604.0,,18594,,,,,,,,,,,10831,,1672,-0.54,1663462.0,1487961,,,175501.0,,,175501.0,,-103103.0,57932.0,-45171.0,-63765.0,-63765.0,76268,12503.0,-58619,,-5146,,,,,,,,,,,,,,,
2026,2,sii,2026-08-20,3545,敦泰,,,,1492404.0,,-63189,,,,,,,,,,,429347,,-60,0.64,5228560.0,4045919,,,1182641.0,,,1182641.0,,-309763.0,382954.0,73191.0,136380.0,136380.0,292907,429287.0,136380,,0,,,,,,,,,,,,,,,
2026,2,sii,2026-08-20,3550,聯穎,,,,319621.0,,16709,,,,,,,,,,,201088,,-1579,0.67,2217952.0,1824345,,,393607.0,,,393607.0,,73986.0,13296.0,87282.0,70573.0,70573.0,128936,199509.0,72321,,-1748,,,,,,,,,,,,,,,
2026,2,sii,2026-08-20,3557,嘉威,,,,714339.0,,18913,,,,,,,,,,,95733,,,0.68,2395301.0,1544499,,,850802.0,,,850802.0,,136463.0,-60512.0,75951.0,57038.0,57038.0,38695,95733.0,57038,,,,,,,,,,,,,,,,,
2026,2,sii,2026-08-20,3563,牧德,,,,412800.0,,169991,,,,,,,,,,,638438,,7651,9.8,1910611.0,754907,,,1155704.0,,,1155704.0,,742904.0,59653.0,802557.0,632566.0,632566.0,13523,646089.0,626830,,5736,,,,,,,,,,,,,,,
2026,2,sii,2026-08-20,3576,聯合再生,,,,424494.0,,11467,,,,,,,,,,,1681522,,473,0.93,1278115.0,1567289,,,-289174.0,,,-289174.0,,-713668.0,2241554.0,1527886.0,1516419.0,1516419.0,165576,1681995.0,1515947,,472,,,,,,,,,,,,,,,
2026,2,sii,2026-08-20,3583,辛耘,,,,1348693.0,,198797,,,,,,,,,,,3486988,,17199,9.16,6115365.0,3861812,,,2253553.0,,2736,2256289.0,,907596.0,50136.0,957732.0,758935.0,758935.0,2745252,3504187.0,739005,,19930,,,,,,,,,,,,,,,
2026,2,sii,2026-08-20,3588,通嘉,,,,229834.0,,16285,,,,,,,,,,,78953,,,1.0,831442.0,538870,,,292572.0,,,292572.0,,62738.0,14412.0,77150.0,60865.0,60865.0,18088,78953.0,60865,,,,,,,,,,,,,,,,,
2026,2,sii,2026-08-20,3591,艾笛森,,,,225654.0,,15689,,,,,,,,,,,78455,,13184,0.16,1271933.0,1000101,,,271832.0,,,271832.0,,46178.0,2006.0,48184.0,32495.0,32495.0,59144,91639.0,22758,,9737,,,,,,,,,,,,,,,
2026,2,sii,2026-08-20,3592,瑞鼎,,,,2667199.0,,95896,,,,,,,,,,,976326,,,8.35,12258456.0,8950238,,,3308218.0,,,3308218.0,,641019.0,88448.0,729467.0,633571.0,633571.0,342755,976326.0,633571,,,,,,,,,,,,,,,,,
2026,2,sii,2026-08-20,3593,力銘,,,,57934.0,,-1291,,,,,,,,,,,-83503,,,-1.45,329421.0,356172,,,-26751.0,,,-26751.0,,-84685.0,-4729.0,-89414.0,-88123.0,-88123.0,4620,-83503.0,-88123,,,,,,,,,,,,,,,,,
2026,2,sii,2026-08-20,3596,智易,,,,2293787.0,,451237,,,,,,,,,,,1494129,,-130,6.5,26666428.0,22621828,,,4044600.0,,,4044600.0,,1750813.0,132475.0,1883288.0,1432051.0,1432051.0,61948,1493999.0,1432548,,-497,,,,,,,,,,,,,,,
2026,2,sii,2026-08-20,3605,宏致,,,,1159405.0,,93240,,,,,,,,,,,554738,,26,1.89,6171890.0,4619022,,,1552868.0,,,1552868.0,,393463.0,8217.0,401680.0,308440.0,308440.0,246324,554764.0,308425,,15,,,,,,,,,,,,,,,
2026,2,sii,2026-08-20,3607,谷崧,,,,204587.0,,79,,,,,,,,,,,71535,,,0.07,1431961.0,1234555,,,197406.0,,,197406.0,,-7181.0,15456.0,8275.0,8196.0,8196.0,63339,71535.0,8196,,,,,,,,,,,,,,,,,
2026,2,sii,2026-08-20,3617,碩天,,,,2279720.0,,356701,,,,,,,,,,,1166987,,29536,11.12,6270783.0,2591660,,,3679123.0,,,3679123.0,,1399403.0,33220.0,1432623.0,1075922.0,1075922.0,120601,1196523.0,1047144,,28778,,,,,,,,,,,,,,,
2026,2,sii,2026-08-20,3622,洋華,,,,125417.0,,37418,,,,,,,,,,,582005,,11206,1.1,785134.0,489810,,,295324.0,,,295324.0,,169907.0,45163.0,215070.0,177652.0,177652.0,415559,593211.0,166446,,11206,,,,,,,,,,,,,,,
2026,2,sii,2026-08-20,3645,達邁,,,,205482.0,,79467,,,,,,,,,,,211250,,-7530,1.52,1244699.0,774591,,,470108.0,,,470108.0,,264626.0,15683.0,280309.0,200842.0,200842.0,2878,203720.0,208372,,-7530,,,,,,,,,,,,,,,
2026,2,sii,2026-08-20,3652,精聯,,,,382129.0,,19877,,,,,,,,,,,86334,,118,1.12,1381656.0,903817,,,477839.0,,,477839.0,,95710.0,8805.0,104515.0,84638.0,84638.0,1814,86452.0,84460,,178,,,,,,,,,,,,,,,
2026,2,sii,2026-08-20,3653,健策,,,,1175790.0,,883229,,,,,,,,,,,3927905,,26261,25.33,12579732.0,6958191,,,5621541.0,,,5621541.0,,4445751.0,170723.0,4616474.0,3733245.0,3733245.0,220921,3954166.0,3716689,,16556,,,,,,,,,,,,,,,
2026,2,sii,2026-08-20,3661,世芯-KY,,,,1748583.0,,753895,,,,,,,,,,,3680452,,-1403,37.57,11826622.0,7063749,,,4762873.0,,,4762873.0,,3014290.0,804662.0,3818952.0,3065057.0,3065057.0,613992,3679049.0,3066460,,-1403,,,,,,,,,,,,,,,
2026,2,sii,2026-08-20,3669,圓展,,,,709276.0,,25782,,,,,,,,,,,286035,,,1.4,1402225.0,547092,,,855133.0,,,855133.0,,145857.0,10166.0,156023.0,130241.0,130241.0,155794,286035.0,130241,,,,,,,,,,,,,,,,,
2026,2,sii,2026-08-20,3679,新至陞,,,,252356.0,,127114,,,,,,,,,,,419228,,,4.18,2081417.0,1459389,,,622028.0,,,622028.0,,369672.0,20560.0,390232.0,263118.0,263118.0,156110,419228.0,263118,,,,,,,,,,,,,,,,,
2026,2,sii,2026-08-20,3686,達能,,,,12194.0,,0,,,,,,,,,,,-9687,,,-0.13,44879.0,44764,,,115.0,,,115.0,,-12079.0,2392.0,-9687.0,-9687.0,-9687.0,,-9687.0,-9687,,,,,,,,,,,,,,,,,
2026,2,sii,2026-08-20,3694,海華,,,,603752.0,,18692,,,,,,,,,,,326192,,,1.82,5908275.0,5059667,,,848608.0,,,848608.0,,244856.0,52306.0,297162.0,278470.0,278470.0,47722,326192.0,278470,,,,,,,,,,,,,,,,,
2026,2,sii,2026-08-20,3701,大眾控,,,,837196.0,,-62951,,,,,,,,,,,-73914,,-30164,-1.28,4055854.0,3569773,,,486081.0,,,486081.0,,-351115.0,-79880.0,-430995.0,-368044.0,-368044.0,263966,-104078.0,-303515,,-64529,,,,,,,,,,,,,,,
2026,2,sii,2026-08-20,3702,大聯大,,,,13975474.0,,3975081,,,,,,,,,,,17106806,,383353,8.42,772711078.0,738311086,,,34399992.0,,,34399992.0,,20424518.0,-1922802.0,18501716.0,14526635.0,14526635.0,2963524,17490159.0,14168686,,357949,,,,,,,,,,,,,,,
2026,2,sii,2026-08-20,3703,欣陸,,,,1235425.0,,184884,,,,,,,,,,,437958,,26688,0.57,13786035.0,11804722,,,1981313.0,,,1981313.0,,745888.0,-68404.0,677484.0,492600.0,492600.0,-27954,464646.0,471743,,20857,,,,,,,,,,,,,,,
2026,2,sii,2026-08-20,3704,合勤控,,,,2766730.0,,177140,,,,,,,,,,,682675,,15940,1.55,15061489.0,11472573,,,3588916.0,,,3588916.0,,822186.0,1590.0,823776.0,646636.0,646636.0,51979,698615.0,630525,,16111,,,,,,,,,,,,,,,
2026,2,sii,2026-08-20,3705,永信,,,,1096362.0,,154789,,,,,,,,,,,433181,,38514,1.63,3770546.0,2095303,,,1675243.0,,,1675243.0,,578881.0,47550.0,626431.0,471642.0,471642.0,53,471695.0,434857,,36785,,,,,,,,,,,,,,,
2026,2,sii,2026-08-20,3706,神達,,,,3797756.0,,427235,,,,,,,,,,,10496948,,169088,2.58,72818194.0,66137282,,,6680912.0,,,6680912.0,,2883156.0,1118153.0,4001309.0,3574074.0,3574074.0,7091962,10666036.0,3422109,,151965,,,,,,,,,,,,,,,
2026,2,sii,2026-08-20,3708,上緯投控,,,,160024.0,,208188,,0,,,,,,,,,8497824,,-11292,-0.87,587942.0,473836,,,114106.0,,,114106.0,,-45918.0,159155.0,113237.0,-94951.0,-94951.0,8581483,8486532.0,-81797,,-13154,,,,,,,,,,,,,,,
2026,2,sii,2026-08-20,3711,日月光投控,,,,36341650.0,,7801809,,,,,,,,,,,61781509,,1791744,8.04,364725674.0,289757480,,,74968194.0,,,74968194.0,,38626544.0,5234698.0,43861242.0,36059433.0,36059433.0,27513820,63573253.0,35199641,,859792,,,,,,,,,,,,,,,
2026,2,sii,2026-08-20,3712,永崴投控,,,,769504.0,,1006450,,,,,,,,,,,695825,,-683561,2.11,9520436.0,7915210,,,1605226.0,1245,2162,1606143.0,,836639.0,98928.0,935567.0,-70883.0,-70883.0,83147,12264.0,519172,,-590055,,,,,,,,,,,,,,,
2026,2,sii,2026-08-20,3714,富采,,,,1975693.0,,17519,,,,,,,,,,,2548717,,65096,1.49,11569048.0,10298513,,,1270535.0,,,1270535.0,20067,-685091.0,1819776.0,1134685.0,1117166.0,1117166.0,1496647,2613813.0,1095834,,21332,,,,,,,,,,,,,,,
2026,2,sii,2026-08-20,3715,定穎投控,,,,1672509.0,,-195560,,,,,,,,,,,-396472,,-96299,-1.55,12500258.0,10629670,,,1870588.0,,,1870588.0,,198079.0,-935887.0,-737808.0,-542248.0,-542248.0,49477,-492771.0,-439076,,-103172,,,,,,,,,,,,,,,
2026,2,sii,2026-08-20,3716,中化控股,,,,1398322.0,,78895,,,,,,,,,,,397139,,-783,3.02,4228916.0,2540693,,,1688223.0,,,1688223.0,,289901.0,163738.0,453639.0,374744.0,374744.0,21612,396356.0,375527,,-783,,,,,,,,,,,,,,,
2026,2,sii,2026-08-20,3717,聯嘉投控,,,,416517.0,,16675,,,,,,,,,,,284841,,-8,1.15,3532488.0,2843234,,,689254.0,,,689254.0,,272737.0,-16052.0,256685.0,240010.0,240010.0,44823,284833.0,240018,,-8,,,,,,,,,,,,,,,
2026,2,sii,2026-08-20,4104,佳醫,,,,640086.0,,129841,,,,,,,,,,,405033,,686,2.77,4729202.0,3712310,,,1016892.0,44875,41969,1013986.0,,373900.0,338007.0,711907.0,582066.0,582066.0,-176347,405719.0,513677,,68389,,,,,,,,,,,,,,,
2026,2,sii,2026-08-20,4106,雃博,,,,487611.0,,27718,,,,,,,,,,,102470,,0,1.09,1257114.0,636118,,,620996.0,,,620996.0,,133385.0,4688.0,138073.0,110355.0,110355.0,-7885,102470.0,110355,,0,,,,,,,,,,,,,,,
2026,2,sii,2026-08-20,4108,懷特,,,,97850.0,,12,,,,,,,,,,,70098,,-10885,-0.11,70428.0,44683,,,25745.0,,,25745.0,,-72105.0,24990.0,-47115.0,-47127.0,-47127.0,106340,59213.0,-21613,,-25514,,,,,,,,,,,,,,,
2026,2,sii,2026-08-20,4119,旭富,,,,94708.0,,8728,,,,,,,,,,,-4644,,,0.06,648663.0,511469,,,137194.0,,,137194.0,,42486.0,-26495.0,15991.0,7263.0,7263.0,-11907,-4644.0,7263,,,,,,,,,,,,,,,,,
2026,2,sii,2026-08-20,4133,亞諾法,,,,74112.0,,3761,,,,,,,,,,,23501,,,0.38,176232.0,84728,,,91504.0,,,91504.0,,17392.0,9217.0,26609.0,22848.0,22848.0,653,23501.0,22848,,,,,,,,,,,,,,,,,
2026,2,sii,2026-08-20,4142,國光生,,,,234545.0,,0,,,,,,,,,,,-319947,,-28150,-0.82,149074.0,286462,,,-137388.0,,,-137388.0,,-371933.0,-1483.0,-373416.0,-373416.0,-373416.0,25319,-348097.0,-345777,,-27639,,,,,,,,,,,,,,,
2026,2,sii,2026-08-20,4155,訊映,,,,141083.0,,26124,,,,,,,,,,,99913,,7650,0.74,819907.0,567058,,,252849.0,,,252849.0,,111766.0,26985.0,138751.0,112627.0,112627.0,-5064,107563.0,103514,,9113,,,,,,,,,,,,,,,
2026,2,sii,2026-08-20,4164,承業醫,,,,397136.0,,34510,,,,,,,,,,,95738,,11246,0.45,2338249.0,1768738,,,569511.0,,,569511.0,,172375.0,-37943.0,134432.0,99922.0,99922.0,7062,106984.0,88784,,11138,,,,,,,,,,,,,,,
2026,2,sii,2026-08-20,4169,泰宗,,,,200849.0,,49,,,,,,,,,,,-72490,,,-0.55,353979.0,191471,,,162508.0,,,162508.0,,-38341.0,3572.0,-34769.0,-34818.0,-34818.0,-37672,-72490.0,-34818,,,,,,,,,,,,,,,,,
2026,2,sii,2026-08-20,4195,基米-創,,,,166943.0,,613,,,,,,,,,,,-10009,,-16760,-0.14,320093.0,237250,,,82843.0,,,82843.0,,-84100.0,57560.0,-26540.0,-27153.0,-27153.0,384,-26769.0,-10393,,-16760,,,,,,,,,,,,,,,
2026,2,sii,2026-08-20,4306,炎洲,,,,828885.0,,173522,,,,,,,,,,,1771970,,80227,0.77,7225960.0,5951890,,,1274070.0,,,1274070.0,,445185.0,297088.0,742273.0,568751.0,568751.0,1283446,1852197.0,504545,,64206,,,,,,,,,,,,,,,
2026,2,sii,2026-08-20,4414,如興,,,,1201729.0,,28654,,,,,,,,,,,-263301,,5881,-1.07,7145338.0,5995795,,,1149543.0,,,1149543.0,,-52186.0,-197534.0,-249720.0,-278374.0,-278374.0,20954,-257420.0,-283180,,4806,,,,,,,,,,,,,,,
2026,2,sii,2026-08-20,4426,利勤,,,,89708.0,,20889,,,,,,,,,,,-130667,,0,-0.78,436961.0,462104,,,-25143.0,,,-25143.0,,-114851.0,439.0,-114412.0,-135301.0,-135301.0,4634,-130667.0,-135301,,0,,,,,,,,,,,,,,,
2026,2,sii,2026-08-20,4438,廣越,,,,886003.0,,86879,,,,,,,,,,,425225,,104795,2.51,7939775.0,6866793,,,1072982.0,,,1072982.0,,186979.0,266975.0,453954.0,367075.0,367075.0,162945,530020.0,282249,,84826,,,,,,,,,,,,,,,
2026,2,sii,2026-08-20,4439,冠星-KY,,,,481981.0,,57086,,,,,,,,,,,279146,,,5.53,4147280.0,3374680,,,772600.0,,,772600.0,,290619.0,-23883.0,266736.0,209650.0,209650.0,69496,279146.0,209650,,,,,,,,,,,,,,,,,
2026,2,sii,2026-08-20,4440,宜新實業,,,,19498.0,,14340,,,,,,,,,,,,,,1.17,533301.0,431992,,,101309.0,,,101309.0,,81811.0,11678.0,93489.0,79149.0,79149.0,890,80039.0,,,,,,,,,,,,,,,,,,
2026,2,sii,2026-08-20,4441,振大環球,,,,323573.0,,161585,,,,,,,,,,,653697,,725,9.08,3790065.0,2798562,,,991503.0,,,991503.0,,667930.0,113576.0,781506.0,619921.0,619921.0,34501,654422.0,619293,,628,,,,,,,,,,,,,,,
2026,2,sii,2026-08-20,4526,東台,,,,663082.0,,27715,,,,,,,,,,,474509,,-6218,-1.02,2626364.0,2219851,,,406513.0,0,248,406761.0,,-256321.0,21420.0,-234901.0,-262616.0,-262616.0,730907,468291.0,-256862,,-5754,,,,,,,,,,,,,,,
2026,2,sii,2026-08-20,4532,瑞智,,,,1029656.0,,243552,,,,,,,,,,,986145,,75236,1.01,12356155.0,10620483,,,1735672.0,,,1735672.0,,706016.0,57036.0,763052.0,519500.0,519500.0,541881,1061381.0,489758,,29742,,,,,,,,,,,,,,,
2026,2,sii,2026-08-20,4536,拓凱,,,,803406.0,,200584,,,,,,,,,,,739799,,63306,6.55,4871075.0,3277212,,,1593863.0,,,1593863.0,,790457.0,51272.0,841729.0,641145.0,641145.0,161960,803105.0,595274,,45871,,,,,,,,,,,,,,,
2026,2,sii,2026-08-20,4540,全球傳動,,,,275149.0,,47697,,,,,,,,,,,42577,,,0.25,1618341.0,1335853,,,282488.0,,,282488.0,,7339.0,69144.0,76483.0,28786.0,28786.0,13791,42577.0,28786,,,,,,,,,,,,,,,,,
2026,2,sii,2026-08-20,4545,銘鈺,,,,163179.0,,1652,,,,,,,,,,,51531,,,0.47,1130077.0,944054,,,186023.0,,,186023.0,,22844.0,15026.0,37870.0,36218.0,36218.0,15313,51531.0,36218,,,,,,,,,,,,,,,,,
2026,2,sii,2026-08-20,4551,智伸科,,,,438742.0,,144704,,,,,,,,,,,779821,,,4.77,4554705.0,3460023,,,1094682.0,,,1094682.0,,655940.0,38636.0,694576.0,549872.0,549872.0,229949,779821.0,549872,,,,,,,,,,,,,,,,,
2026,2,sii,2026-08-20,4555,氣立,,,,239926.0,,5838,,,,,,,,,,,115521,,12030,0.69,897957.0,613518,,,284439.0,,,284439.0,,44513.0,16647.0,61160.0,55322.0,55322.0,72229,127551.0,48033,,7289,,,,,,,,,,,,,,,
2026,2,sii,2026-08-20,4562,穎漢,,,,164605.0,,1944,,,,,,,,,,,4523,,-780,-0.04,326079.0,184749,,,141330.0,,,141330.0,,-23275.0,21691.0,-1584.0,-3528.0,-3528.0,7271,3743.0,-3089,,-439,,,,,,,,,,,,,,,
2026,2,sii,2026-08-20,4564,元翎,,,,76182.0,,-4383,,,,,,,,,,,-164650,,,-0.71,386878.0,487605,,,-100727.0,,,-100727.0,,-176909.0,7447.0,-169462.0,-165079.0,-165079.0,429,-164650.0,-165079,,,,,,,,,,,,,,,,,
2026,2,sii,2026-08-20,4566,時碩工業,,,,534648.0,,32274,,,,,,,,,,,178760,,-168,0.99,2822215.0,2167260,,,654955.0,,,654955.0,,120307.0,21287.0,141594.0,109320.0,109320.0,69272,178592.0,109160,,160,,,,,,,,,,,,,,,
2026,2,sii,2026-08-20,4572,駐龍,,,,47505.0,,19046,,,,,,,,,,,74435,,,1.86,374995.0,247135,,,127860.0,,,127860.0,,80355.0,13126.0,93481.0,74435.0,74435.0,,74435.0,74435,,,,,,,,,,,,,,,,,
2026,2,sii,2026-08-20,4576,大銀微系統,,,,387394.0,,55358,,,,,,,,,,,284543,,53775,1.92,1878532.0,1165234,,,713298.0,,,713298.0,,325904.0,-15939.0,309965.0,254607.0,254607.0,83711,338318.0,230178,,24429,,,,,,,,,,,,,,,
2026,2,sii,2026-08-20,4582,聚恆-創,,,,127006.0,,32434,,,,,,,,,,,79780,,-117,1.16,966567.0,757202,,,209365.0,3963,6127,211529.0,,84523.0,27767.0,112290.0,79856.0,79856.0,-193,79663.0,79973,,-117,,,,,,,,,,,,,,,
2026,2,sii,2026-08-20,4583,台灣精銳,,,,316558.0,,143641,,,,,,,,,,,546086,,,6.81,1760772.0,838107,,,922665.0,,,922665.0,,606107.0,83620.0,689727.0,546086.0,546086.0,,546086.0,546086,,,,,,,,,,,,,,,,,
2026,2,sii,2026-08-20,4585,達明,,,,442051.0,,23452,,,,,,,,,,,214722,,,1.83,995617.0,486720,,,508897.0,,,508897.0,,66846.0,147837.0,214683.0,191231.0,191231.0,23491,214722.0,191231,,,,,,,,,,,,,,,,,
2026,2,sii,2026-08-20,4588,玖鼎電力,,,,63459.0,,14823,,,,,,,,,,,,,,1.36,433215.0,288692,,,144523.0,,,144523.0,,81064.0,-7638.0,73426.0,58603.0,58603.0,,58603.0,,,,,,,,,,,,,,,,,,
2026,2,sii,2026-08-20,4590,富田-創,,,,207580.0,,13048,,,,,,,,,,,,,,2.07,569391.0,388041,,,181350.0,,,181350.0,,-26230.0,151955.0,125725.0,112677.0,112677.0,-223,112454.0,,,,,,,,,,,,,,,,,,
2026,2,sii,2026-08-20,4720,德淵,,,,372832.0,,16303,,,,,,,,,,,47554,,4169,0.13,1975800.0,1578001,,,397799.0,-211,,398010.0,,25178.0,8538.0,33716.0,17413.0,17413.0,34310,51723.0,15370,,2043,,,,,,,,,,,,,,,
2026,2,sii,2026-08-20,4722,國精化,,,,197762.0,,47398,,,,,,,,,,,150993,,,1.29,1927958.0,1576828,,,351130.0,,,351130.0,,153368.0,25728.0,179096.0,131698.0,131698.0,19295,150993.0,131698,,,,,,,,,,,,,,,,,
2026,2,sii,2026-08-20,4736,泰博,,,,550968.0,,112109,,,,,,,,,,,1867451,,28929,16.6,2122043.0,1156344,,,965699.0,,,965699.0,,414731.0,1300952.0,1715683.0,1603574.0,1603574.0,292806,1896380.0,1574590,,28984,,,,,,,,,,,,,,,
2026,2,sii,2026-08-20,4737,華廣,,,,422237.0,,-33410,,,,,,,,,,,-159896,,1344,-1.77,831895.0,550631,,,281264.0,,,281264.0,,-140973.0,-24506.0,-165479.0,-132069.0,-132069.0,-26483,-158552.0,-133362,,1293,,,,,,,,,,,,,,,
2026,2,sii,2026-08-20,4739,康普,,,,229219.0,,145453,,,,,,,,,,,451399,,62185,3.51,5510938.0,4589754,,,921184.0,,,921184.0,,691965.0,-31838.0,660127.0,514674.0,514674.0,-1090,513584.0,434254,,80420,,,,,,,,,,,,,,,
2026,2,sii,2026-08-20,4746,台耀,,,,654228.0,,62365,,,,,,,,,,,29953,,-43433,0.04,2175062.0,1283923,,,891139.0,,,891139.0,,236911.0,-212175.0,24736.0,-37629.0,-37629.0,24149,-13480.0,4276,,-41905,,,,,,,,,,,,,,,
2026,2,sii,2026-08-20,4755,三福化,,,,292603.0,,77859,,,,,,,,,,,1748266,,-24417,2.33,2371319.0,1823187,,,548132.0,,,548132.0,,255529.0,32464.0,287993.0,210134.0,210134.0,1513715,1723849.0,234551,,-24417,,,,,,,,,,,,,,,
2026,2,sii,2026-08-20,4764,雙鍵,,,,211676.0,,56019,,,,,,,,,,,298376,,666,2.26,1755748.0,1285320,,,470428.0,,,470428.0,0,258752.0,-8929.0,249823.0,193804.0,193804.0,105238,299042.0,193051,,753,,,,,,,,,,,,,,,
2026,2,sii,2026-08-20,4766,南寶,,,,2116185.0,,601957,,,,,,,,,,,2565779,,136481,13.82,12419471.0,8230843,,,4188628.0,,,4188628.0,,2072443.0,313576.0,2386019.0,1784062.0,1784062.0,918198,2702260.0,1666682,,117380,,,,,,,,,,,,,,,
2026,2,sii,2026-08-20,4770,上品,,,,324576.0,,103131,,,,,,,,,,,634295,,,5.63,2363145.0,1528495,,,834650.0,,,834650.0,,510074.0,43568.0,553642.0,450511.0,450511.0,183784,634295.0,450511,,,,,,,,,,,,,,,,,
2026,2,sii,2026-08-20,4771,望隼,,,,274046.0,,135721,,,,,,,,,,,548526,,75409,8.4,2226792.0,1284405,,,942387.0,,,942387.0,,668341.0,18453.0,686794.0,551073.0,551073.0,72862,623935.0,492776,,58297,,,,,,,,,,,,,,,
2026,2,sii,2026-08-20,4904,遠傳,,,,8990889.0,,1974804,,,,,,,,,,,7698761,,166000,2.14,56468411.0,38199488,,,18268923.0,,,18268923.0,645777,9923811.0,-49791.0,9874020.0,7899216.0,7899216.0,-34455,7864761.0,7717642,,181574,,,,,,,,,,,,,,,
2026,2,sii,2026-08-20,4906,正文,,,,1082132.0,,-35379,,,,,,,,,,,-631484,,19105,-0.42,6725001.0,5963642,,,761359.0,,,761359.0,,-320773.0,122885.0,-197888.0,-162509.0,-162509.0,-449870,-612379.0,-181532,,19023,,,,,,,,,,,,,,,
2026,2,sii,2026-08-20,4915,致伸,,,,3752305.0,,304219,,,,,,,,,,,1880609,,,2.55,33130159.0,28043564,,,5086595.0,,,5086595.0,,1334290.0,150161.0,1484451.0,1180232.0,1180232.0,700377,1880609.0,1180232,,,,,,,,,,,,,,,,,
2026,2,sii,2026-08-20,4916,事欣科,,,,276972.0,,123114,,,,,,,,,,,604240,,-8020,5.45,2434357.0,1934919,,,499438.0,,,499438.0,,222466.0,566920.0,789386.0,666272.0,666272.0,-70052,596220.0,674292,,-8020,,,,,,,,,,,,,,,
2026,2,sii,2026-08-20,4919,新唐,,,,6606744.0,,292441,,,,,,,,,,,-218594,,,-0.57,15929419.0,9767544,,,6161875.0,,,6161875.0,,-444869.0,495493.0,50624.0,-241817.0,-241817.0,23223,-218594.0,-241817,,,,,,,,,,,,,,,,,
2026,2,sii,2026-08-20,4930,燦星網,,,,435231.0,,-45550,,,,,,,,,,,10566,,48541,-1.2,2731514.0,2508526,,,222988.0,,,222988.0,,-212243.0,-7590.0,-219833.0,-174283.0,-174283.0,233390,59107.0,-96170,,-78113,,,,,,,,,,,,,,,
2026,2,sii,2026-08-20,4934,太極,,,,156104.0,,1167,,,,,,,,,,,-53702,,-86854,-0.37,91257.0,138822,,,-47565.0,,,-47565.0,,-203669.0,34782.0,-168887.0,-170054.0,-170054.0,29498,-140556.0,-83200,,-86854,,,,,,,,,,,,,,,
2026,2,sii,2026-08-20,4938,和碩,,,,15930516.0,,2036184,,,,,,,,,,,9692539,,3272424,2.26,518553263.0,495595744,,,22957519.0,,,22957519.0,,7027003.0,4182144.0,11209147.0,9172963.0,9172963.0,3792000,12964963.0,6049084,,3123879,,,,,,,,,,,,,,,
2026,2,sii,2026-08-20,4942,嘉彰,,,,387844.0,,25778,,,,,,,,,,,429572,,-246,0.77,2705762.0,2193954,,,511808.0,,,511808.0,,123964.0,11534.0,135498.0,109720.0,109720.0,319606,429326.0,109966,,-246,,,,,,,,,,,,,,,
2026,2,sii,2026-08-20,4949,有成精密,,,,436814.0,,55177,,,,,,,,,,,194003,,,2.67,1744012.0,1080930,,,663082.0,0,,663082.0,,226268.0,9485.0,235753.0,180576.0,180576.0,13427,194003.0,180576,,,,,,,,,,,,,,,,,
2026,2,sii,2026-08-20,4952,凌通,,,,363256.0,,15434,,,,,,,,,,,208483,,,1.68,1419349.0,872977,,,546372.0,,,546372.0,-5,183111.0,15649.0,198760.0,183326.0,183326.0,25157,208483.0,183326,,,,,,,,,,,,,,,,,
2026,2,sii,2026-08-20,4956,光鋐,,,,105936.0,,5895,,,,,,,,,,,70142,,,0.28,723542.0,597681,,,125861.0,,,125861.0,-208,19717.0,14248.0,33965.0,28070.0,28070.0,42072,70142.0,28070,,,,,,,,,,,,,,,,,
2026,2,sii,2026-08-20,4958,臻鼎-KY,,,,13733254.0,,1557249,,,,,,,,,,,10853548,,4874329,3.55,89158843.0,69161054,,,19997789.0,,,19997789.0,,6264535.0,1067004.0,7331539.0,5774290.0,5774290.0,9953587,15727877.0,3817180,,1957110,,,,,,,,,,,,,,,
2026,2,sii,2026-08-20,4960,誠美材,,,,471338.0,,648,,,,,,,,,,,-272675,,,-0.6,3871059.0,3889350,,,-18291.0,,,-18291.0,,-489629.0,152161.0,-337468.0,-338116.0,-338116.0,65441,-272675.0,-338116,,,,,,,,,,,,,,,,,
2026,2,sii,2026-08-20,4961,天鈺,,,,1910449.0,,140065,,,,,,,,,,,954768,,507641,5.07,9887088.0,7188502,,,2698586.0,,,2698586.0,,788137.0,244797.0,1032934.0,892869.0,892869.0,569540,1462409.0,608320,,284549,,,,,,,,,,,,,,,
2026,2,sii,2026-08-20,4967,十銓,,,,705226.0,,1236639,,,,,,,,,,,4707922,,,53.44,16633210.0,9949597,,,6683613.0,,,6683613.0,,5978387.0,-35399.0,5942988.0,4706349.0,4706349.0,1573,4707922.0,4706349,,,,,,,,,,,,,,,,,
2026,2,sii,2026-08-20,4968,立積,,,,580055.0,,12727,,,,,,,,,,,95198,,,1.0,1907539.0,1265137,,,642402.0,,,642402.0,,62347.0,42769.0,105116.0,92389.0,92389.0,2809,95198.0,92389,,,,,,,,,,,,,,,,,
2026,2,sii,2026-08-20,4976,佳凌,,,,97037.0,,-21655,,,,,,,,,,,,,,-1.63,528620.0,698881,,,-170261.0,,,-170261.0,,-267298.0,20026.0,-247272.0,-225617.0,-225617.0,0,-225617.0,,,,,,,,,,,,,,,,,,
2026,2,sii,2026-08-20,4989,榮科,,,,111594.0,,-1834,,,,,,,,,,,-96646,,,-0.67,2049930.0,2043057,,,6873.0,,,6873.0,,-104721.0,10564.0,-94157.0,-92323.0,-92323.0,-4323,-96646.0,-92323,,,,,,,,,,,,,,,,,
2026,2,sii,2026-08-20,4994,傳奇,,,,345127.0,,7362,,,,,,,,,,,45638,,,0.69,602464.0,195434,,,407030.0,,,407030.0,,61903.0,-9001.0,52902.0,45540.0,45540.0,98,45638.0,45540,,,,,,,,,,,,,,,,,
2026,2,sii,2026-08-20,4999,鑫禾,,,,177711.0,,-235,,,,,,,,,,,-58250,,,-1.23,820128.0,741179,,,78949.0,,,78949.0,,-98762.0,7919.0,-90843.0,-90608.0,-90608.0,32358,-58250.0,-90608,,,,,,,,,,,,,,,,,
2026,2,sii,2026-08-20,5007,三星,,,,264152.0,,131038,,,,,,,,,,,537846,,5922,1.82,3133113.0,2249686,,,883427.0,,,883427.0,,619275.0,50990.0,670265.0,539227.0,539227.0,4541,543768.0,535467,,3760,,,,,,,,,,,,,,,
2026,2,sii,2026-08-20,5203,訊連,,,,849334.0,,43429,,,,,,,,,,,154688,,,1.66,1113464.0,167577,,,945887.0,,,945887.0,,96553.0,78550.0,175103.0,131674.0,131674.0,23014,154688.0,131674,,,,,,,,,,,,,,,,,
2026,2,sii,2026-08-20,5222,全訊,,,,135241.0,,16620,,,,,,,,,,,,,,0.63,406260.0,203179,,,203081.0,,,203081.0,,67840.0,5448.0,73288.0,56668.0,56668.0,565320,621988.0,,,,,,,,,,,,,,,,,,
2026,2,sii,2026-08-20,5225,東科-KY,,,,526383.0,,27378,,,,,,,,,,,219413,,,1.92,4999304.0,4342266,,,657038.0,,,657038.0,,130655.0,47844.0,178499.0,151121.0,151121.0,68292,219413.0,151121,,,,,,,,,,,,,,,,,
2026,2,sii,2026-08-20,5234,達興材料,,,,568836.0,,74519,,,,,,,,,,,455414,,,4.44,2483006.0,1415299,,,1067707.0,,,1067707.0,,498871.0,31495.0,530366.0,455847.0,455847.0,-433,455414.0,455847,,,,,,,,,,,,,,,,,
2026,2,sii,2026-08-20,5236,凌陽創新,,,,319948.0,,60609,,,,,,,,,,,,,,5.86,1167421.0,459927,,,707494.0,,,707494.0,,387546.0,24593.0,412139.0,351530.0,351530.0,,351530.0,,,,,,,,,,,,,,,,,,
2026,2,sii,2026-08-20,5244,弘凱,,,,155678.0,,-482,,,,,,,,,,,5662,,,-0.73,376452.0,283669,,,92783.0,,,92783.0,,-62895.0,12894.0,-50001.0,-49519.0,-49519.0,55181,5662.0,-49519,,,,,,,,,,,,,,,,,
2026,2,sii,2026-08-20,5258,虹堡,,,,1047522.0,,72249,,,,,,,,,,,60062,,28181,0.48,3959526.0,2775642,,,1183884.0,,,1183884.0,,136362.0,15910.0,152272.0,80023.0,80023.0,8220,88243.0,53054,,26969,,,,,,,,,,,,,,,
2026,2,sii,2026-08-20,5269,祥碩,,,,1689653.0,,250189,,,,,,,,,,,4743206,,,52.07,6220554.0,3072553,,,3148001.0,11293,9220,3145928.0,,1456275.0,2665188.0,4121463.0,3871274.0,3871274.0,871932,4743206.0,3871274,,,,,,,,,,,,,,,,,
2026,2,sii,2026-08-20,5283,禾聯碩,,,,867156.0,,64425,,,,,,,,,,,249925,,,2.9,3333175.0,2223891,,,1109284.0,,,1109284.0,,242128.0,76021.0,318149.0,253724.0,253724.0,-3799,249925.0,253724,,,,,,,,,,,,,,,,,
2026,2,sii,2026-08-20,5285,界霖,,,,248786.0,,77671,,,,,,,,,,,274762,,,2.01,2981953.0,2441875,,,540078.0,,,540078.0,,291292.0,-8307.0,282985.0,205314.0,205314.0,69448,274762.0,205314,,,,,,,,,,,,,,,,,
2026,2,sii,2026-08-20,5288,豐祥-KY,,,,409115.0,,186236,,,,,,,,,,,613729,,-3369,8.03,4471477.0,3417667,,,1053810.0,,-7,1053803.0,,644688.0,95386.0,740074.0,553838.0,553838.0,56522,610360.0,557317,,-3479,,,,,,,,,,,,,,,
2026,2,sii,2026-08-20,5292,華懋,,,,90475.0,,58481,,,,,,,,,,,220282,,,4.6,1275985.0,948399,,,327586.0,,,327586.0,,237111.0,34299.0,271410.0,212929.0,212929.0,7353,220282.0,212929,,,,,,,,,,,,,,,,,
2026,2,sii,2026-08-20,5306,桂盟,,,,539663.0,,168302,,,,,,,,,,,854899,,-31,3.94,2777067.0,1604942,,,1172125.0,,,1172125.0,-1113,631349.0,33983.0,665332.0,497030.0,497030.0,357838,854868.0,497063,,-33,,,,,,,,,,,,,,,
2026,2,sii,2026-08-20,5388,中磊,,,,3642826.0,,214330,,,,,,,,,,,970864,,1589,2.59,37262555.0,32451954,,,4810601.0,,,4810601.0,,1167775.0,-177389.0,990386.0,776056.0,776056.0,196397,972453.0,774796,,1260,,,,,,,,,,,,,,,
2026,2,sii,2026-08-20,5434,崇越,,,,2414452.0,,885509,,,,,,,,,,,4275895,,19090,14.79,39362103.0,34033796,,,5328307.0,-260,,5328567.0,,2914115.0,848221.0,3762336.0,2876827.0,2876827.0,1418158,4294985.0,2858045,,18782,,,,,,,,,,,,,,,
2026,2,sii,2026-08-20,5469,瀚宇博,,,,2685515.0,,1026596,,,,,,,,,,,26854586,,7084903,2.05,32539077.0,27460417,,,5078660.0,,,5078660.0,,2393145.0,269830.0,2662975.0,1636379.0,1636379.0,32303110,33939489.0,993845,,642534,,,,,,,,,,,,,,,
2026,2,sii,2026-08-20,5471,松翰,,,,537047.0,,33883,,,,,,,,,,,228364,,,1.2,1708141.0,996807,,,711334.0,,,711334.0,,174287.0,61365.0,235652.0,201769.0,201769.0,26595,228364.0,201769,,,,,,,,,,,,,,,,,
2026,2,sii,2026-08-20,5484,慧友,,,,102341.0,,57,,,,,,,,,,,58613,,,0.87,447204.0,377298,,,69906.0,,,69906.0,,-32435.0,90311.0,57876.0,57819.0,57819.0,794,58613.0,57819,,,,,,,,,,,,,,,,,
2026,2,sii,2026-08-20,5515,建國,,,,273360.0,,181972,,,,,,,,,,,1258024,,,6.08,4019401.0,3241066,,,778335.0,,,778335.0,,504975.0,902088.0,1407063.0,1225091.0,1225091.0,32933,1258024.0,1225091,,,,,,,,,,,,,,,,,
2026,2,sii,2026-08-20,5519,隆大,,,,122611.0,,55050,,,,,,,,,,,176456,,,0.76,1129296.0,788402,,,340894.0,,,340894.0,,218283.0,12837.0,231120.0,176070.0,176070.0,386,176456.0,176070,,,,,,,,,,,,,,,,,
2026,2,sii,2026-08-20,5521,工信,,,,191377.0,,5580,,,,,,,,,,,289341,,,0.58,5420687.0,4961883,,,458804.0,,,458804.0,,267427.0,21214.0,288641.0,283061.0,283061.0,6280,289341.0,283061,,,,,,,,,,,,,,,,,
2026,2,sii,2026-08-20,5522,遠雄,,,,1006372.0,,451032,,,,,,,,,,,1468191,,,1.99,8531058.0,5505328,,,3025730.0,,3635,3029365.0,,2022993.0,-14647.0,2008346.0,1557314.0,1557314.0,-89123,1468191.0,1557314,,,,,,,,,,,,,,,,,
2026,2,sii,2026-08-20,5525,順天,,,,298977.0,,273646,,,,,,,,,,,717114,,-119,2.33,3884131.0,2570970,,,1313161.0,,,1313161.0,,1014184.0,-23543.0,990641.0,716995.0,716995.0,,716995.0,717114,,-119,,,,,,,,,,,,,,,
2026,2,sii,2026-08-20,5531,鄉林,,,,480864.0,,-13806,,,,,,,,,,,-2343,,-112744,-0.12,323105.0,270425,,,52680.0,,,52680.0,,-428184.0,195697.0,-232487.0,-218681.0,-218681.0,103594,-115087.0,-118594,,-100087,,,,,,,,,,,,,,,
2026,2,sii,2026-08-20,5533,皇鼎,,,,88521.0,,23774,,,,,,,,,,,111854,,,0.39,710094.0,510308,,,199786.0,,,199786.0,,111265.0,24363.0,135628.0,111854.0,111854.0,,111854.0,111854,,,,,,,,,,,,,,,,,
2026,2,sii,2026-08-20,5534,長虹,,,,255603.0,,84736,,,,,,,,,,,319920,,3753,1.05,2321400.0,1660696,,,660704.0,0,,660704.0,,405101.0,3308.0,408409.0,323673.0,323673.0,0,323673.0,319920,,3753,,,,,,,,,,,,,,,
2026,2,sii,2026-08-20,5607,遠雄港,,,,184191.0,,203337,,,,,,,,,,,807877,,,2.18,2583659.0,1214956,,,1368703.0,,,1368703.0,,1184512.0,-173298.0,1011214.0,807877.0,807877.0,,807877.0,807877,,,,,,,,,,,,,,,,,
2026,2,sii,2026-08-20,5608,四維航,,,,157681.0,,-18300,,,,,,,,,,,301045,,-35785,0.32,1621931.0,1323147,,,298784.0,,,298784.0,,141103.0,-72215.0,68888.0,87188.0,87188.0,178072,265260.0,122973,,-35785,,,,,,,,,,,,,,,
2026,2,sii,2026-08-20,5706,鳳凰,,,,126683.0,,36433,,0,,,,,,,,,237793,,3244,1.79,1530809.0,1325232,,,205577.0,,,205577.0,372,79266.0,109950.0,189216.0,152783.0,152783.0,88254,241037.0,150568,,2215,,,,,,,,,,,,,,,
2026,2,sii,2026-08-20,5906,台南-KY,,,,442998.0,,6225,,,,,,,,,,,-64114,,-4489,0.01,827288.0,375550,,,451738.0,,,451738.0,-1257,7483.0,-5350.0,2133.0,-4092.0,-4092.0,-64511,-68603.0,397,,-4489,,,,,,,,,,,,,,,
2026,2,sii,2026-08-20,6108,競國,,,,278477.0,,25338,,,,,,,,,,,123956,,,0.32,2413390.0,2328989,,,84401.0,,,84401.0,,-194076.0,269265.0,75189.0,49851.0,49851.0,74105,123956.0,49851,,,,,,,,,,,,,,,,,
2026,2,sii,2026-08-20,6112,邁達特,,,,1348995.0,,114130,,,,,,,,,,,335392,,27605,1.85,12570260.0,10764804,,,1805456.0,,,1805456.0,,456461.0,26870.0,483331.0,369201.0,369201.0,-6204,362997.0,348525,,20676,,,,,,,,,,,,,,,
2026,2,sii,2026-08-20,6115,鎰勝,,,,235116.0,,103784,,,,,,,,,,,407912,,-3209,1.48,4021415.0,3422204,,,599211.0,,,599211.0,,364095.0,13405.0,377500.0,273716.0,273716.0,130987,404703.0,276925,,-3209,,,,,,,,,,,,,,,
2026,2,sii,2026-08-20,6116,彩晶,,,,730233.0,,1370,,,,,,,,,,,3256292,,,-0.02,6085329.0,6282570,,,-197241.0,,,-197241.0,,-927474.0,883035.0,-44439.0,-45809.0,-45809.0,3302101,3256292.0,-45809,,,,,,,,,,,,,,,,,
2026,2,sii,2026-08-20,6117,迎廣,,,,325606.0,,72306,,,,,,,,,,,182005,,-61,1.81,1647214.0,1085594,,,561620.0,,,561620.0,,236014.0,4200.0,240214.0,167908.0,167908.0,14036,181944.0,167969,,-61,,,,,,,,,,,,,,,
2026,2,sii,2026-08-20,6120,達運,,,,646131.0,,64583,,,,,,,,,,,1256010,,,1.42,8756244.0,8423120,,,333124.0,,,333124.0,,-313007.0,1230815.0,917808.0,853225.0,853225.0,402785,1256010.0,853225,,,,,,,,,,,,,,,,,
2026,2,sii,2026-08-20,6128,上福,,,,936938.0,,23370,,,,,,,,,,,111882,,0,0.66,2618075.0,1540547,,,1077528.0,,,1077528.0,,140590.0,-33124.0,107466.0,84096.0,84096.0,27786,111882.0,84096,,0,,,,,,,,,,,,,,,
2026,2,sii,2026-08-20,6133,金橋,,,,96708.0,,17604,,,,,,,,,,,46452,,,0.5,693708.0,517160,,,176548.0,,,176548.0,,79840.0,-3936.0,75904.0,58300.0,58300.0,-11848,46452.0,58300,,,,,,,,,,,,,,,,,
2026,2,sii,2026-08-20,6136,富爾特,,,,117218.0,,4218,,,,,,,,,,,1459937,,-4997,-0.04,334055.0,235181,,,98874.0,,,98874.0,,-18344.0,12357.0,-5987.0,-10205.0,-10205.0,1465145,1454940.0,-4948,,-5257,,,,,,,,,,,,,,,
2026,2,sii,2026-08-20,6139,亞翔,,,,909471.0,,1968205,,,,,,,,,,,6638359,,1974746,25.91,45982606.0,36710734,,,9271872.0,,,9271872.0,,8362401.0,1548484.0,9910885.0,7942680.0,7942680.0,670425,8613105.0,6104555,,1838125,,,,,,,,,,,,,,,
2026,2,sii,2026-08-20,6141,柏承,,,,209969.0,,30421,,,,,,,,,,,-155712,,-61222,-1.23,1090986.0,976886,,,114100.0,,,114100.0,,-95869.0,-71766.0,-167635.0,-198056.0,-198056.0,-18878,-216934.0,-139318,,-58738,,,,,,,,,,,,,,,
2026,2,sii,2026-08-20,6142,友勁,,,,166626.0,,0,,,,,,,,,,,-72792,,0,-0.28,921198.0,821936,,,99262.0,,,99262.0,,-67364.0,-26593.0,-93957.0,-93957.0,-93957.0,21165,-72792.0,-93957,,0,,,,,,,,,,,,,,,
2026,2,sii,2026-08-20,6152,百一,,,,273040.0,,0,,,,,,,,,,,79034,,452,0.27,956530.0,698962,,,257568.0,,,257568.0,,-15472.0,61031.0,45559.0,45559.0,45559.0,33927,79486.0,45107,,452,,,,,,,,,,,,,,,
2026,2,sii,2026-08-20,6153,嘉聯益,,,,526667.0,,1794,,,,,,,,,,,-578969,,,-0.86,2730910.0,2863942,,,-133032.0,,,-133032.0,,-659699.0,111342.0,-548357.0,-550151.0,-550151.0,-28818,-578969.0,-550151,,,,,,,,,,,,,,,,,
2026,2,sii,2026-08-20,6155,鈞寶,,,,67542.0,,8984,,,,,,,,,,,88441,,0,0.82,373725.0,272985,,,100740.0,,,100740.0,,33198.0,47661.0,80859.0,71875.0,71875.0,16566,88441.0,71875,,0,,,,,,,,,,,,,,,
2026,2,sii,2026-08-20,6164,華興,,,,123424.0,,5489,,,,,,,,,,,35759,,624,0.16,398491.0,271637,,,126854.0,,,126854.0,,3430.0,15022.0,18452.0,12963.0,12963.0,23420,36383.0,12758,,205,,,,,,,,,,,,,,,
2026,2,sii,2026-08-20,6165,浪凡,,,,316174.0,,43328,,,,,,,,,,,145470,,1390,1.91,1722724.0,1204716,,,518008.0,,,518008.0,,201834.0,-16182.0,185652.0,142324.0,142324.0,4536,146860.0,140934,,1390,,,,,,,,,,,,,,,
2026,2,sii,2026-08-20,6166,凌華,,,,1831047.0,,251031,,,,,,,,,,,786989,,-12635,3.12,7903289.0,5172648,,,2730641.0,,0,2730641.0,,899594.0,18444.0,918038.0,667007.0,667007.0,107347,774354.0,679887,,-12880,,,,,,,,,,,,,,,
2026,2,sii,2026-08-20,6168,宏齊,,,,266224.0,,-687,,,,,,,,,,,564361,,43449,0.17,1084715.0,823040,,,261675.0,-366,,262041.0,,-4183.0,44349.0,40166.0,40853.0,40853.0,566957,607810.0,35075,,5778,,,,,,,,,,,,,,,
2026,2,sii,2026-08-20,6176,瑞儀,,,,2857818.0,,936526,,,,,,,,,,,2024317,,,2.81,23124544.0,18057856,,,5066688.0,,,5066688.0,130950,2339820.0,-111390.0,2228430.0,1291904.0,1291904.0,732413,2024317.0,1291904,,,,,,,,,,,,,,,,,
2026,2,sii,2026-08-20,6177,達麗,,,,600431.0,,571155,,,,,,,,,,,2405565,,11000,5.03,8310140.0,4745922,,,3564218.0,,,3564218.0,,2963787.0,-5802.0,2957985.0,2386830.0,2386830.0,29735,2416565.0,2375830,,11000,,,,,,,,,,,,,,,
2026,2,sii,2026-08-20,6183,關貿,,,,222727.0,,66807,,,,,,,,,,,391969,,,2.41,1359348.0,734830,,,624518.0,,,624518.0,-371,401420.0,27329.0,428749.0,361942.0,361942.0,30027,391969.0,361942,,,,,,,,,,,,,,,,,
2026,2,sii,2026-08-20,6184,大豐電,,,,259677.0,,70411,,,,,,,,,,,240817,,69348,1.51,1096635.0,505827,,,590808.0,,,590808.0,,331131.0,30769.0,361900.0,291489.0,291489.0,18676,310165.0,229580,,61909,,,,,,,,,,,,,,,
2026,2,sii,2026-08-20,6189,豐藝,,,,665686.0,,144267,,,,,,,,,,,537320,,72131,2.01,14965914.0,13583784,,,1382130.0,,,1382130.0,,716444.0,30049.0,746493.0,602226.0,602226.0,7225,609451.0,531006,,71220,,,,,,,,,,,,,,,
2026,2,sii,2026-08-20,6191,精成科,,,,1596488.0,,781828,,,,,,,,,,,11838307,,-6792,2.32,19292828.0,16230958,,,3061870.0,,,3061870.0,,1465382.0,465929.0,1931311.0,1149483.0,1149483.0,10682032,11831515.0,1157141,,-7658,,,,,,,,,,,,,,,
2026,2,sii,2026-08-20,6192,巨路,,,,634534.0,,194904,,,,,,,,,,,573565,,-578,5.3,3849908.0,2557491,,,1292417.0,,,1292417.0,,657883.0,46423.0,704306.0,509402.0,509402.0,63585,572987.0,509989,,-587,,,,,,,,,,,,,,,
2026,2,sii,2026-08-20,6196,帆宣,,,,1721644.0,,697375,,,,,,,,,,,2990925,,-12005,13.26,35508124.0,30715150,,,4792974.0,,,4792974.0,,3071330.0,526893.0,3598223.0,2900848.0,2900848.0,78072,2978920.0,2913486,,-12638,,,,,,,,,,,,,,,
2026,2,sii,2026-08-20,6197,佳必琪,,,,594869.0,,225898,,,,,,,,,,,1310705,,28695,7.0,4534628.0,2907208,,,1627420.0,,,1627420.0,,1032551.0,82266.0,1114817.0,888919.0,888919.0,450481,1339400.0,855813,,33106,,,,,,,,,,,,,,,
2026,2,sii,2026-08-20,6201,亞弘電,,,,190357.0,,29062,,,,,,,,,,,152098,,,1.52,1507800.0,1153855,,,353945.0,,,353945.0,,163588.0,964.0,164552.0,135490.0,135490.0,16608,152098.0,135490,,,,,,,,,,,,,,,,,
2026,2,sii,2026-08-20,6202,盛群,,,,562613.0,,44028,,,,,,,,,,,281812,,10689,0.94,1808704.0,1038806,,,769898.0,3666,,766232.0,,203619.0,64775.0,268394.0,224366.0,224366.0,68135,292501.0,216181,,8185,,,,,,,,,,,,,,,
2026,2,sii,2026-08-20,6205,詮欣,,,,188287.0,,17681,,,,,,,,,,,143934,,746,1.16,665770.0,416375,,,249395.0,,,249395.0,,61108.0,51130.0,112238.0,94557.0,94557.0,50123,144680.0,93957,,600,,,,,,,,,,,,,,,
2026,2,sii,2026-08-20,6206,飛捷,,,,537518.0,,199063,,,,,,,,,,,855839,,-9974,5.93,3391835.0,1848799,,,1543036.0,,,1543036.0,,1005518.0,31182.0,1036700.0,837637.0,837637.0,8228,845865.0,847710,,-10073,,,,,,,,,,,,,,,
2026,2,sii,2026-08-20,6209,今國光,,,,354774.0,,85777,,,,,,,,,,,391213,,,1.53,2414494.0,1736974,,,677520.0,,,677520.0,,322746.0,37640.0,360386.0,274609.0,274609.0,116604,391213.0,274609,,,,,,,,,,,,,,,,,
2026,2,sii,2026-08-20,6213,聯茂,,,,1311037.0,,723343,,,,,,,,,,,2402191,,,4.39,20673078.0,17089749,,,3583329.0,,,3583329.0,,2272292.0,44935.0,2317227.0,1593884.0,1593884.0,808307,2402191.0,1593884,,,,,,,,,,,,,,,,,
2026,2,sii,2026-08-20,6214,精誠,,,,3915125.0,,349857,,,,,,,,,,,1730302,,124471,6.15,27367791.0,22285547,,,5082244.0,,,5082244.0,,1167119.0,979802.0,2146921.0,1797064.0,1797064.0,57709,1854773.0,1673093,,123971,,,,,,,,,,,,,,,
2026,2,sii,2026-08-20,6215,和椿,,,,270319.0,,43922,,,,,,,,,,,174970,,0,1.92,1675306.0,1219090,,,456216.0,,,456216.0,,185897.0,17298.0,203195.0,159273.0,159273.0,15697,174970.0,159273,,0,,,,,,,,,,,,,,,
2026,2,sii,2026-08-20,6216,居易,,,,145459.0,,8633,,,,,,,,,,,,,,-0.14,284856.0,163034,,,121822.0,,,121822.0,,-23637.0,18731.0,-4906.0,-13539.0,-13539.0,,-13539.0,,,,,,,,,,,,,,,,,,
2026,2,sii,2026-08-20,6224,聚鼎,,,,392448.0,,36311,,,,,,,,,,,171558,,-6022,1.37,1476301.0,978879,,,497422.0,,,497422.0,,104974.0,40764.0,145738.0,109427.0,109427.0,56109,165536.0,116224,,-6797,,,,,,,,,,,,,,,
2026,2,sii,2026-08-20,6225,天瀚,,,,20581.0,,0,,,,,,,,,,,-1487,0,0,-0.09,26757.0,14662,,,12095.0,,,12095.0,,-8486.0,5990.0,-2496.0,-2496.0,-2496.0,1009,-1487.0,-2496,0,0,,,,,,,,,,,,,,,
2026,2,sii,2026-08-20,6226,光鼎,,,,113496.0,,6418,,0,,,,,,,,,130291,,0,0.03,326898.0,226840,,,100058.0,,,100058.0,,-13438.0,23435.0,9997.0,3579.0,3579.0,126712,130291.0,3579,,0,,,,,,,,,,,,,,,
2026,2,sii,2026-08-20,6230,尼得科超眾,,,,780196.0,,-7761,,,,,,,,,,,71588,,,-1.82,4678093.0,3866037,,,812056.0,,,812056.0,,31860.0,-196448.0,-164588.0,-156827.0,-156827.0,228415,71588.0,-156827,,,,,,,,,,,,,,,,,
2026,2,sii,2026-08-20,6235,華孚,,,,604724.0,,43800,,,,,,,,,,,275727,,,0.4,3231976.0,2438855,,,793121.0,,,793121.0,,188397.0,-64349.0,124048.0,80248.0,80248.0,195479,275727.0,80248,,,,,,,,,,,,,,,,,
2026,2,sii,2026-08-20,6239,力成,,,,2883720.0,,1581742,,,,,,,,,,,4253548,,1140530,5.5,44429999.0,35254988,,,9175011.0,,,9175011.0,,6291291.0,526950.0,6818241.0,5236499.0,5236499.0,157579,5394078.0,4063013,,1173486,,,,,,,,,,,,,,,
2026,2,sii,2026-08-20,6243,迅杰,,,,141876.0,,1698,,,,,,,,,,,,,,-1.02,168376.0,82842,,,85534.0,,,85534.0,,-56342.0,11916.0,-44426.0,-46124.0,-46124.0,,-46124.0,,,,,,,,,,,,,,,,,,
2026,2,sii,2026-08-20,6257,矽格,,,,997267.0,,475480,,,,,,,,,,,5693779,,248676,4.65,11174473.0,7485101,,,3689372.0,,,3689372.0,,2692105.0,263402.0,2955507.0,2480027.0,2480027.0,3462428,5942455.0,2225873,,254154,,,,,,,,,,,,,,,
2026,2,sii,2026-08-20,6269,台郡,,,,1854929.0,,-275578,,,,,,,,,,,-843451,,20735,-4.27,10847066.0,10692495,,,154571.0,,,154571.0,,-1700358.0,80323.0,-1620035.0,-1344457.0,-1344457.0,521741,-822716.0,-1364721,,20264,,,,,,,,,,,,,,,
2026,2,sii,2026-08-20,6271,同欣電,,,,803486.0,,201723,,0,,,,,,,,,1164166,0,1205,4.37,5972201.0,4203418,,,1768783.0,,,1768783.0,,965297.0,152255.0,1117552.0,915829.0,915829.0,249542,1165371.0,914329,0,1500,,,,,,,,,,,,,,,
2026,2,sii,2026-08-20,6272,驊陞,,,,313251.0,,-2734,,,,,,,,,,,66844,,5157,0.13,1567070.0,1239255,,,327815.0,,,327815.0,,14564.0,-8058.0,6506.0,9240.0,9240.0,62761,72001.0,10748,,-1508,,,,,,,,,,,,,,,
2026,2,sii,2026-08-20,6277,宏正,,,,1208339.0,,99781,,,,,,,,,,,273688,,4370,2.5,2635317.0,1018500,,,1616817.0,,,1616817.0,,408478.0,-4162.0,404316.0,304535.0,304535.0,-26477,278058.0,298698,,5837,,,,,,,,,,,,,,,
2026,2,sii,2026-08-20,6278,台表科,,,,1437771.0,,275688,,,,,,,,,,,2111761,,-721,4.93,25785584.0,22806019,,,2979565.0,,,2979565.0,,1541794.0,162396.0,1704190.0,1428502.0,1428502.0,682538,2111040.0,1427118,,1384,,,,,,,,,,,,,,,
2026,2,sii,2026-08-20,6281,全國電,,,,1670634.0,,59182,,,,,,,,,,,,,,2.26,9673563.0,7727186,,,1946377.0,,,1946377.0,,275743.0,7441.0,283184.0,224002.0,224002.0,,224002.0,,,,,,,,,,,,,,,,,,
2026,2,sii,2026-08-20,6282,康舒,,,,3722802.0,,149867,,0,,,,,,,,,814292,,5360,0.37,18095950.0,13982105,,,4113845.0,,,4113845.0,,391043.0,64113.0,455156.0,305289.0,305289.0,514363,819652.0,312697,,-7408,,,,,,,,,,,,,,,
2026,2,sii,2026-08-20,6283,淳安,,,,181936.0,,-4611,,,,,,,,,,,-28572,,2849,-0.53,871970.0,803441,,,68529.0,,,68529.0,,-113407.0,23406.0,-90001.0,-85390.0,-85390.0,59667,-25723.0,-77051,,-8339,,,,,,,,,,,,,,,
2026,2,sii,2026-08-20,6285,啟碁,,,,5707587.0,,691456,,,,,,,,,,,3391129,,,5.75,68594467.0,59456233,,,9138234.0,,,9138234.0,,3430647.0,22453.0,3453100.0,2761644.0,2761644.0,629485,3391129.0,2761644,,,,,,,,,,,,,,,,,
2026,2,sii,2026-08-20,6405,悅城,,,,29588.0,,984,,,,,,,,,,,,,,0.11,248.0,22169,,,-21921.0,,,-21921.0,,-51509.0,59912.0,8403.0,7419.0,7419.0,637779,645198.0,,,,,,,,,,,,,,,,,,
2026,2,sii,2026-08-20,6409,旭隼,,,,733522.0,,199321,,,,,,,,,,,1617081,,,12.58,9759001.0,7257644,,,2501357.0,,,2501357.0,,1767835.0,-464791.0,1303044.0,1103723.0,1103723.0,513358,1617081.0,1103723,,,,,,,,,,,,,,,,,
2026,2,sii,2026-08-20,6412,群電,,,,1813730.0,,111278,,,,,,,,,,,1653232,,,3.04,16227361.0,13883596,,,2343765.0,,,2343765.0,,530035.0,799791.0,1329826.0,1218548.0,1218548.0,434684,1653232.0,1218548,,,,,,,,,,,,,,,,,
2026,2,sii,2026-08-20,6414,樺漢,,,,12133695.0,,1252113,,0,,,,,,,,,2074486,,2557464,12.31,85491428.0,68680532,,,16810896.0,,,16810896.0,,4677201.0,1196414.0,5873615.0,4621502.0,4621502.0,10448,4631950.0,1802674,,2818828,,,,,,,,,,,,,,,
2026,2,sii,2026-08-20,6416,瑞祺電通,,,,319073.0,,69838,,,,,,,,,,,212821,,-2687,2.9,2391053.0,1797160,,,593893.0,,,593893.0,,274820.0,7964.0,282784.0,212946.0,212946.0,-2812,210134.0,212871,,75,,,,,,,,,,,,,,,
2026,2,sii,2026-08-20,6426,統新,,,,83251.0,,-5928,,,,,,,,,,,113910,,,2.96,362047.0,184402,,,177645.0,,,177645.0,,94394.0,13721.0,108115.0,114043.0,114043.0,-133,113910.0,114043,,,,,,,,,,,,,,,,,
2026,2,sii,2026-08-20,6438,迅得,,,,531528.0,,90783,,,,,,,,,,,1138478,,-8251,3.79,3568453.0,2635907,,,932546.0,,,932546.0,,401018.0,-6315.0,394703.0,303920.0,303920.0,826307,1130227.0,311265,,-7345,,,,,,,,,,,,,,,
2026,2,sii,2026-08-20,6442,光聖,,,,1905988.0,,475907,,,,,,,,,,,-555006,,-537,19.07,6386649.0,2586444,,,3800205.0,,,3800205.0,,1894217.0,78331.0,1972548.0,1496641.0,1496641.0,-2052184,-555543.0,1497178,,-537,,,,,,,,,,,,,,,
2026,2,sii,2026-08-20,6443,元晶,,,,135934.0,,3804,,,,,,,,,,,-304265,,-10,-0.6,673833.0,837404,,,-163571.0,-1877,-213,-161907.0,-480,-298321.0,-4674.0,-302995.0,-306799.0,-306799.0,2524,-304275.0,-306789,,-10,,,,,,,,,,,,,,,
2026,2,sii,2026-08-20,6446,藥華藥,,,,5717584.0,,854592,,,,,,,,,,,4909914,,,11.35,11976809.0,1016735,,,10960074.0,,,10960074.0,,5242490.0,291693.0,5534183.0,4679591.0,4679591.0,230323,4909914.0,4679591,,,,,,,,,,,,,,,,,
2026,2,sii,2026-08-20,6449,鈺邦,,,,453082.0,,116994,,,,,,,,,,,2409139,,-22992,4.42,2498324.0,1612390,,,885934.0,,,885934.0,,432852.0,51362.0,484214.0,367220.0,367220.0,2018927,2386147.0,390212,,-22992,,,,,,,,,,,,,,,
2026,2,sii,2026-08-20,6456,GIS-KY,,,,2275085.0,,506301,,,,,,,,,,,-87234,,572,-3.76,26579610.0,25428905,,,1150705.0,,,1150705.0,,-1124380.0,373494.0,-750886.0,-1257187.0,-1257187.0,1170525,-86662.0,-1256911,,-276,,,,,,,,,,,,,,,
2026,2,sii,2026-08-20,6464,台數科,,,,486739.0,,116379,,,,,,,,,,,383444,,7135,2.91,2145010.0,1063489,,,1081521.0,,,1081521.0,,594782.0,-80049.0,514733.0,398354.0,398354.0,-7775,390579.0,389361,,8993,,,,,,,,,,,,,,,
2026,2,sii,2026-08-20,6472,保瑞,,,,2477606.0,,379841,,-24974,,,,,,,,,655092,,29601,4.56,9890685.0,6017832,,,3872853.0,,,3872853.0,,1395247.0,-360992.0,1034255.0,654414.0,629440.0,55253,684693.0,581601,,47839,,,,,,,,,,,,,,,
2026,2,sii,2026-08-20,6477,安集,,,,58149.0,,11182,,,,,,,,,,,7630,,4835,0.15,449527.0,302844,,,146683.0,,,146683.0,,88534.0,-53876.0,34658.0,23476.0,23476.0,-11011,12465.0,18500,,4976,,,,,,,,,,,,,,,
2026,2,sii,2026-08-20,6491,晶碩,,,,998580.0,,189269,,,,,,,,,,,1035414,,11733,13.13,4000172.0,1874215,,,2125957.0,,,2125957.0,,1127377.0,88853.0,1216230.0,1026961.0,1026961.0,20186,1047147.0,1016521,,10440,,,,,,,,,,,,,,,
2026,2,sii,2026-08-20,6504,南六,,,,345630.0,,39495,,,,,,,,,,,99836,,-16,0.01,3329596.0,2883490,,,446106.0,,,446106.0,,100476.0,-60013.0,40463.0,968.0,968.0,98852,99820.0,987,,-19,,,,,,,,,,,,,,,
2026,2,sii,2026-08-20,6505,台塑化,,,,5223969.0,,10403336,,,,,,,,,,,142550278,,55813,4.32,344972366.0,292351170,,,52621196.0,,,52621196.0,,47397227.0,4187977.0,51585204.0,41181868.0,41181868.0,101424223,142606091.0,41185628,,-3760,,,,,,,,,,,,,,,
2026,2,sii,2026-08-20,6515,穎崴,,,,1030333.0,,350887,,,,,,,,,,,1436977,,,38.24,6503650.0,3871464,,,2632186.0,,,2632186.0,,1601853.0,119804.0,1721657.0,1370770.0,1370770.0,66207,1436977.0,1370770,,,,,,,,,,,,,,,,,
2026,2,sii,2026-08-20,6525,捷敏-KY,,,,194378.0,,136122,,,,,,,,,,,663888,,,3.84,3008421.0,2176200,,,832221.0,,,832221.0,,637843.0,-6580.0,631263.0,495141.0,495141.0,168747,663888.0,495141,,,,,,,,,,,,,,,,,
2026,2,sii,2026-08-20,6526,達發,,,,4334729.0,,289981,,,,,,,,,,,1765894,,3838,9.72,11744071.0,5650115,,,6093956.0,,,6093956.0,,1759227.0,162741.0,1921968.0,1631987.0,1631987.0,137745,1769732.0,1628149,,3838,,,,,,,,,,,,,,,
2026,2,sii,2026-08-20,6531,愛普*,,,,815273.0,,333439,,,,,,,,,,,1404021,,-28992,8.33,4462828.0,2333634,,,2129194.0,,,2129194.0,,1313921.0,346663.0,1660584.0,1327145.0,1327145.0,47884,1375029.0,1357389,,-30244,,,,,,,,,,,,,,,
2026,2,sii,2026-08-20,6533,晶心科,,,,1198446.0,,-63390,,,,,,,,,,,-230496,,,-4.62,892623.0,1156,,,891467.0,,,891467.0,,-306979.0,9703.0,-297276.0,-233886.0,-233886.0,3390,-230496.0,-233886,,,,,,,,,,,,,,,,,
2026,2,sii,2026-08-20,6534,正瀚-創,,,,450410.0,,121015,,,,,,,,,,,582031,,0,5.65,1328929.0,189625,,,1139304.0,,,1139304.0,,688894.0,9947.0,698841.0,577826.0,577826.0,4205,582031.0,577826,,0,,,,,,,,,,,,,,,
2026,2,sii,2026-08-20,6552,易華電,,,,78953.0,,-807,,,,,,,,,,,,,,-0.9,576929.0,630541,,,-53612.0,,,-53612.0,,-132565.0,56736.0,-75829.0,-75022.0,-75022.0,1033405,958383.0,,,,,,,,,,,,,,,,,,
2026,2,sii,2026-08-20,6558,興能高,,,,140255.0,,-1471,,,,,,,,,,,-46277,,,-0.76,518067.0,460368,,,57699.0,,,57699.0,,-82556.0,10030.0,-72526.0,-71055.0,-71055.0,24778,-46277.0,-71055,,,,,,,,,,,,,,,,,
2026,2,sii,2026-08-20,6579,研揚,,,,1271525.0,,148986,,,,,,,,,,,824422,,126881,6.15,5227560.0,3422946,,,1804614.0,,,1804614.0,,533089.0,511974.0,1045063.0,896077.0,896077.0,55226,951303.0,773376,,122701,,,,,,,,,,,,,,,
2026,2,sii,2026-08-20,6581,鋼聯,,,,132724.0,,124199,,,,,,,,,,,486086,,,4.37,1282106.0,534615,,,747491.0,,,747491.0,,614767.0,-4482.0,610285.0,486086.0,486086.0,,486086.0,486086,,,,,,,,,,,,,,,,,
2026,2,sii,2026-08-20,6582,申豐,,,,58567.0,,-5573,,,,,,,,,,,542090,,,-0.01,260740.0,255124,,,5616.0,,,5616.0,,-52951.0,46124.0,-6827.0,-1254.0,-1254.0,543344,542090.0,-1254,,,,,,,,,,,,,,,,,
2026,2,sii,2026-08-20,6585,鼎基,,,,203057.0,,98411,,,,,,,,,,,354532,,,4.81,1657000.0,1039138,,,617862.0,,,617862.0,,414805.0,30238.0,445043.0,346632.0,346632.0,7900,354532.0,346632,,,,,,,,,,,,,,,,,
2026,2,sii,2026-08-20,6589,台康生技,,,,612180.0,,378,,,,,,,,,,,-383148,,,-1.12,620746.0,417926,,,202820.0,,,202820.0,,-409360.0,73539.0,-335821.0,-336199.0,-336199.0,-46949,-383148.0,-336199,,,,,,,,,,,,,,,,,
2026,2,sii,2026-08-20,6591,動力-KY,,,,162279.0,,-13457,,,,,,,,,,,76249,,-1119,0.73,544167.0,415946,,,128221.0,,,128221.0,,-34058.0,49660.0,15602.0,29059.0,29059.0,46071,75130.0,30178,,-1119,,,,,,,,,,,,,,,
2026,2,sii,2026-08-20,6592,和潤企業,,,,4833376.0,,597315,,,,,,,,,,,1695678,,199033,2.22,11564100.0,4436223,,,7127877.0,,,7127877.0,,2294501.0,193344.0,2487845.0,1890530.0,1890530.0,4181,1894711.0,1857210,,33320,,,,,,,,,,,,,,,
2026,2,sii,2026-08-20,6605,帝寶,,,,1458473.0,,389061,,,,,,,,,,,1263298,,24022,7.71,9610386.0,6546983,,,3063403.0,,,3063403.0,,1604930.0,66023.0,1670953.0,1281892.0,1281892.0,5428,1287320.0,1278602,,3290,,,,,,,,,,,,,,,
2026,2,sii,2026-08-20,6606,建德工業,,,,66744.0,,61081,,-195,,,,,,,,,139966,,215,0.82,484805.0,274474,,,210331.0,,,210331.0,,143587.0,6962.0,150549.0,89468.0,89273.0,50908,140181.0,90127,,-854,,,,,,,,,,,,,,,
2026,2,sii,2026-08-20,6614,資拓宏宇,,,,248984.0,,9301,,,,,,,,,,,42740,,,0.53,2489421.0,2195651,,,293770.0,,,293770.0,,44786.0,7255.0,52041.0,42740.0,42740.0,,42740.0,42740,,,,,,,,,,,,,,,,,
2026,2,sii,2026-08-20,6625,必應,,,,139014.0,,132475,,,,,,,,,,,289727,,684,4.63,2158509.0,1641395,,,517114.0,,,517114.0,,378100.0,22842.0,400942.0,268467.0,268467.0,21944,290411.0,267783,,684,,,,,,,,,,,,,,,
2026,2,sii,2026-08-20,6641,基士德-KY,,,,319595.0,,-10547,,,,,,,,,,,57239,,-3567,0.19,943519.0,647246,,,296273.0,,,296273.0,,-23322.0,16471.0,-6851.0,3696.0,3696.0,49976,53672.0,6958,,-3262,,,,,,,,,,,,,,,
2026,2,sii,2026-08-20,6645,金萬林-創,,,,118745.0,,375,,,,,,,,,,,-76149,,-3073,-1.26,278377.0,236739,,,41638.0,,,41638.0,,-77107.0,-1912.0,-79019.0,-79394.0,-79394.0,172,-79222.0,-76321,,-3073,,,,,,,,,,,,,,,
2026,2,sii,2026-08-20,6655,科定,,,,509273.0,,51666,,,,,,,,,,,1108468,,869,2.62,1507518.0,762369,,,745149.0,,,745149.0,,235876.0,23085.0,258961.0,207295.0,207295.0,902042,1109337.0,206110,,1185,,,,,,,,,,,,,,,
2026,2,sii,2026-08-20,6657,華安,,,,194173.0,,,,,,,,,,,,,-184749,,,-2.1,3243.0,911,,,2332.0,,,2332.0,,-191841.0,7030.0,-184811.0,-184811.0,-184811.0,62,-184749.0,-184811,,,,,,,,,,,,,,,,,
2026,2,sii,2026-08-20,6658,聯策,,,,174427.0,,38434,,,,,,,,,,,152450,,-4902,3.05,1324146.0,1011853,,,312293.0,,,312293.0,,137866.0,6597.0,144463.0,106029.0,106029.0,41519,147548.0,110931,,-4902,,,,,,,,,,,,,,,
2026,2,sii,2026-08-20,6668,中揚光,,,,180112.0,,476,,,,,,,,,,,76722,,29,-0.83,586221.0,502996,,,83225.0,,,83225.0,,-96887.0,7817.0,-89070.0,-89546.0,-89546.0,166297,76751.0,-89339,,-207,,,,,,,,,,,,,,,
2026,2,sii,2026-08-20,6669,緯穎,,,,8967941.0,,7824482,,,,,,,,,,,30850699,,,156.38,554660326.0,508016209,,,46644117.0,,,46644117.0,,37676176.0,-768187.0,36907989.0,29083507.0,29083507.0,1767192,30850699.0,29083507,,,,,,,,,,,,,,,,,
2026,2,sii,2026-08-20,6670,復盛應用,,,,1582748.0,,601016,,,,,,,,,,,2164010,,154994,13.1,16543124.0,12438111,,,4105013.0,,,4105013.0,,2522265.0,29364.0,2551629.0,1950613.0,1950613.0,368391,2319004.0,1826406,,124207,,,,,,,,,,,,,,,
2026,2,sii,2026-08-20,6672,騰輝電子-KY,,,,588354.0,,66859,,,,,,,,,,,467814,,-1,4.75,2859714.0,1855224,,,1004490.0,,,1004490.0,,416136.0,8192.0,424328.0,357469.0,357469.0,110344,467813.0,357470,,-1,,,,,,,,,,,,,,,
2026,2,sii,2026-08-20,6674,鋐寶科技,,,,151338.0,,5000,,,,,,,,,,,-133119,,,-1.97,217063.0,189308,,,27755.0,,,27755.0,,-123583.0,-4386.0,-127969.0,-132969.0,-132969.0,-150,-133119.0,-132969,,,,,,,,,,,,,,,,,
2026,2,sii,2026-08-20,6689,伊雲谷,,,,544913.0,,11820,,,,,,,,,,,67651,,6050,0.71,6120700.0,5536007,,,584693.0,,,584693.0,,39780.0,26165.0,65945.0,54125.0,54125.0,19576,73701.0,48464,,5661,,,,,,,,,,,,,,,
2026,2,sii,2026-08-20,6691,洋基工程,,,,365881.0,,637678,,,,,,,,,,,2354254,,,17.46,18111362.0,14807058,,,3304304.0,,,3304304.0,,2938423.0,15970.0,2954393.0,2316715.0,2316715.0,37539,2354254.0,2316715,,,,,,,,,,,,,,,,,
2026,2,sii,2026-08-20,6695,芯鼎,,,,373706.0,,,,,,,,,,,,,-126784,,,-1.28,507145.0,316561,,,190584.0,,,190584.0,,-183122.0,56338.0,-126784.0,-126784.0,-126784.0,,-126784.0,-126784,,,,,,,,,,,,,,,,,
2026,2,sii,2026-08-20,6698,旭暉應材,,,,125570.0,,-5076,,,,,,,,,,,-72289,,-42289,-1.3,327242.0,344673,,,-17431.0,,,-17431.0,,-143001.0,5625.0,-137376.0,-132300.0,-132300.0,17722,-114578.0,-85277,,-47023,,,,,,,,,,,,,,,
2026,2,sii,2026-08-20,6706,惠特,,,,258218.0,,-14948,,,,,,,,,,,-149004,,,-2.85,337458.0,365958,,,-28500.0,0,0,-28500.0,,-286718.0,47840.0,-238878.0,-223930.0,-223930.0,74926,-149004.0,-223930,,,,,,,,,,,,,,,,,
2026,2,sii,2026-08-20,6715,嘉基,,,,237241.0,,29845,,,,,,,,,,,64738,,-15964,0.89,921018.0,621423,,,299595.0,,,299595.0,,62354.0,11055.0,73409.0,43564.0,43564.0,5210,48774.0,59528,,-15964,,,,,,,,,,,,,,,
2026,2,sii,2026-08-20,6719,力智,,,,468413.0,,92690,,,,,,,,,,,498959,,,4.2,2100786.0,1257329,,,843457.0,,,843457.0,,375044.0,160611.0,535655.0,442965.0,442965.0,55994,498959.0,442965,,,,,,,,,,,,,,,,,
2026,2,sii,2026-08-20,6722,輝創,,,,460393.0,,29285,,,,,,,,,,,77896,,,0.8,2413123.0,1893961,,,519162.0,601,,518561.0,,58168.0,41227.0,99395.0,70110.0,70110.0,7786,77896.0,70110,,,,,,,,,,,,,,,,,
2026,2,sii,2026-08-20,6742,澤米,,,,48289.0,,-1970,,,,,,,,,,,-60291,,,-0.87,180916.0,203118,,,-22202.0,,,-22202.0,,-70491.0,6897.0,-63594.0,-61624.0,-61624.0,1333,-60291.0,-61624,,,,,,,,,,,,,,,,,
2026,2,sii,2026-08-20,6743,安普新,,,,327144.0,,37834,,,,,,,,,,,51221,,0,0.0,2441106.0,2011996,,,429110.0,,,429110.0,,101966.0,-64003.0,37963.0,129.0,129.0,51092,51221.0,129,,0,,,,,,,,,,,,,,,
2026,2,sii,2026-08-20,6753,龍德造船,,,,142125.0,,208337,,,,,,,,,,,,,,6.55,2849125.0,1732688,,,1116437.0,,,1116437.0,,974312.0,1648.0,975960.0,767623.0,767623.0,2639,770262.0,,,,,,,,,,,,,,,,,,
2026,2,sii,2026-08-20,6754,匯僑設計,,,,275738.0,,6548,,,,,,,,,,,77347,,,0.69,1394388.0,1077532,,,316856.0,,,316856.0,,41118.0,11046.0,52164.0,45616.0,45616.0,31731,77347.0,45616,,,,,,,,,,,,,,,,,
2026,2,sii,2026-08-20,6756,威鋒電子,,,,453974.0,,16836,,,,,,,,,,,216010,,-12591,1.24,948111.0,527655,,,420456.0,,,420456.0,,-33518.0,122563.0,89045.0,72209.0,72209.0,131210,203419.0,86621,,-14412,,,,,,,,,,,,,,,
2026,2,sii,2026-08-20,6757,台灣虎航,,,,908819.0,,421374,,,,,,,,,,,,,,3.65,10324864.0,7298684,,,3026180.0,,,3026180.0,,2117361.0,-17824.0,2099537.0,1678163.0,1678163.0,1566,1679729.0,,,,,,,,,,,,,,,,,,
2026,2,sii,2026-08-20,6770,力積電,,,,4837192.0,,697542,,,,,,,,,,,17556928,,,4.08,30862646.0,24585508,,,6277138.0,,,6277138.0,16470247,17910193.0,309699.0,18219892.0,17522350.0,17522350.0,34578,17556928.0,17522350,,,,,,,,,,,,,,,,,
2026,2,sii,2026-08-20,6771,平和環保-創,,,,58351.0,,13597,,,,,,,,,,,45903,,-160,1.47,277707.0,147692,,,130015.0,,,130015.0,,71664.0,-12324.0,59340.0,45743.0,45743.0,0,45743.0,45903,,-160,,,,,,,,,,,,,,,
2026,2,sii,2026-08-20,6776,展碁國際,,,,1090470.0,,84900,,,,,,,,,,,249901,6924,35023,2.45,18872616.0,17405764,,,1466852.0,,,1466852.0,,376382.0,-43631.0,332751.0,247851.0,247851.0,43997,291848.0,218892,5392,23567,,,,,,,,,,,,,,,
2026,2,sii,2026-08-20,6782,視陽,,,,456876.0,,169216,,,,,,,,,,,545710,,950,8.45,2496453.0,1314855,,,1181598.0,,,1181598.0,,724722.0,-21955.0,702767.0,533551.0,533551.0,13109,546660.0,532601,,950,,,,,,,,,,,,,,,
2026,2,sii,2026-08-20,6789,采鈺,,,,742297.0,,147865,,,,,,,,,,,,,,2.95,4790531.0,3287962,,,1502569.0,,,1502569.0,247687,1007959.0,76053.0,1084012.0,936147.0,936147.0,,936147.0,,,,,,,,,,,,,,,,,,
2026,2,sii,2026-08-20,6790,永豐實,,,,1026048.0,,106696,,,,,,,,,,,521663,,0,1.52,5356690.0,3855081,,,1501609.0,,,1501609.0,,475561.0,38274.0,513835.0,407139.0,407139.0,114524,521663.0,407139,,0,,,,,,,,,,,,,,,
2026,2,sii,2026-08-20,6792,詠業,,,,166462.0,,16433,,,,,,,,,,,179592,,,1.68,716906.0,461225,,,255681.0,,,255681.0,,89219.0,5741.0,94960.0,78527.0,78527.0,101065,179592.0,78527,,,,,,,,,,,,,,,,,
2026,2,sii,2026-08-20,6794,向榮生技,,,,62277.0,,,,,,,,,,,,,,,,-0.76,10873.0,4124,,,6749.0,,,6749.0,,-55528.0,7403.0,-48125.0,-48125.0,-48125.0,,-48125.0,,,,,,,,,,,,,,,,,,
2026,2,sii,2026-08-20,6796,晉弘,,,,143977.0,,-3016,,,,,,,,,,,-21118,,,-0.54,308894.0,193822,,,115072.0,,,115072.0,,-28905.0,4291.0,-24614.0,-21598.0,-21598.0,480,-21118.0,-21598,,,,,,,,,,,,,,,,,
2026,2,sii,2026-08-20,6799,來頡,,,,124969.0,,22896,,,,,,,,,,,104166,,,2.41,503896.0,271014,,,232882.0,,,232882.0,,107913.0,19384.0,127297.0,104401.0,104401.0,-235,104166.0,104401,,,,,,,,,,,,,,,,,
2026,2,sii,2026-08-20,6805,富世達,,,,461334.0,,474358,,,,,,,,,,,2015570,,,25.77,7923593.0,5298555,,,2625038.0,,,2625038.0,,2163704.0,77055.0,2240759.0,1766401.0,1766401.0,249169,2015570.0,1766401,,,,,,,,,,,,,,,,,
2026,2,sii,2026-08-20,6830,汎銓,,,,276183.0,,4118,,,,,,,,,,,32593,,,-0.25,1213881.0,930413,,,283468.0,,,283468.0,,7285.0,-16418.0,-9133.0,-13251.0,-13251.0,45844,32593.0,-13251,,,,,,,,,,,,,,,,,
2026,2,sii,2026-08-20,6831,邁科,,,,211770.0,,34513,,,,,,,,,,,129097,,,1.66,1901151.0,1520982,,,380169.0,,,380169.0,,168399.0,-21731.0,146668.0,112155.0,112155.0,16942,129097.0,112155,,,,,,,,,,,,,,,,,
2026,2,sii,2026-08-20,6834,天二科技,,,,152107.0,,21906,,,,,,,,,,,144149,,,1.6,1003495.0,742548,,,260947.0,,,260947.0,,108840.0,54431.0,163271.0,141365.0,141365.0,2784,144149.0,141365,,,,,,,,,,,,,,,,,
2026,2,sii,2026-08-20,6835,圓裕,,,,193732.0,,2271,,,,,,,,,,,-26965,,-188,-0.23,1174128.0,984796,,,189332.0,,,189332.0,,-4400.0,-8506.0,-12906.0,-15177.0,-15177.0,-11976,-27153.0,-15183,,6,,,,,,,,,,,,,,,
2026,2,sii,2026-08-20,6838,台新藥,,,,121189.0,,2502,,,,,,,,,,,-85439,,4,-0.55,48448.0,13599,,,34849.0,,,34849.0,,-86340.0,5968.0,-80372.0,-82874.0,-82874.0,-2561,-85435.0,-82896,,22,,,,,,,,,,,,,,,
2026,2,sii,2026-08-20,6854,錼創科技-KY創,,,,465024.0,,33013,,,,,,,,,,,-468784,,,-4.13,286923.0,374017,,,-87094.0,,,-87094.0,,-552118.0,98957.0,-453161.0,-486174.0,-486174.0,17390,-468784.0,-486174,,,,,,,,,,,,,,,,,
2026,2,sii,2026-08-20,6861,睿生光電,,,,240889.0,,38000,,,,,,,,,,,185322,,,4.44,1548068.0,1124288,,,423780.0,,,423780.0,,182891.0,39866.0,222757.0,184757.0,184757.0,565,185322.0,184757,,,,,,,,,,,,,,,,,
2026,2,sii,2026-08-20,6863,永道-KY,,,,340707.0,,102291,,,,,,,,,,,386976,,106,1.93,2682365.0,2083666,,,598699.0,,,598699.0,,257992.0,-10917.0,247075.0,144784.0,144784.0,242298,387082.0,144715,,69,,,,,,,,,,,,,,,
2026,2,sii,2026-08-20,6869,雲豹能源,,,,461447.0,,3204,,,,,,,,,,,-269726,,27907,-1.89,3497941.0,2928866,,,569075.0,8295,9469,570249.0,,108802.0,-321475.0,-212673.0,-215877.0,-215877.0,-25942,-241819.0,-252522,,36645,,,,,,,,,,,,,,,
2026,2,sii,2026-08-20,6873,泓德能源,,,,646050.0,,56707,,,,,,,,,,,-212471,,243,-1.32,3077835.0,2153569,,,924266.0,166177,,758089.0,,112039.0,-274371.0,-162332.0,-219039.0,-219039.0,6811,-212228.0,-188631,,-30408,,,,,,,,,,,,,,,
2026,2,sii,2026-08-20,6885,全福生技,,,,168188.0,,33,,,,,,,,,,,-155017,,-21286,-1.39,6790.0,7956,,,-1166.0,,,-1166.0,,-169354.0,-34533.0,-203887.0,-203920.0,-203920.0,27617,-176303.0,-182714,,-21206,,,,,,,,,,,,,,,
2026,2,sii,2026-08-20,6901,鑽石投資,,,,73605.0,,0,,,,,,,,,,,,,,3.62,3129314.0,,,,3129314.0,,,3129314.0,,3055709.0,26826.0,3082535.0,3082535.0,3082535.0,,3082535.0,,,,,,,,,,,,,,,,,,
2026,2,sii,2026-08-20,6902,GOGOLOOK,,,,428900.0,,3673,,,,,,,,,,,114323,,,3.33,612824.0,65327,,,547497.0,,,547497.0,,118597.0,2703.0,121300.0,117627.0,117627.0,-3304,114323.0,117627,,,,,,,,,,,,,,,,,
2026,2,sii,2026-08-20,6906,現觀科,,,,113943.0,,3494,,,,,,,,,,,24751,,,0.76,149922.0,22513,,,127409.0,,,127409.0,,13466.0,14381.0,27847.0,24353.0,24353.0,398,24751.0,24353,,,,,,,,,,,,,,,,,
2026,2,sii,2026-08-20,6908,宏碁遊戲-創,,,,317782.0,,3121,,,,,,,,,,,45775,,-18065,0.45,2350091.0,2025151,,,324940.0,,,324940.0,,7158.0,-25117.0,-17959.0,-21080.0,-21080.0,48790,27710.0,16314,,-37394,,,,,,,,,,,,,,,
2026,2,sii,2026-08-20,6909,創控,,,,109899.0,,447,,,,,,,,,,,,,,0.17,203269.0,87209,,,116060.0,,,116060.0,,6161.0,5440.0,11601.0,11154.0,11154.0,,11154.0,,,,,,,,,,,,,,,,,,
2026,2,sii,2026-08-20,6914,阜爾運通,,,,194129.0,,73815,,,,,,,,,,,309189,,,4.65,2934928.0,2304871,,,630057.0,,,630057.0,,435928.0,-54065.0,381863.0,308048.0,308048.0,1141,309189.0,308048,,,,,,,,,,,,,,,,,
2026,2,sii,2026-08-20,6916,華凌,,,,281490.0,,-3126,,,,,,,,,,,5478,,539,-0.37,1141208.0,878518,,,262690.0,,,262690.0,,-18800.0,-8793.0,-27593.0,-24467.0,-24467.0,30484,6017.0,-24975,,508,,,,,,,,,,,,,,,
2026,2,sii,2026-08-20,6918,愛派司,,,,192408.0,,22654,,,,,,,,,,,112460,,284,3.03,462323.0,155779,,,306544.0,,,306544.0,,114136.0,12201.0,126337.0,103683.0,103683.0,9061,112744.0,103399,,284,,,,,,,,,,,,,,,
2026,2,sii,2026-08-20,6919,康霈*,,,,511244.0,,0,,,,,,,,,,,-372902,,,-0.21,3568.0,1240,,,2328.0,,,2328.0,,-508916.0,178646.0,-330270.0,-330270.0,-330270.0,-42632,-372902.0,-330270,,,,,,,,,,,,,,,,,
2026,2,sii,2026-08-20,6921,嘉雨思-創,,,,46247.0,,0,,,,,,,,,,,,,,-0.73,45036.0,24085,,,20951.0,,,20951.0,,-25296.0,2154.0,-23142.0,-23142.0,-23142.0,,-23142.0,,,,,,,,,,,,,,,,,,
2026,2,sii,2026-08-20,6923,中台,,,,45598.0,,38850,,,,,,,,,,,200486,,,2.37,671537.0,422085,,,249452.0,,,249452.0,1257,205111.0,50170.0,255281.0,216431.0,216431.0,-15945,200486.0,216431,,,,,,,,,,,,,,,,,
2026,2,sii,2026-08-20,6924,榮惠-KY創,,,,124567.0,,26058,,,,,,,,,,,85842,,,4.31,986992.0,742544,,,244448.0,,,244448.0,,119881.0,-4861.0,115020.0,88962.0,88962.0,-3120,85842.0,88962,,,,,,,,,,,,,,,,,
2026,2,sii,2026-08-20,6928,攸泰科技,,,,318440.0,,-6399,,,,,,,,,,,-25373,,,-0.34,941716.0,674460,,,267256.0,,,267256.0,,-51184.0,15368.0,-35816.0,-29417.0,-29417.0,4044,-25373.0,-29417,,,,,,,,,,,,,,,,,
2026,2,sii,2026-08-20,6931,青松健康,,,,53115.0,,16476,,,,,,,,,,,176898,,8323,2.68,630374.0,531022,,,99352.0,,,99352.0,1342,47579.0,154648.0,202227.0,185751.0,185751.0,-530,185221.0,177428,,8323,,,,,,,,,,,,,,,
2026,2,sii,2026-08-20,6934,心誠鎂,,,,64821.0,,-12,,,,,,,,,,,-95495,,,-2.69,19814.0,52681,,,-32867.0,,,-32867.0,,-97688.0,2242.0,-95446.0,-95434.0,-95434.0,-61,-95495.0,-95434,,,,,,,,,,,,,,,,,
2026,2,sii,2026-08-20,6936,永鴻生技,,,,174190.0,,21239,,,,,,,,,,,,,,1.14,744081.0,465930,,,278151.0,,,278151.0,,103961.0,420.0,104381.0,83142.0,83142.0,,83142.0,,,,,,,,,,,,,,,,,,
2026,2,sii,2026-08-20,6937,天虹,,,,351725.0,,38782,,,,,,,,,,,182612,,-4939,2.54,1300864.0,758326,,,542538.0,,,542538.0,,190813.0,14014.0,204827.0,166045.0,166045.0,11628,177673.0,170984,,-4939,,,,,,,,,,,,,,,
2026,2,sii,2026-08-20,6944,兆聯實業,,,,452567.0,,654224,,,,,,,,,,,1665689,,,16.5,9787323.0,7064473,,,2722850.0,,,2722850.0,,2270283.0,29161.0,2299444.0,1645220.0,1645220.0,20469,1665689.0,1645220,,,,,,,,,,,,,,,,,
2026,2,sii,2026-08-20,6947,台鎔科技,,,,98370.0,,17855,,,,,,,,,,,135433,,,1.44,852914.0,529479,,,323435.0,,,323435.0,,225065.0,-71777.0,153288.0,135433.0,135433.0,,135433.0,135433,,,,,,,,,,,,,,,,,
2026,2,sii,2026-08-20,6949,沛爾生醫-創,,,,195043.0,,0,,,,,,,,,,,-165162,,-22121,-2.54,15318.0,18321,,,-3003.0,,,-3003.0,,-198046.0,10441.0,-187605.0,-187605.0,-187605.0,322,-187283.0,-165484,,-22121,,,,,,,,,,,,,,,
2026,2,sii,2026-08-20,6951,青新-創,,,,84072.0,,36433,,,,,,,,,,,147271,,,2.83,441516.0,176713,,,264803.0,,,264803.0,,180731.0,2973.0,183704.0,147271.0,147271.0,,147271.0,147271,,,,,,,,,,,,,,,,,
2026,2,sii,2026-08-20,6952,大武山,,,,181623.0,,4071,,,,,,,,,,,35820,0,1473,0.53,1140330.0,980030,67036,,227336.0,,,227336.0,,45713.0,-4349.0,41364.0,37293.0,37293.0,,37293.0,35820,0,1473,,,,,,,,,,,,,,,
2026,2,sii,2026-08-20,6955,邦睿生技-創,,,,80919.0,,8403,,,,,,,,,,,52510,,0,2.11,176715.0,39817,,,136898.0,,,136898.0,,55979.0,4762.0,60741.0,52338.0,52338.0,172,52510.0,52338,,0,,,,,,,,,,,,,,,
2026,2,sii,2026-08-20,6958,日盛台駿,,,,1156676.0,,116509,,,,,,,,,,,343350,,-6014,0.46,5095330.0,3659686,,,1435644.0,,,1435644.0,,278968.0,24016.0,302984.0,186475.0,186475.0,150861,337336.0,185793,,682,,,,,,,,,,,,,,,
2026,2,sii,2026-08-20,6962,奕力-KY,,,,1693051.0,,-253958,,,,,,,,,,,374790,,,0.61,8720612.0,7162931,,,1557681.0,,,1557681.0,,-135370.0,174806.0,39436.0,293394.0,293394.0,81396,374790.0,293394,,,,,,,,,,,,,,,,,
2026,2,sii,2026-08-20,6969,成信實業*-創,,,,41806.0,,0,,,,,,,,,,,-1876,0,0,-0.04,145313.0,97246,,,48067.0,215,253,48105.0,,6299.0,-8175.0,-1876.0,-1876.0,-1876.0,,-1876.0,-1876,0,0,,,,,,,,,,,,,,,
2026,2,sii,2026-08-20,6988,威力暘-創,,,,114544.0,,351,,,,,,,,,,,5978,,,-0.2,359857.0,253763,,,106094.0,,,106094.0,,-8450.0,-737.0,-9187.0,-9538.0,-9538.0,15516,5978.0,-9538,,,,,,,,,,,,,,,,,
2026,2,sii,2026-08-20,6994,富威電力,,,,119724.0,,23139,,,,,,,,,,,-6117,,-3787,-0.09,1420411.0,1209202,,,211209.0,27848,1638,184999.0,,65275.0,-52514.0,12761.0,-10378.0,-10378.0,474,-9904.0,-6359,,-4019,,,,,,,,,,,,,,,
2026,2,sii,2026-08-20,7610,聯友金屬-創,,,,193501.0,,381847,,,,,,,,,,,1471307,,1016,25.37,2929338.0,883685,,,2045653.0,,,2045653.0,,1852152.0,2018.0,1854170.0,1472323.0,1472323.0,,1472323.0,1471307,,1016,,,,,,,,,,,,,,,
2026,2,sii,2026-08-20,7631,聚賢研發-創,,,,91618.0,,50781,,,,,,,,,,,128240,,,6.26,899750.0,631426,,,268324.0,,,268324.0,,176706.0,303.0,177009.0,126228.0,126228.0,2012,128240.0,126228,,,,,,,,,,,,,,,,,
2026,2,sii,2026-08-20,7689,大鵬科CLMX,,,,452089.0,,92735,,,,,,,,,,,344620,,,6.51,2956346.0,2047144,,,909202.0,,,909202.0,,457113.0,-19812.0,437301.0,344566.0,344566.0,54,344620.0,344566,,,,,,,,,,,,,,,,,
2026,2,sii,2026-08-20,7705,三商餐飲,,,,1080944.0,,7849,,,,,,,,,,,59025,,-6,0.9,3267465.0,2118585,,,1148880.0,,,1148880.0,,67936.0,-824.0,67112.0,59263.0,59263.0,-244,59019.0,59269,,-6,,,,,,,,,,,,,,,
2026,2,sii,2026-08-20,7711,永擎,,,,880568.0,,262640,,,,,,,,,,,1224926,,,17.44,15711594.0,13318364,,,2393230.0,,,2393230.0,,1512662.0,-25097.0,1487565.0,1224925.0,1224925.0,1,1224926.0,1224925,,,,,,,,,,,,,,,,,
2026,2,sii,2026-08-20,7721,微程式,,,,158953.0,,9314,,,,,,,,,,,50252,,,0.66,328376.0,125632,,,202744.0,,,202744.0,,43791.0,2119.0,45910.0,36596.0,36596.0,13656,50252.0,36596,,,,,,,,,,,,,,,,,
2026,2,sii,2026-08-20,7722,LINEPAY,,,,755391.0,,115759,,,,,,,,,,,287174,,,4.35,4227205.0,3201039,,,1026166.0,,,1026166.0,,270775.0,140607.0,411382.0,295623.0,295623.0,-8449,287174.0,295623,,,,,,,,,,,,,,,,,
2026,2,sii,2026-08-20,7730,暉盛-創,,,,69518.0,,5087,,,,,,,,,,,20247,,0,0.55,191025.0,104004,,,87021.0,,,87021.0,,17503.0,7970.0,25473.0,20386.0,20386.0,-139,20247.0,20386,,0,,,,,,,,,,,,,,,
2026,2,sii,2026-08-20,7732,金興精密,,,,90194.0,,12780,,,,,,,,,,,37305,,,0.99,533138.0,392636,,,140502.0,,,140502.0,,50308.0,25656.0,75964.0,63184.0,63184.0,-25879,37305.0,63184,,,,,,,,,,,,,,,,,
2026,2,sii,2026-08-20,7736,虎山,,,,83381.0,,24994,,,,,,,,,,,166573,,,2.42,722156.0,518071,,,204085.0,,,204085.0,,120704.0,87548.0,208252.0,183258.0,183258.0,-16685,166573.0,183258,,,,,,,,,,,,,,,,,
2026,2,sii,2026-08-20,7740,熙特爾-創,,,,177717.0,,82977,,,,,,,,,,,336225,,33489,5.8,7274083.0,6590354,,,683729.0,,,683729.0,,506012.0,-41377.0,464635.0,381658.0,381658.0,-11944,369714.0,348169,,33489,,,,,,,,,,,,,,,
2026,2,sii,2026-08-20,7750,新代,,,,2370537.0,,938589,,,,,,,,,,,3209008,,,42.53,13124660.0,7110428,,,6014232.0,,,6014232.0,,3643695.0,264388.0,3908083.0,2969494.0,2969494.0,239514,3209008.0,2969494,,,,,,,,,,,,,,,,,
2026,2,sii,2026-08-20,7760,享溫馨,,,,207737.0,,887,,,,,,,,,,,,,,0.55,657531.0,404507,,,253024.0,,,253024.0,,45287.0,-10444.0,34843.0,33956.0,33956.0,,33956.0,,,,,,,,,,,,,,,,,,
2026,2,sii,2026-08-20,7765,中華資安,,,,251316.0,,62640,,,,,,,,,,,,,,6.16,1181763.0,638567,,,543196.0,,,543196.0,,291880.0,21262.0,313142.0,250502.0,250502.0,5410,255912.0,,,,,,,,,,,,,,,,,,
2026,2,sii,2026-08-20,7768,頌勝科技,,,,399202.0,,72515,,,,,,,,,,,223339,,6168,3.32,1129571.0,520665,,,608906.0,,,608906.0,,209704.0,81646.0,291350.0,218835.0,218835.0,10672,229507.0,213974,,4861,,,,,,,,,,,,,,,
2026,2,sii,2026-08-20,7769,鴻勁,,,,1722048.0,,2590130,,,,,,,,,,,10277719,,7,56.14,24518966.0,10750662,,,13768304.0,,,13768304.0,,12046256.0,644391.0,12690647.0,10100517.0,10100517.0,177209,10277726.0,10100510,,7,,,,,,,,,,,,,,,
2026,2,sii,2026-08-20,7780,大研生醫*,,,,474142.0,,79184,,,,,,,,,,,325126,,,0.29,1080185.0,418901,,,661284.0,,,661284.0,,187142.0,122936.0,310078.0,230894.0,230894.0,94232,325126.0,230894,,,,,,,,,,,,,,,,,
2026,2,sii,2026-08-20,7786,東方風能,,,,170474.0,,257860,,,,,,,,,,,863996,,,4.92,6066813.0,4759539,,,1307274.0,,,1307274.0,,1136800.0,-14801.0,1121999.0,864139.0,864139.0,-143,863996.0,864139,,,,,,,,,,,,,,,,,
2026,2,sii,2026-08-20,7788,松川精密,,,,683318.0,,147119,,,,,,,,,,,487794,,4040,5.52,4117008.0,2917248,,,1199760.0,,,1199760.0,,516442.0,69047.0,585489.0,438370.0,438370.0,53464,491834.0,440369,,-1999,,,,,,,,,,,,,,,
2026,2,sii,2026-08-20,7791,皇家可口,,,,277868.0,,-10056,,,,,,,,,,,,,,2.71,1160131.0,754512,,,405619.0,,,405619.0,,127751.0,78694.0,206445.0,216501.0,216501.0,-353906,-137405.0,,,,,,,,,,,,,,,,,,
2026,2,sii,2026-08-20,7795,長廣,,,,230541.0,,76786,,,,,,,,,,,44803,,,0.88,890198.0,520469,,,369729.0,,,369729.0,,139188.0,6660.0,145848.0,69062.0,69062.0,-24259,44803.0,69062,,,,,,,,,,,,,,,,,
2026,2,sii,2026-08-20,7799,禾榮科,,,,223234.0,,,,,,,,,,,,,-335387,,,-1.05,3389.0,10998,,,-7609.0,,,-7609.0,,-230843.0,65846.0,-164997.0,-164997.0,-164997.0,-170390,-335387.0,-164997,,,,,,,,,,,,,,,,,
2026,2,sii,2026-08-20,7803,雲象科技-創,,,,172825.0,,0,,,,,,,,,,,-156132,,,-1.7,32034.0,17632,,,14402.0,,,14402.0,,-158423.0,4854.0,-153569.0,-153569.0,-153569.0,-2563,-156132.0,-153569,,,,,,,,,,,,,,,,,
2026,2,sii,2026-08-20,7818,溢泰實業,,,,1380443.0,,107762,,,,,,,,,,,470354,,0,1.65,5788627.0,4171448,,,1617179.0,,,1617179.0,,236736.0,126152.0,362888.0,255126.0,255126.0,215228,470354.0,255126,,0,,,,,,,,,,,,,,,
2026,2,sii,2026-08-20,7821,神數,,,,855107.0,,33062,,,,,,,,,,,157952,0,,1.32,4795023.0,3775782,,,1019241.0,,,1019241.0,,164134.0,19325.0,183459.0,150397.0,150397.0,7555,157952.0,150397,0,,,,,,,,,,,,,,,,
2026,2,sii,2026-08-20,7822,倍利科,,,,310234.0,,116064,,,,,,,,,,,442360,,-1203,10.12,1419287.0,575975,,,843312.0,,,843312.0,,533078.0,24143.0,557221.0,441157.0,441157.0,,441157.0,442360,,-1203,,,,,,,,,,,,,,,
2026,2,sii,2026-08-20,7835,永悅健康-創,,,,173224.0,,2030,,0,,,,,,,,,-106542,,317,-2.42,207475.0,145051,,,62424.0,,,62424.0,,-110800.0,7001.0,-103799.0,-105829.0,-105829.0,-396,-106225.0,-106185,,356,,,,,,,,,,,,,,,
2026,2,sii,2026-08-20,7855,和運租車,,,,1395383.0,,173940,,,,,,,,,,,657712,,1800,2.59,15215795.0,13385668,,,1830127.0,,,1830127.0,,434744.0,239523.0,674267.0,500327.0,500327.0,159185,659512.0,498527,,1800,,,,,,,,,,,,,,,
2026,2,sii,2026-08-20,8011,台通,,,,111567.0,,3734,,,,,,,,,,,33550,,11124,0.19,834838.0,664661,,,170177.0,,,170177.0,,58610.0,-11691.0,46919.0,43185.0,43185.0,1489,44674.0,32159,,11026,,,,,,,,,,,,,,,
2026,2,sii,2026-08-20,8016,矽創,,,,2206333.0,,277026,,,,,,,,,,,2399481,,371335,12.28,11580606.0,7732917,,,3847689.0,,,3847689.0,667,1642023.0,369928.0,2011951.0,1734925.0,1734925.0,1035891,2770816.0,1445230,,289695,,,,,,,,,,,,,,,
2026,2,sii,2026-08-20,8021,尖點,,,,478586.0,,236034,,,,,,,,,,,783898,,95734,3.25,3165595.0,1912667,,,1252928.0,,,1252928.0,7881,782223.0,5909.0,788132.0,552098.0,552098.0,327534,879632.0,470734,,81364,,,,,,,,,,,,,,,
2026,2,sii,2026-08-20,8028,昇陽半導體,,,,327864.0,,96298,,,,,,,,,,,,,,3.32,2730311.0,1699959,,,1030352.0,,,1030352.0,,702488.0,-11469.0,691019.0,594721.0,594721.0,,594721.0,,,,,,,,,,,,,,,,,,
2026,2,sii,2026-08-20,8033,雷虎,,,,310316.0,,-370,,,,,,,,,,,70600,,428,0.62,838890.0,530752,,,308138.0,,,308138.0,,-2178.0,98247.0,96069.0,96439.0,96439.0,-25411,71028.0,95982,,457,,,,,,,,,,,,,,,
2026,2,sii,2026-08-20,8039,台虹,,,,836427.0,,114004,,,,,,,,,,,794347,,3508,1.56,5111593.0,3955859,,,1155734.0,,,1155734.0,,319307.0,211139.0,530446.0,416442.0,416442.0,381413,797855.0,411845,,4597,,,,,,,,,,,,,,,
2026,2,sii,2026-08-20,8045,達運光電,,,,216218.0,,9731,,,,,,,,,,,26336,,-319,0.25,917730.0,670282,,,247448.0,,,247448.0,,31230.0,1907.0,33137.0,23406.0,23406.0,2611,26017.0,23715,,-309,,,,,,,,,,,,,,,
2026,2,sii,2026-08-20,8046,南電,,,,879450.0,,1003419,,,,,,,,,,,4430331,,,5.53,24752716.0,19621661,,,5131055.0,,,5131055.0,,4251605.0,322224.0,4573829.0,3570410.0,3570410.0,859921,4430331.0,3570410,,,,,,,,,,,,,,,,,
2026,2,sii,2026-08-20,8070,長華*,,,,789677.0,,326601,,,,,,,,,,,10115297,,1141975,1.3,11551609.0,9375090,,,2176519.0,,,2176519.0,,1386842.0,373572.0,1760414.0,1433813.0,1433813.0,9823459,11257272.0,912291,,521522,,,,,,,,,,,,,,,
2026,2,sii,2026-08-20,8072,陞泰,,,,77374.0,,18180,,,,,,,,,,,62484,,9659,0.69,742809.0,619400,,,123409.0,,,123409.0,,46035.0,36596.0,82631.0,64451.0,64451.0,7692,72143.0,55134,,9317,,,,,,,,,,,,,,,
2026,2,sii,2026-08-20,8081,致新,,,,918407.0,,114441,,,,,,,,,,,1365865,,388027,9.13,4348946.0,2608390,,,1740556.0,,,1740556.0,,822149.0,91627.0,913776.0,799335.0,799335.0,954557,1753892.0,781950,,17385,,,,,,,,,,,,,,,
2026,2,sii,2026-08-20,8101,華冠,,,,77467.0,,-1091,,,,,,,,,,,-70595,,-3738,-1.46,186766.0,175722,,,11044.0,,,11044.0,114,-66309.0,-11272.0,-77581.0,-76490.0,-76490.0,2157,-74333.0,-74313,,-2177,,,,,,,,,,,,,,,
2026,2,sii,2026-08-20,8103,瀚荃,,,,444074.0,,73660,,,,,,,,,,,379675,,-699,2.75,2007554.0,1255984,,,751570.0,,,751570.0,,307496.0,-20299.0,287197.0,213537.0,213537.0,165439,378976.0,214166,,-629,,,,,,,,,,,,,,,
2026,2,sii,2026-08-20,8104,錸寶,,,,239223.0,,4041,,,,,,,,,,,196878,,-9228,-0.21,1265867.0,1018569,,,247298.0,,,247298.0,,8075.0,-36966.0,-28891.0,-32932.0,-32932.0,220582,187650.0,-22310,,-10622,,,,,,,,,,,,,,,
2026,2,sii,2026-08-20,8110,華東,,,,267271.0,,87560,,,,,,,,,,,7501941,,-5947,2.59,3913114.0,3538596,,,374518.0,,,374518.0,,107247.0,1303301.0,1410548.0,1322988.0,1322988.0,6173006,7495994.0,1328935,,-5947,,,,,,,,,,,,,,,
2026,2,sii,2026-08-20,8112,至上,,,,1670748.0,,1640662,,,,,,,,,,,5180790,,155812,9.45,260775359.0,250856752,,,9918607.0,,,9918607.0,,8247859.0,-1470888.0,6776971.0,5136309.0,5136309.0,200293,5336602.0,4997831,,138478,,,,,,,,,,,,,,,
2026,2,sii,2026-08-20,8114,振樺電,,,,2114665.0,,375046,,,,,,,,,,,810345,,537887,7.09,8721791.0,5013979,,,3707812.0,0,,3707812.0,,1593147.0,60763.0,1653910.0,1278864.0,1278864.0,69368,1348232.0,762478,,516386,,,,,,,,,,,,,,,
2026,2,sii,2026-08-20,8131,福懋科,,,,236535.0,,201487,,,,,,,,,,,,,,1.93,6101868.0,4906159,,,1195709.0,,,1195709.0,,959174.0,97667.0,1056841.0,855354.0,855354.0,2737993,3593347.0,,,,,,,,,,,,,,,,,,
2026,2,sii,2026-08-20,8150,南茂,,,,938313.0,,228491,,,,,,,,,,,1702710,,,2.0,14318724.0,12037613,,,2281111.0,,,2281111.0,124901,1467699.0,157341.0,1625040.0,1396549.0,1396549.0,306161,1702710.0,1396549,,,,,,,,,,,,,,,,,
2026,2,sii,2026-08-20,8162,微矽電子-創,,,,82167.0,,1157,,,,,,,,,,,,,,0.66,616873.0,491893,,,124980.0,,,124980.0,,42813.0,3784.0,46597.0,45440.0,45440.0,16254,61694.0,,,,,,,,,,,,,,,,,,
2026,2,sii,2026-08-20,8163,達方,,,,2102376.0,,71865,,,,,,,,,,,835905,,-29842,0.51,13541859.0,11212238,,,2329621.0,,,2329621.0,,227245.0,-62269.0,164976.0,93111.0,93111.0,712952,806063.0,143128,,-50017,,,,,,,,,,,,,,,
2026,2,sii,2026-08-20,8201,無敵,,,,82618.0,,0,,,,,,,,,,,-14831,,,-0.1,235995.0,170055,,,65940.0,,,65940.0,,-16678.0,10322.0,-6356.0,-6356.0,-6356.0,-8475,-14831.0,-6356,,,,,,,,,,,,,,,,,
2026,2,sii,2026-08-20,8210,勤誠,,,,1201990.0,,926596,,,,,,,,,,,3052823,,50190,21.83,14928332.0,10041945,,,4886387.0,,,4886387.0,20832,3705229.0,-9699.0,3695530.0,2768934.0,2768934.0,334079,3103013.0,2718744,,50190,,,,,,,,,,,,,,,
2026,2,sii,2026-08-20,8213,志超,,,,757807.0,,117290,,,,,,,,,,,1099407,,22274,0.93,10149114.0,9031561,,,1117553.0,,,1117553.0,,359746.0,7464.0,367210.0,249920.0,249920.0,871761,1121681.0,253200,,-3280,,,,,,,,,,,,,,,
2026,2,sii,2026-08-20,8215,明基材,,,,1624254.0,,22904,,,,,,,,,,,-233765,,31554,-0.96,9491823.0,8211094,,,1280729.0,,,1280729.0,,-343525.0,87219.0,-256306.0,-279210.0,-279210.0,76999,-202211.0,-306651,,27441,,,,,,,,,,,,,,,
2026,2,sii,2026-08-20,8222,寶一,,,,55728.0,,14073,,,,,,,,,,,,,,0.82,482007.0,354766,,,127241.0,,,127241.0,,71513.0,-1295.0,70218.0,56145.0,56145.0,,56145.0,,,,,,,,,,,,,,,,,,
2026,2,sii,2026-08-20,8249,菱光,,,,179944.0,,43119,,,,,,,,,,,-397050,,774,0.6,1985684.0,1667877,,,317807.0,,,317807.0,,137863.0,-29293.0,108570.0,65451.0,65451.0,-461727,-396276.0,65526,,-75,,,,,,,,,,,,,,,
2026,2,sii,2026-08-20,8261,富鼎,,,,201513.0,,92545,,,,,,,,,,,368083,,498,3.07,1658276.0,1060577,,,597699.0,,,597699.0,,396186.0,62127.0,458313.0,365768.0,365768.0,2813,368581.0,365265,,503,,,,,,,,,,,,,,,
2026,2,sii,2026-08-20,8271,宇瞻,,,,2621911.0,,1136449,,,,,,,,,,,4596073,,77869,35.51,16718334.0,8289768,,,8428566.0,,,8428566.0,,5806655.0,-16529.0,5790126.0,4653677.0,4653677.0,20265,4673942.0,4575826,,77851,,,,,,,,,,,,,,,
2026,2,sii,2026-08-20,8341,日友,,,,383285.0,,211579,,,,,,,,,,,542380,,62708,2.97,2212153.0,1169405,,,1042748.0,,,1042748.0,,659463.0,1387.0,660850.0,449271.0,449271.0,155817,605088.0,386563,,62708,,,,,,,,,,,,,,,
2026,2,sii,2026-08-20,8367,建新國際,,,,182689.0,,37935,,,,,,,,,,,82157,,57052,0.98,1618422.0,1167677,,,450745.0,,,450745.0,,268056.0,-77896.0,190160.0,152225.0,152225.0,-13016,139209.0,90313,,61912,,,,,,,,,,,,,,,
2026,2,sii,2026-08-20,8374,羅昇,,,,482943.0,,55945,,,,,,,,,,,123978,,76248,0.89,3007497.0,2286038,,,721459.0,,,721459.0,,238516.0,-7869.0,230647.0,174702.0,174702.0,25524,200226.0,99805,,74897,,,,,,,,,,,,,,,
2026,2,sii,2026-08-20,8422,可寧衛*,,,,320954.0,,211852,,,,,,,,,,,738284,,-60379,0.55,3381687.0,2124991,,,1256696.0,,,1256696.0,,935742.0,-44370.0,891372.0,679520.0,679520.0,-1615,677905.0,739899,,-60379,,,,,,,,,,,,,,,
2026,2,sii,2026-08-20,8438,昶昕,,,,155195.0,,55543,,,,,,,,,,,172327,,,2.16,2491826.0,2135012,,,356814.0,,,356814.0,,201619.0,4998.0,206617.0,151074.0,151074.0,21253,172327.0,151074,,,,,,,,,,,,,,,,,
2026,2,sii,2026-08-20,8443,阿瘦,,,,364994.0,,0,,,,,,,,,,,-40597,,0,-0.61,520148.0,238109,,,282039.0,,,282039.0,,-82955.0,42358.0,-40597.0,-40597.0,-40597.0,,-40597.0,-40597,,0,,,,,,,,,,,,,,,
2026,2,sii,2026-08-20,8454,富邦媒,,,,3363970.0,,340297,,,,,,,,,,,1248486,,2205,4.81,53686216.0,48780074,,,4906142.0,,,4906142.0,38886,1581058.0,34798.0,1615856.0,1275559.0,1275559.0,-24868,1250691.0,1273354,,2205,,,,,,,,,,,,,,,
2026,2,sii,2026-08-20,8462,柏文,,,,574301.0,,114455,,,,,,,,,,,451879,,2929,5.68,3401716.0,2228947,,,1172769.0,,,1172769.0,,598468.0,-30410.0,568058.0,453603.0,453603.0,1205,454808.0,450674,,2929,,,,,,,,,,,,,,,
2026,2,sii,2026-08-20,8463,潤泰材,,,,205480.0,,42426,,,,,,,,,,,126728,,91647,1.04,3417484.0,2942517,,,474967.0,,,474967.0,,269487.0,26655.0,296142.0,253716.0,253716.0,-35341,218375.0,156211,,97505,,,,,,,,,,,,,,,
2026,2,sii,2026-08-20,8464,億豐,,,,4855814.0,,1299414,,,,,,,,,,,3499190,,171232,10.37,15232911.0,6163498,,,9069413.0,,,9069413.0,,4213599.0,302610.0,4516209.0,3216795.0,3216795.0,453627,3670422.0,3037997,,178798,,,,,,,,,,,,,,,
2026,2,sii,2026-08-20,8467,波力-KY,,,,209850.0,,30930,,,,,,,,,,,268047,,6715,2.53,1126286.0,724299,,,401987.0,,,401987.0,,192137.0,-39954.0,152183.0,121253.0,121253.0,153509,274762.0,122479,,-1226,,,,,,,,,,,,,,,
2026,2,sii,2026-08-20,8473,山林水,,,,150309.0,,107111,,,,,,,,,,,424056,,20574,2.43,2370577.0,1594145,,,776432.0,,,776432.0,,626123.0,-56054.0,570069.0,462958.0,462958.0,-18328,444630.0,440154,,22804,,,,,,,,,,,,,,,
2026,2,sii,2026-08-20,8476,台境*,,,,62227.0,,13189,,,,,,,,,,,23050,,1785,0.12,664075.0,562894,,,101181.0,,,101181.0,,38954.0,-4919.0,34035.0,20846.0,20846.0,3989,24835.0,19061,,1785,,,,,,,,,,,,,,,
2026,2,sii,2026-08-20,8478,東哥遊艇,,,,403846.0,,60524,,,,,,,,,,,709364,,,6.35,2578067.0,1549008,,,1029059.0,,,1029059.0,,625213.0,32368.0,657581.0,597057.0,597057.0,112307,709364.0,597057,,,,,,,,,,,,,,,,,
2026,2,sii,2026-08-20,8481,政伸,,,,158398.0,,18047,,,,,,,,,,,136101,,,1.58,585722.0,316210,,,269512.0,,,269512.0,,111114.0,12293.0,123407.0,105360.0,105360.0,30741,136101.0,105360,,,,,,,,,,,,,,,,,
2026,2,sii,2026-08-20,8487,愛爾達-創,,,,81127.0,,21515,,,,,,,,,,,,,,3.3,856244.0,668590,,,187654.0,,,187654.0,,106527.0,2469.0,108996.0,87481.0,87481.0,,87481.0,,,,,,,,,,,,,,,,,,
2026,2,sii,2026-08-20,8488,吉源-KY,,,,122435.0,,7321,,,,,,,,,,,108406,,,0.02,2101139.0,1983806,,,117333.0,,,117333.0,,-5102.0,13536.0,8434.0,1113.0,1113.0,107293,108406.0,1113,,,,,,,,,,,,,,,,,
2026,2,sii,2026-08-20,8926,台汽電,,,,554048.0,,538697,,,,,,,,,,,2470064,,712719,3.27,34488245.0,31428353,,,3059892.0,,314866,3374758.0,,2820710.0,894262.0,3714972.0,3176275.0,3176275.0,6508,3182783.0,2461987,,714288,,,,,,,,,,,,,,,
2026,2,sii,2026-08-20,8940,新天地,,,,362874.0,,17589,,,,,,,,,,,64113,,7432,0.95,925894.0,470778,,,455116.0,,,455116.0,,92242.0,-3108.0,89134.0,71545.0,71545.0,,71545.0,64113,,7432,,,,,,,,,,,,,,,
2026,2,sii,2026-08-20,8996,高力,,,,585434.0,,246399,,,,,,,,,,,1148761,,,8.69,5728203.0,4135555,,,1592648.0,,,1592648.0,,1007214.0,45689.0,1052903.0,806504.0,806504.0,342257,1148761.0,806504,,,,,,,,,,,,,,,,,
2026,2,sii,2026-08-20,9802,鈺齊-KY,,,,865509.0,,102525,,,,,,,,,,,465161,,-715,1.78,8933111.0,7617831,,,1315280.0,,,1315280.0,,449771.0,9423.0,459194.0,356669.0,356669.0,107777,464446.0,357397,,-728,,,,,,,,,,,,,,,
2026,2,sii,2026-08-20,9902,台火,,,,17285.0,,-74,,,,,,,,,,,99126,,208,1.01,42773.0,32107,,,10666.0,,,10666.0,,-6619.0,105879.0,99260.0,99334.0,99334.0,,99334.0,99126,,208,,,,,,,,,,,,,,,
2026,2,sii,2026-08-20,9904,寶成,,,,23754307.0,,955693,,,,,,,,,,,55719610,,3416031,2.37,126089569.0,99493251,,,26596318.0,,,26596318.0,,2842011.0,6564301.0,9406312.0,8450619.0,8450619.0,50685022,59135641.0,6982848,,1467771,,,,,,,,,,,,,,,
2026,2,sii,2026-08-20,9905,大華,,,,255251.0,,100078,,,,,,,,,,,738923,,12389,0.89,5059458.0,4485220,,,574238.0,,,574238.0,,318987.0,53673.0,372660.0,272582.0,272582.0,478730,751312.0,270990,,1592,,,,,,,,,,,,,,,
2026,2,sii,2026-08-20,9906,欣巴巴,,,,176193.0,,59321,,,,,,,,,,,171720,,,1.9,1136617.0,707662,,,428955.0,,,428955.0,,252762.0,-21721.0,231041.0,171720.0,171720.0,,171720.0,171720,,,,,,,,,,,,,,,,,
2026,2,sii,2026-08-20,9907,統一實,,,,1367688.0,,414553,,,,,,,,,,,1342854,,-1361,0.35,21174637.0,18893402,,,2281235.0,,,2281235.0,,913547.0,13551.0,927098.0,512545.0,512545.0,828948,1341493.0,550294,,-37749,,,,,,,,,,,,,,,
2026,2,sii,2026-08-20,9908,大台北,,,,132397.0,,78693,,,,,,,,,,,1364722,,101872,1.1,1790415.0,1375548,,,414867.0,,,414867.0,-833,281637.0,383065.0,664702.0,586009.0,586009.0,880585,1466594.0,551768,,34241,,,,,,,,,,,,,,,
2026,2,sii,2026-08-20,9910,豐泰,,,,5329342.0,,667615,,,,,,,,,,,1896750,,49508,1.71,39614623.0,32309748,,,7304875.0,,,7304875.0,,1975533.0,393013.0,2368546.0,1700931.0,1700931.0,245327,1946258.0,1687937,,12994,,,,,,,,,,,,,,,
2026,2,sii,2026-08-20,9911,櫻花,,,,1087552.0,,177626,,,,,,,,,,,696613,,-4041,3.26,5496579.0,3548930,,,1947649.0,,,1947649.0,,860097.0,26169.0,886266.0,708640.0,708640.0,-16068,692572.0,712681,,-4041,,,,,,,,,,,,,,,
2026,2,sii,2026-08-20,9912,偉聯,,,,129099.0,,1069,,,,,,,,,,,-26194,,-4706,-0.43,235956.0,131593,,,104363.0,,,104363.0,,-24736.0,-2043.0,-26779.0,-27848.0,-27848.0,-3052,-30900.0,-23142,,-4706,,,,,,,,,,,,,,,
2026,2,sii,2026-08-20,9914,美利達,,,,1149145.0,,210801,,,,,,,,,,,819718,,26982,2.15,12261752.0,10130571,,,2131181.0,,60788,2191969.0,,1042824.0,-166698.0,876126.0,665325.0,665325.0,181375,846700.0,643834,,21491,,,,,,,,,,,,,,,
2026,2,sii,2026-08-20,9917,中保科,,,,1522571.0,,320124,,,,,,,,,,,1461408,,31769,3.35,9540819.0,6351946,,,3188873.0,,,3188873.0,,1666302.0,174834.0,1841136.0,1521012.0,1521012.0,-27835,1493177.0,1485442,,35570,,,,,,,,,,,,,,,
2026,2,sii,2026-08-20,9918,欣天然,,,,155499.0,,43859,,,,,,,,,,,334953,,,1.88,1169443.0,795717,,,373726.0,,,373726.0,,218227.0,160585.0,378812.0,334953.0,334953.0,,334953.0,334953,,,,,,,,,,,,,,,,,
2026,2,sii,2026-08-20,9919,康那香,,,,346320.0,,310,,,,,,,,,,,-242209,,,-1.32,1316764.0,1227347,,,89417.0,,,89417.0,,-256903.0,-1198.0,-258101.0,-258411.0,-258411.0,16202,-242209.0,-258411,,,,,,,,,,,,,,,,,
2026,2,sii,2026-08-20,9921,巨大,,,,5689588.0,,255190,,,,,,,,,,,982668,,248200,1.11,29188289.0,22689745,,,6498544.0,,,6498544.0,,808956.0,16324.0,825280.0,570090.0,570090.0,660778,1230868.0,435055,,135035,,,,,,,,,,,,,,,
2026,2,sii,2026-08-20,9924,福興,,,,470463.0,,44990,,,,,,,,,,,210219,,4086,1.11,3342966.0,2693370,,,649596.0,,,649596.0,,179133.0,37770.0,216903.0,171913.0,171913.0,42392,214305.0,167827,,4086,,,,,,,,,,,,,,,
2026,2,sii,2026-08-20,9925,新保,,,,912000.0,,125935,,,,,,,,,,,2240588,,157072,1.93,4182224.0,2859808,,,1322416.0,,,1322416.0,,410416.0,503053.0,913469.0,787534.0,787534.0,1610126,2397660.0,744064,,43470,,,,,,,,,,,,,,,
2026,2,sii,2026-08-20,9926,新海,,,,116247.0,,57205,,,,,,,,,,,581419,,,1.61,1320847.0,966852,,,353995.0,,,353995.0,2003,239751.0,105881.0,345632.0,288427.0,288427.0,292992,581419.0,288427,,,,,,,,,,,,,,,,,
2026,2,sii,2026-08-20,9927,泰銘,,,,113573.0,,65757,,,,,,,,,,,284603,,944,2.27,4748442.0,4330838,,,417604.0,,,417604.0,,304031.0,34788.0,338819.0,273062.0,273062.0,12485,285547.0,271926,,1136,,,,,,,,,,,,,,,
2026,2,sii,2026-08-20,9928,中視,,,,84197.0,,0,,,,,,,,,,,-63435,,0,-0.84,429253.0,426355,,,2898.0,,,2898.0,,-81299.0,21956.0,-59343.0,-59343.0,-59343.0,-4092,-63435.0,-59343,,0,,,,,,,,,,,,,,,
2026,2,sii,2026-08-20,9929,秋雨,,,,42761.0,,,,,,,,,,,,,72790,,3034,0.4,336728.0,258406,,,78322.0,,,78322.0,,35561.0,8003.0,43564.0,43564.0,43564.0,32260,75824.0,40530,,3034,,,,,,,,,,,,,,,
2026,2,sii,2026-08-20,9930,中聯資源,,,,296603.0,,132456,,,,,,,,,,,585014,,14415,2.16,6669038.0,5719832,,,949206.0,,,949206.0,,652603.0,27500.0,680103.0,547647.0,547647.0,51782,599429.0,536705,,10942,,,,,,,,,,,,,,,
2026,2,sii,2026-08-20,9931,欣高,,,,52918.0,,40016,,,,,,,,,,,794485,,26667,1.48,856889.0,702703,,,154186.0,,,154186.0,,101268.0,122021.0,223289.0,183273.0,183273.0,637879,821152.0,177602,,5671,,,,,,,,,,,,,,,
2026,2,sii,2026-08-20,9933,中鼎,,,,1087712.0,,1280957,,,,,,,,,,,2613658,,514254,2.71,37719993.0,32670985,,,5049008.0,,,5049008.0,,3961296.0,288504.0,4249800.0,2968843.0,2968843.0,159069,3127912.0,2458302,,510541,,,,,,,,,,,,,,,
2026,2,sii,2026-08-20,9934,成霖,,,,2972241.0,,143737,,,,,,,,,,,454667,,0,0.74,9508532.0,6053498,,,3455034.0,,,3455034.0,,482793.0,-34275.0,448518.0,304781.0,304781.0,149886,454667.0,304781,,0,,,,,,,,,,,,,,,
2026,2,sii,2026-08-20,9935,慶豐富,,,,422194.0,,75016,,,,,,,,,,,253488,,,1.12,2557547.0,1838148,,,719399.0,,,719399.0,,297205.0,-25045.0,272160.0,197144.0,197144.0,56344,253488.0,197144,,,,,,,,,,,,,,,,,
2026,2,sii,2026-08-20,9937,全國,,,,990551.0,,101453,,,,,,,,,,,396309,,0,1.3,11739956.0,10327663,,,1412293.0,,,1412293.0,,421742.0,80862.0,502604.0,401151.0,401151.0,-4842,396309.0,401151,,0,,,,,,,,,,,,,,,
2026,2,sii,2026-08-20,9938,百和,,,,1512103.0,,238591,,,,,,,,,,,611556,,149664,1.36,7842291.0,5428432,,,2413859.0,,,2413859.0,,901756.0,-240962.0,660794.0,422203.0,422203.0,339017,761220.0,405679,,16524,,,,,,,,,,,,,,,
2026,2,sii,2026-08-20,9939,宏全,,,,1385414.0,,454223,,,,,,,,,,,1543852,,-86348,6.55,15483887.0,11587904,,,3895983.0,,,3895983.0,,2510569.0,-77944.0,2432625.0,1978402.0,1978402.0,-520898,1457504.0,1937260,,41142,,,,,,,,,,,,,,,
2026,2,sii,2026-08-20,9940,信義,,,,944587.0,,176968,,,,,,,,,,,803600,,6654,0.66,5935881.0,4404228,,,1531653.0,,,1531653.0,,587066.0,85266.0,672332.0,495364.0,495364.0,314890,810254.0,488710,,6654,,,,,,,,,,,,,,,
2026,2,sii,2026-08-20,9941,裕融,,,,5532718.0,,620469,,,,,,,,,,,2670611,,-37077,3.86,19551237.0,11129969,,,8421268.0,,,8421268.0,,2888550.0,35621.0,2924171.0,2303702.0,2303702.0,329832,2633534.0,2340779,,-37077,,,,,,,,,,,,,,,
2026,2,sii,2026-08-20,9942,茂順,,,,346243.0,,200855,,,,,,,,,,,471463,,-228,4.76,2289301.0,1373745,,,915556.0,,-3446,912110.0,,565867.0,30720.0,596587.0,395732.0,395732.0,75503,471235.0,395826,,-94,,,,,,,,,,,,,,,
2026,2,sii,2026-08-20,9943,好樂迪,,,,423689.0,,40373,,,,,,,,,,,219344,,1683,2.59,1173501.0,576249,,,597252.0,,,597252.0,,173563.0,87837.0,261400.0,221027.0,221027.0,,221027.0,219344,,1683,,,,,,,,,,,,,,,
2026,2,sii,2026-08-20,9944,新麗,,,,305331.0,,75450,,,,,,,,,,,142758,,8507,1.05,1391971.0,928052,,,463919.0,,,463919.0,,158588.0,40822.0,199410.0,123960.0,123960.0,27305,151265.0,111339,,12621,,,,,,,,,,,,,,,
2026,2,sii,2026-08-20,9945,潤泰新,,,,1368065.0,,781649,,,,,,,,,,,70382136,,1012821,3.7,22517460.0,16622733,,,5894727.0,,,5894727.0,,4526662.0,7489369.0,12016031.0,11234382.0,11234382.0,60160575,71394957.0,10082086,,1152296,,,,,,,,,,,,,,,
2026,2,sii,2026-08-20,9946,三發地產,,,,217947.0,,245108,,,,,,,,,,,916849,,,2.84,2645210.0,1229683,,,1415527.0,,,1415527.0,,1197580.0,-34183.0,1163397.0,918289.0,918289.0,-1440,916849.0,918289,,,,,,,,,,,,,,,,,
2026,2,sii,2026-08-20,9955,佳龍,,,,65500.0,,0,,,,,,,,,,,104209,,0,0.97,847802.0,781878,,,65924.0,,,65924.0,,424.0,100516.0,100940.0,100940.0,100940.0,3269,104209.0,100940,,0,,,,,,,,,,,,,,,
2026,2,sii,2026-08-20,9958,世紀鋼,,,,430444.0,,511516,,,,,,,,,,,961403,,690768,4.08,10181024.0,7543324,,,2637700.0,,,2637700.0,,2207256.0,833.0,2208089.0,1696573.0,1696573.0,-44402,1652171.0,1007217,,689356,,,,,,,,,,,,,,,
