Year,Quarter,MType,資料日期,公司代號,公司名稱,流動資產,非流動資產,資產總計,流動負債,非流動負債,負債總計,股本,權益－具證券性質之虛擬通貨,資本公積,保留盈餘（或累積虧損）,其他權益,庫藏股票,歸屬於母公司業主權益合計,共同控制下前手權益,合併前非屬共同控制股權,非控制權益,權益總計,待註銷股本股數（單位：股）,預收股款（權益項下）之約當發行股數（單位：股）,母公司暨子公司持有之母公司庫藏股股數（單位：股）,每股參考淨值,權益─具證券性質之虛擬通貨,保留盈餘,歸屬於母公司業主之權益合計,母公司暨子公司所持有之母公司庫藏股股數（單位：股）,現金及約當現金,存放央行及拆借銀行同業,透過損益按公允價值衡量之金融資產,透過其他綜合損益按公允價值衡量之金融資產,按攤銷後成本衡量之債務工具投資,避險之衍生金融資產淨額,附賣回票券及債券投資淨額,應收款項－淨額,當期所得稅資產,待出售資產－淨額,待分配予業主之資產－淨額,貼現及放款－淨額,採用權益法之投資－淨額,受限制資產－淨額,其他金融資產－淨額,保險合約資產,再保險合約資產,不動產及設備－淨額,使用權資產－淨額,投資性不動產投資－淨額,無形資產－淨額,遞延所得稅資產,其他資產－淨額,資產總額,央行及銀行同業存款,央行及同業融資,透過損益按公允價值衡量之金融負債,避險之衍生金融負債－淨額,附買回票券及債券負債,應付款項,當期所得稅負債,與待出售資產直接相關之負債,存款及匯款,應付金融債券,應付公司債,特別股負債,其他金融負債,負債準備,保險合約負債,再保險合約負債,租賃負債,遞延所得稅負債,其他負債,負債總額,權益總額,應收款項,本期所得稅資產,待出售資產,待分配予業主之資產（或處分群組）,按攤銷後成本衡量之金融資產,避險之金融資產,投資性不動產,放款,不動產及設備,使用權資產,無形資產,其他資產,分離帳戶保險商品資產,短期債務,本期所得稅負債,避險之衍生金融負債,應付債券
2026,2,otc,2026-08-20,1240,茂生農經,1285947,1029176,2315123,702217,51327,753544,464440,,144279,,95998,,,,,61576,1561579,,0,,33.91,,795286.0,1500003,0.0,,,,,,,,,,,,,,,,,,,,,,,,,,,,,,,,,,,,,,,,,,,,,,,,,,,,,,,,,,,,,,
2026,2,otc,2026-08-20,1259,安心,1743835,5435597,7179432,2086650,2279302,4365952,323895,,809816,,606599,,,,,8683,2813480,0,0,,86.6,,1064487.0,2804797,0.0,,,,,,,,,,,,,,,,,,,,,,,,,,,,,,,,,,,,,,,,,,,,,,,,,,,,,,,,,,,,,,
2026,2,otc,2026-08-20,1264,德麥,3396657,2789114,6185771,1690983,94156,1785139,370524,,673219,,37649,0,,,,849163,4400632,,0,,95.85,,2470077.0,3551469,0.0,,,,,,,,,,,,,,,,,,,,,,,,,,,,,,,,,,,,,,,,,,,,,,,,,,,,,,,,,,,,,,
2026,2,otc,2026-08-20,1268,漢來美食,2360830,5143168,7503998,2448996,2653768,5102764,422237,,1123334,,18341,,,,,,2401234,,0,,56.87,,837322.0,2401234,0.0,,,,,,,,,,,,,,,,,,,,,,,,,,,,,,,,,,,,,,,,,,,,,,,,,,,,,,,,,,,,,,
2026,2,otc,2026-08-20,1294,漢田生技,632919,594131,1227050,316249,88513,404762,366259,,313785,,,-28362,,,,3080,822288,,0,,27.06,,167526.0,819208,300000.0,,,,,,,,,,,,,,,,,,,,,,,,,,,,,,,,,,,,,,,,,,,,,,,,,,,,,,,,,,,,,,
2026,2,otc,2026-08-20,1295,生合,911192,2314828,3226020,836734,1078610,1915344,344748,,402588,,19027,,,,,,1310676,0,0,,38.02,,544313.0,1310676,0.0,,,,,,,,,,,,,,,,,,,,,,,,,,,,,,,,,,,,,,,,,,,,,,,,,,,,,,,,,,,,,,
2026,2,otc,2026-08-20,1336,台翰,1421203,1973502,3394705,1174952,320560,1495512,776144,,676871,,-122798,,,,,,1899193,0,0,,24.47,,568976.0,1899193,0.0,,,,,,,,,,,,,,,,,,,,,,,,,,,,,,,,,,,,,,,,,,,,,,,,,,,,,,,,,,,,,,
2026,2,otc,2026-08-20,1565,精華,4110234,3617036,7727270,1183403,133369,1316772,504165,,526000,,2200,,,,,,6410498,0,0,,127.15,,5378133.0,6410498,0.0,,,,,,,,,,,,,,,,,,,,,,,,,,,,,,,,,,,,,,,,,,,,,,,,,,,,,,,,,,,,,,
2026,2,otc,2026-08-20,1569,濱川,4010131,2982886,6993017,3098257,748626,3846883,1442474,,1809696,,-18439,,,,,175313,3146134,,0,,20.6,,-262910.0,2970821,0.0,,,,,,,,,,,,,,,,,,,,,,,,,,,,,,,,,,,,,,,,,,,,,,,,,,,,,,,,,,,,,,
2026,2,otc,2026-08-20,1570,力肯,878316,316555,1194871,148929,8833,157762,515008,,,,94983,,,,,,1037109,0,0,,20.14,,427118.0,1037109,0.0,,,,,,,,,,,,,,,,,,,,,,,,,,,,,,,,,,,,,,,,,,,,,,,,,,,,,,,,,,,,,,
2026,2,otc,2026-08-20,1580,新麥,2946410,1816461,4762871,1236101,239264,1475365,493392,,212373,,14570,0,,,,172928,3287506,,0,,63.13,,2394243.0,3114578,0.0,,,,,,,,,,,,,,,,,,,,,,,,,,,,,,,,,,,,,,,,,,,,,,,,,,,,,,,,,,,,,,
2026,2,otc,2026-08-20,1584,精剛,2992632,4686582,7679214,547276,2402110,2949386,2324705,,2044435,,-54777,-177757,,,,72991,4729828,0,0,,20.7,,520231.0,4656837,7518000.0,,,,,,,,,,,,,,,,,,,,,,,,,,,,,,,,,,,,,,,,,,,,,,,,,,,,,,,,,,,,,,
2026,2,otc,2026-08-20,1586,和勤,1919000,1787309,3706309,1231062,466660,1697722,1068495,,832685,,-11669,-220324,,,,,2008587,0,0,,19.83,,339400.0,2008587,5554000.0,,,,,,,,,,,,,,,,,,,,,,,,,,,,,,,,,,,,,,,,,,,,,,,,,,,,,,,,,,,,,,
2026,2,otc,2026-08-20,1593,祺驊,1183649,701906,1885555,382092,34654,416746,397848,,586226,,-54592,,,,,102564,1468809,,0,,34.34,,436763.0,1366245,0.0,,,,,,,,,,,,,,,,,,,,,,,,,,,,,,,,,,,,,,,,,,,,,,,,,,,,,,,,,,,,,,
2026,2,otc,2026-08-20,1595,川寶,2448582,1548791,3997373,931135,372934,1304069,555549,,815895,,592,-7623,,,,279,2693304,,0,,48.68,,1328612.0,2693025,233000.0,,,,,,,,,,,,,,,,,,,,,,,,,,,,,,,,,,,,,,,,,,,,,,,,,,,,,,,,,,,,,,
2026,2,otc,2026-08-20,1599,宏佳騰,1218226,1442000,2660226,536033,243035,779068,730287,,403213,,-49780,-32370,,,,32853,1881158,0,0,,25.66,,796955.0,1848305,1000000.0,,,,,,,,,,,,,,,,,,,,,,,,,,,,,,,,,,,,,,,,,,,,,,,,,,,,,,,,,,,,,,
2026,2,otc,2026-08-20,1742,台蠟,347598,1099314,1446912,118710,55891,174601,926713,,162473,,17404,0,,,,,1272311,0,0,,13.73,,165721.0,1272311,0.0,,,,,,,,,,,,,,,,,,,,,,,,,,,,,,,,,,,,,,,,,,,,,,,,,,,,,,,,,,,,,,
2026,2,otc,2026-08-20,1777,生泰,1791495,1373257,3164752,522801,65004,587805,445917,,983776,,0,,,,,,2576947,0,0,,57.79,,1147254.0,,0.0,,,,,,,,,,,,,,,,,,,,,,,,,,,,,,,,,,,,,,,,,,,,,,,,,,,,,,,,,,,,,,
2026,2,otc,2026-08-20,1780,立弘,1897889,659350,2557239,1001099,40286,1041385,1090752,,204438,,9647,,,,,,1515854,0,0,,13.9,,211017.0,1515854,0.0,,,,,,,,,,,,,,,,,,,,,,,,,,,,,,,,,,,,,,,,,,,,,,,,,,,,,,,,,,,,,,
2026,2,otc,2026-08-20,1781,合世,421300,234473,655773,155396,197145,352541,474076,,35107,,-51450,,,,,,303232,0,0,,6.4,,-154501.0,303232,0.0,,,,,,,,,,,,,,,,,,,,,,,,,,,,,,,,,,,,,,,,,,,,,,,,,,,,,,,,,,,,,,
2026,2,otc,2026-08-20,1784,訊聯,1921160,1159182,3080342,450131,429193,879324,531212,,769056,,-8584,-153477,,,,973496,2201018,0,0,,24.63,,89315.0,1227522,3291000.0,,,,,,,,,,,,,,,,,,,,,,,,,,,,,,,,,,,,,,,,,,,,,,,,,,,,,,,,,,,,,,
2026,2,otc,2026-08-20,1785,光洋科,31051034,8748272,39799306,17951058,4924702,22875760,5959802,,4277296,,11577,,,,,707668,16923546,,0,,27.21,,5967203.0,16215878,0.0,,,,,,,,,,,,,,,,,,,,,,,,,,,,,,,,,,,,,,,,,,,,,,,,,,,,,,,,,,,,,,
2026,2,otc,2026-08-20,1788,杏昌,2729499,2564953,5294452,1754321,587787,2342108,445210,,1601988,,-38851,,,,,,2952344,0,0,,66.31,,943997.0,2952344,0.0,,,,,,,,,,,,,,,,,,,,,,,,,,,,,,,,,,,,,,,,,,,,,,,,,,,,,,,,,,,,,,
2026,2,otc,2026-08-20,1796,金穎生技,586870,679347,1266217,188046,294261,482307,414598,,294336,,-1420,,,,,,783910,0,0,,18.91,,76396.0,783910,0.0,,,,,,,,,,,,,,,,,,,,,,,,,,,,,,,,,,,,,,,,,,,,,,,,,,,,,,,,,,,,,,
2026,2,otc,2026-08-20,1799,易威,706361,585560,1291921,263831,304622,568453,1246895,,43902,,26410,,,,,14186,723468,0,0,,5.69,,-607925.0,709282,0.0,,,,,,,,,,,,,,,,,,,,,,,,,,,,,,,,,,,,,,,,,,,,,,,,,,,,,,,,,,,,,,
2026,2,otc,2026-08-20,1813,寶利徠,364773,603477,968250,294417,10023,304440,466355,,220149,,-17983,,,,,-29525,663810,,0,,14.87,,24814.0,693335,0.0,,,,,,,,,,,,,,,,,,,,,,,,,,,,,,,,,,,,,,,,,,,,,,,,,,,,,,,,,,,,,,
2026,2,otc,2026-08-20,1815,富喬,8220538,13243036,21463574,3000416,4763924,7764340,6147035,,5813012,,-266991,-14441,,,,,13699234,,0,,23.42,,2020619.0,13699234,600000.0,,,,,,,,,,,,,,,,,,,,,,,,,,,,,,,,,,,,,,,,,,,,,,,,,,,,,,,,,,,,,,
2026,2,otc,2026-08-20,2035,唐榮公司,4569979,14071766,18641745,3866615,12310938,16177553,3500000,,46,,100674,,,,,,2464192,,0,,7.04,,-1136528.0,,0.0,,,,,,,,,,,,,,,,,,,,,,,,,,,,,,,,,,,,,,,,,,,,,,,,,,,,,,,,,,,,,,
2026,2,otc,2026-08-20,2061,風青,1065698,245004,1310702,601767,30345,632112,573781,,33734,,10010,,,,,,678590,0,0,,11.83,,61065.0,678590,0.0,,,,,,,,,,,,,,,,,,,,,,,,,,,,,,,,,,,,,,,,,,,,,,,,,,,,,,,,,,,,,,
2026,2,otc,2026-08-20,2063,世鎧精密,1099120,952900,2052020,851519,238810,1090329,481015,,241906,,-146786,-60,,,,,961691,,0,,19.99,,385616.0,961691,2000.0,,,,,,,,,,,,,,,,,,,,,,,,,,,,,,,,,,,,,,,,,,,,,,,,,,,,,,,,,,,,,,
2026,2,otc,2026-08-20,2064,晉椿,1073836,1342568,2416404,1392308,95201,1487509,693300,,101567,,-17726,,,,,742,928895,,0,,13.39,,151012.0,928153,0.0,,,,,,,,,,,,,,,,,,,,,,,,,,,,,,,,,,,,,,,,,,,,,,,,,,,,,,,,,,,,,,
2026,2,otc,2026-08-20,2065,世豐,1426844,2116622,3543466,1100831,633528,1734359,635167,,778544,,-191458,,,,,,1809107,,0,,28.48,,586854.0,1809107,0.0,,,,,,,,,,,,,,,,,,,,,,,,,,,,,,,,,,,,,,,,,,,,,,,,,,,,,,,,,,,,,,
2026,2,otc,2026-08-20,2066,世德,2599900,1162055,3761955,1322288,282284,1604572,444495,,515893,,-19971,-16753,,,,,2157383,0,0,,48.82,,1233719.0,2157383,260000.0,,,,,,,,,,,,,,,,,,,,,,,,,,,,,,,,,,,,,,,,,,,,,,,,,,,,,,,,,,,,,,
2026,2,otc,2026-08-20,2067,嘉鋼,850782,1079497,1930279,1398940,307076,1706016,451382,,,,152001,,,,,31975,224263,,0,,4.26,,-411095.0,192288,0.0,,,,,,,,,,,,,,,,,,,,,,,,,,,,,,,,,,,,,,,,,,,,,,,,,,,,,,,,,,,,,,
2026,2,otc,2026-08-20,2070,精湛,1042947,689349,1732296,455553,94388,549941,417828,,158740,,-41831,,,,,,1182355,0,0,,28.3,,647618.0,1182355,0.0,,,,,,,,,,,,,,,,,,,,,,,,,,,,,,,,,,,,,,,,,,,,,,,,,,,,,,,,,,,,,,
2026,2,otc,2026-08-20,2073,雄順,299158,518333,817491,315904,107766,423670,275000,,54953,,-2842,,,,,,393821,,0,,14.32,,66710.0,,0.0,,,,,,,,,,,,,,,,,,,,,,,,,,,,,,,,,,,,,,,,,,,,,,,,,,,,,,,,,,,,,,
2026,2,otc,2026-08-20,2221,大甲,1354227,498510,1852737,519520,152384,671904,423250,,59634,,-69,0,,0,,96276,1180833,0,0,,25.62,0,601742.0,1084557,0.0,,,,,,,,,,,,,,,,,,,,,,,,,,,,,,,,,,,,,,,,,,,,,,,,,,,,,,,,,,,,,,
2026,2,otc,2026-08-20,2230,泰茂,1288292,652432,1940724,667210,195100,862310,680296,,224896,,34975,-30501,,,,18250,1078414,0,0,,15.82,,150498.0,1060164,1000000.0,,,,,,,,,,,,,,,,,,,,,,,,,,,,,,,,,,,,,,,,,,,,,,,,,,,,,,,,,,,,,,
2026,2,otc,2026-08-20,2235,謚源,496258,941932,1438190,203605,38490,242095,358780,,497802,,0,,,,,,1196095,,0,,33.34,,339513.0,,0.0,,,,,,,,,,,,,,,,,,,,,,,,,,,,,,,,,,,,,,,,,,,,,,,,,,,,,,,,,,,,,,
2026,2,otc,2026-08-20,2596,綠意,5630259,558787,6189046,3276184,400000,3676184,1000000,,189208,,0,,,,,355917,2512862,,0,,21.57,,967737.0,2156945,0.0,,,,,,,,,,,,,,,,,,,,,,,,,,,,,,,,,,,,,,,,,,,,,,,,,,,,,,,,,,,,,,
2026,2,otc,2026-08-20,2640,大車隊,1904616,2187284,4091900,1678997,327018,2006015,592650,,497933,,-2502,,,,,83194,2085885,0,0,,33.79,,914610.0,2002691,0.0,,,,,,,,,,,,,,,,,,,,,,,,,,,,,,,,,,,,,,,,,,,,,,,,,,,,,,,,,,,,,,
2026,2,otc,2026-08-20,2641,正德,2578547,12241503,14820050,805365,4759870,5565235,3303337,,1806846,,339442,,,,,836375,9254815,0,0,,25.48,,2968815.0,8418440,0.0,,,,,,,,,,,,,,,,,,,,,,,,,,,,,,,,,,,,,,,,,,,,,,,,,,,,,,,,,,,,,,
2026,2,otc,2026-08-20,2643,捷迅,2697625,486443,3184068,1116301,111864,1228165,350000,,421105,,69166,,,,,,1955903,,0,,55.88,,1115632.0,1955903,0.0,,,,,,,,,,,,,,,,,,,,,,,,,,,,,,,,,,,,,,,,,,,,,,,,,,,,,,,,,,,,,,
2026,2,otc,2026-08-20,2718,全心投控,4380620,3053667,7434287,816360,516208,1332568,875760,,741359,,-11457,-85910,,,,,6101719,,0,,71.11,,4581967.0,6101719,1766000.0,,,,,,,,,,,,,,,,,,,,,,,,,,,,,,,,,,,,,,,,,,,,,,,,,,,,,,,,,,,,,,
2026,2,otc,2026-08-20,2719,燦星旅,726920,299621,1026541,269171,11847,281018,691825,,15125,,,,,,,,745523,0,0,,10.78,,38573.0,745523,0.0,,,,,,,,,,,,,,,,,,,,,,,,,,,,,,,,,,,,,,,,,,,,,,,,,,,,,,,,,,,,,,
2026,2,otc,2026-08-20,2729,瓦城,1243111,5151566,6394677,2691211,1431772,4122983,430408,,1368275,,-14710,-140357,,,,22237,2271694,0,0,,53.2,,605841.0,2249457,754000.0,,,,,,,,,,,,,,,,,,,,,,,,,,,,,,,,,,,,,,,,,,,,,,,,,,,,,,,,,,,,,,
2026,2,otc,2026-08-20,2732,六角,2129804,3681152,5810956,2086732,1514324,3601056,465186,,1134664,,-20591,-177744,,,,427888,2209900,,0,,39.87,,380497.0,1782012,1823000.0,,,,,,,,,,,,,,,,,,,,,,,,,,,,,,,,,,,,,,,,,,,,,,,,,,,,,,,,,,,,,,
2026,2,otc,2026-08-20,2734,易飛網,706291,411527,1117818,411848,51195,463043,572598,,282223,,-4647,,,,,711,654775,,0,,11.42,,-196110.0,654064,0.0,,,,,,,,,,,,,,,,,,,,,,,,,,,,,,,,,,,,,,,,,,,,,,,,,,,,,,,,,,,,,,
2026,2,otc,2026-08-20,2736,富野,325363,1971923,2297286,305371,578607,883978,799721,,663059,,-56395,,,,,43254,1413308,0,0,,17.13,,-36331.0,1370054,0.0,,,,,,,,,,,,,,,,,,,,,,,,,,,,,,,,,,,,,,,,,,,,,,,,,,,,,,,,,,,,,,
2026,2,otc,2026-08-20,2740,華軒,137141,36318,173459,16077,29086,45163,167620,,56777,,-13,,,,,,128296,,0,,7.65,,-96088.0,128296,0.0,,,,,,,,,,,,,,,,,,,,,,,,,,,,,,,,,,,,,,,,,,,,,,,,,,,,,,,,,,,,,,
2026,2,otc,2026-08-20,2743,山富,2456993,856286,3313279,1870040,308356,2178396,468152,,213608,,,,,,,,1134883,,0,,24.24,,453123.0,1134883,0.0,,,,,,,,,,,,,,,,,,,,,,,,,,,,,,,,,,,,,,,,,,,,,,,,,,,,,,,,,,,,,,
2026,2,otc,2026-08-20,2745,五福,2798346,237014,3035360,1765573,351518,2117091,338085,,124169,,,,,,,,918269,,0,,27.16,,456015.0,918269,0.0,,,,,,,,,,,,,,,,,,,,,,,,,,,,,,,,,,,,,,,,,,,,,,,,,,,,,,,,,,,,,,
2026,2,otc,2026-08-20,2751,王座,448396,816666,1265062,427597,335190,762787,198144,,164911,,-53,,,,,68227,502275,,53750,,21.85,,71046.0,434048,0.0,,,,,,,,,,,,,,,,,,,,,,,,,,,,,,,,,,,,,,,,,,,,,,,,,,,,,,,,,,,,,,
2026,2,otc,2026-08-20,2752,豆府,1173627,1136883,2310510,640314,408815,1049129,266939,,483986,,-8388,,,,,22884,1261381,,0,,46.4,,495960.0,1238497,0.0,,,,,,,,,,,,,,,,,,,,,,,,,,,,,,,,,,,,,,,,,,,,,,,,,,,,,,,,,,,,,,
2026,2,otc,2026-08-20,2754,亞洲藏壽司,903953,4224512,5128465,1121064,2180000,3301064,469110,,583085,,2351,,,,,,1827401,,40000,,38.96,,772855.0,1827401,0.0,,,,,,,,,,,,,,,,,,,,,,,,,,,,,,,,,,,,,,,,,,,,,,,,,,,,,,,,,,,,,,
2026,2,otc,2026-08-20,2755,揚秦,1054651,1332922,2387573,709849,572008,1281857,467925,,274882,,2500,,,,,,1105716,,166087,,29.45,,360409.0,1105716,0.0,,,,,,,,,,,,,,,,,,,,,,,,,,,,,,,,,,,,,,,,,,,,,,,,,,,,,,,,,,,,,,
2026,2,otc,2026-08-20,2756,聯發國際,674119,642200,1316319,534726,223407,758133,245976,,185302,,10192,-27904,,,,8783,558186,,0,,22.66,,135837.0,549403,353000.0,,,,,,,,,,,,,,,,,,,,,,,,,,,,,,,,,,,,,,,,,,,,,,,,,,,,,,,,,,,,,,
2026,2,otc,2026-08-20,2916,滿心,1240749,726285,1967034,359427,68381,427808,646269,,463666,,-1903,,,,,,1539226,0,0,,23.82,,431194.0,,0.0,,,,,,,,,,,,,,,,,,,,,,,,,,,,,,,,,,,,,,,,,,,,,,,,,,,,,,,,,,,,,,
2026,2,otc,2026-08-20,2924,宏太-KY,993743,40688,1034431,581053,1391,582444,520359,,207394,,-815,,,,,,451987,,0,,8.69,,-274951.0,451987,0.0,,,,,,,,,,,,,,,,,,,,,,,,,,,,,,,,,,,,,,,,,,,,,,,,,,,,,,,,,,,,,,
2026,2,otc,2026-08-20,2926,誠品生活,4472932,10293063,14765995,5234554,8909952,14144506,473897,,79121,,43244,,,,,6104,621489,0,0,,12.99,,19123.0,615385,0.0,,,,,,,,,,,,,,,,,,,,,,,,,,,,,,,,,,,,,,,,,,,,,,,,,,,,,,,,,,,,,,
2026,2,otc,2026-08-20,2937,集雅社,2204649,846892,3051541,1922527,31345,1953872,478962,,136138,,,,,,,,1097669,0,0,,25.21,,482569.0,1097669,0.0,,,,,,,,,,,,,,,,,,,,,,,,,,,,,,,,,,,,,,,,,,,,,,,,,,,,,,,,,,,,,,
2026,2,otc,2026-08-20,2941,米斯特,405383,339737,745120,221117,178003,399120,153900,,151372,,-535,,,,,,346000,0,0,,22.48,,41263.0,,0.0,,,,,,,,,,,,,,,,,,,,,,,,,,,,,,,,,,,,,,,,,,,,,,,,,,,,,,,,,,,,,,
2026,2,otc,2026-08-20,2947,振宇五金,879039,2217310,3096349,768296,1510189,2278485,236424,,313504,,-15744,,,,,,817864,0,0,,38.05,,283680.0,817864,0.0,,,,,,,,,,,,,,,,,,,,,,,,,,,,,,,,,,,,,,,,,,,,,,,,,,,,,,,,,,,,,,
2026,2,otc,2026-08-20,2948,寶陞,1901179,496439,2397618,1000741,377018,1377759,320000,,400597,,42127,,,,,,1019859,,0,,32.9,,257135.0,1019859,0.0,,,,,,,,,,,,,,,,,,,,,,,,,,,,,,,,,,,,,,,,,,,,,,,,,,,,,,,,,,,,,,
2026,2,otc,2026-08-20,2949,欣新網,2884574,302717,3187291,1790098,200189,1990287,306411,,452617,,-1815,-65278,,,,135637,1197004,,0,,35.55,,369432.0,1061367,785000.0,,,,,,,,,,,,,,,,,,,,,,,,,,,,,,,,,,,,,,,,,,,,,,,,,,,,,,,,,,,,,,
2026,2,otc,2026-08-20,3064,泰偉,49565,253522,303087,80454,167524,247978,130115,,774,,6965,,,,,4186,55109,,0,,3.91,,-86931.0,50923,0.0,,,,,,,,,,,,,,,,,,,,,,,,,,,,,,,,,,,,,,,,,,,,,,,,,,,,,,,,,,,,,,
2026,2,otc,2026-08-20,3066,李洲,1196087,1206402,2402489,538025,98097,636122,830706,,33136,,473316,,,,,103149,1766367,,0,,20.02,,326060.0,1663218,0.0,,,,,,,,,,,,,,,,,,,,,,,,,,,,,,,,,,,,,,,,,,,,,,,,,,,,,,,,,,,,,,
2026,2,otc,2026-08-20,3067,全域,62137,243473,305610,7529,50184,57713,200000,,18210,,0,,,,,,247897,,0,,12.39,,29687.0,247897,0.0,,,,,,,,,,,,,,,,,,,,,,,,,,,,,,,,,,,,,,,,,,,,,,,,,,,,,,,,,,,,,,
2026,2,otc,2026-08-20,3071,協禧,3043926,1180132,4224058,1914173,302399,2216572,1100000,,64372,,14509,,,,,464654,2007486,0,0,,14.03,,363951.0,1542832,0.0,,,,,,,,,,,,,,,,,,,,,,,,,,,,,,,,,,,,,,,,,,,,,,,,,,,,,,,,,,,,,,
2026,2,otc,2026-08-20,3073,天方能源,392115,1957058,2349173,1217669,461887,1679556,395111,,301191,,-33315,,,,,538,669617,,0,,16.93,,6092.0,669079,0.0,,,,,,,,,,,,,,,,,,,,,,,,,,,,,,,,,,,,,,,,,,,,,,,,,,,,,,,,,,,,,,
2026,2,otc,2026-08-20,3078,僑威,8338002,2179481,10517483,3047395,642279,3689674,2273911,,214554,,117470,,,,,,6827809,,0,,30.03,,4221874.0,6827809,0.0,,,,,,,,,,,,,,,,,,,,,,,,,,,,,,,,,,,,,,,,,,,,,,,,,,,,,,,,,,,,,,
2026,2,otc,2026-08-20,3081,聯亞,3350420,2867124,6217544,1163237,335401,1498638,1017690,,1800026,,-3154,,,,,,4718906,,0,,51.01,,1904344.0,,0.0,,,,,,,,,,,,,,,,,,,,,,,,,,,,,,,,,,,,,,,,,,,,,,,,,,,,,,,,,,,,,,
2026,2,otc,2026-08-20,3083,網龍,758123,713822,1471945,132555,12052,144607,864869,,359065,,42141,,,,,31937,1327338,,0,,14.98,,29326.0,1295401,0.0,,,,,,,,,,,,,,,,,,,,,,,,,,,,,,,,,,,,,,,,,,,,,,,,,,,,,,,,,,,,,,
2026,2,otc,2026-08-20,3085,新零售,340067,148896,488963,95311,7265,102576,690193,,0,,5831,,,,,,386387,,0,,5.6,,-309637.0,386387,0.0,,,,,,,,,,,,,,,,,,,,,,,,,,,,,,,,,,,,,,,,,,,,,,,,,,,,,,,,,,,,,,
2026,2,otc,2026-08-20,3086,華義*,224633,113858,338491,30802,1455,32257,272710,,29199,,-156,,,,,5017,306234,,0,,1.1,,-536.0,301217,0.0,,,,,,,,,,,,,,,,,,,,,,,,,,,,,,,,,,,,,,,,,,,,,,,,,,,,,,,,,,,,,,
2026,2,otc,2026-08-20,3088,艾訊,5801856,2668647,8470503,2417612,435983,2853595,1309676,,1164155,,67365,,,,,66209,5616908,,2366838,,50.0,,3009503.0,5550699,0.0,,,,,,,,,,,,,,,,,,,,,,,,,,,,,,,,,,,,,,,,,,,,,,,,,,,,,,,,,,,,,,
2026,2,otc,2026-08-20,3093,港建*,1384024,963589,2347613,768130,6309,774439,362888,,44670,,552746,,,,,0,1573174,,0,,10.84,,612870.0,1573174,0.0,,,,,,,,,,,,,,,,,,,,,,,,,,,,,,,,,,,,,,,,,,,,,,,,,,,,,,,,,,,,,,
2026,2,otc,2026-08-20,3095,及成,459514,581983,1041497,366856,473446,840302,161800,,89843,,16563,,,,,,201195,0,0,,12.43,,-67011.0,201195,0.0,,,,,,,,,,,,,,,,,,,,,,,,,,,,,,,,,,,,,,,,,,,,,,,,,,,,,,,,,,,,,,
2026,2,otc,2026-08-20,3105,穩懋,15780547,47709414,63489961,9749518,9493151,19242669,4239404,,10058920,,9853774,,,,,436868,44247292,,0,,103.34,,19658326.0,43810424,0.0,,,,,,,,,,,,,,,,,,,,,,,,,,,,,,,,,,,,,,,,,,,,,,,,,,,,,,,,,,,,,,
2026,2,otc,2026-08-20,3114,好德,2228666,467965,2696631,1027298,24346,1051644,677226,,52062,,215268,-17161,,,,,1644987,,0,,25.53,,717592.0,1644987,700000.0,,,,,,,,,,,,,,,,,,,,,,,,,,,,,,,,,,,,,,,,,,,,,,,,,,,,,,,,,,,,,,
2026,2,otc,2026-08-20,3115,富榮綱,589815,13673,603488,54056,8590,62646,721976,,,,3987,,,,,,540842,,0,,7.49,,-185121.0,540842,0.0,,,,,,,,,,,,,,,,,,,,,,,,,,,,,,,,,,,,,,,,,,,,,,,,,,,,,,,,,,,,,,
2026,2,otc,2026-08-20,3118,進階,450624,348453,799077,248660,10837,259497,324529,,56048,,,,,,,,539580,0,0,,16.63,,159003.0,,0.0,,,,,,,,,,,,,,,,,,,,,,,,,,,,,,,,,,,,,,,,,,,,,,,,,,,,,,,,,,,,,,
2026,2,otc,2026-08-20,3122,笙泉,221032,190041,411073,84590,2805,87395,407948,,907,,308,,,,,,323678,,7092,,7.94,,-85485.0,323678,0.0,,,,,,,,,,,,,,,,,,,,,,,,,,,,,,,,,,,,,,,,,,,,,,,,,,,,,,,,,,,,,,
2026,2,otc,2026-08-20,3128,昇銳,701411,1247997,1949408,719793,430211,1150004,501565,,150093,,,0,,,,19606,799404,,0,,16.48,,128140.0,779798,0.0,,,,,,,,,,,,,,,,,,,,,,,,,,,,,,,,,,,,,,,,,,,,,,,,,,,,,,,,,,,,,,
2026,2,otc,2026-08-20,3131,弘塑,10912045,4444782,15356827,8365937,3804054,12169991,298316,,2861299,,167843,-2910002,,,,28074,3186836,0,572696,,109.94,,2741306.0,3158762,1100000.0,,,,,,,,,,,,,,,,,,,,,,,,,,,,,,,,,,,,,,,,,,,,,,,,,,,,,,,,,,,,,,
2026,2,otc,2026-08-20,3141,晶宏,1928386,2174031,4102417,1014429,251577,1266006,754607,,418749,,80275,-62495,,,,77265,2836411,,0,,37.09,,1568010.0,2759146,1074000.0,,,,,,,,,,,,,,,,,,,,,,,,,,,,,,,,,,,,,,,,,,,,,,,,,,,,,,,,,,,,,,
2026,2,otc,2026-08-20,3147,大綜,7864300,657613,8521913,6559755,26715,6586470,436868,,237150,,-4085,,,,,1229,1935443,0,0,,44.27,,1264281.0,1934214,0.0,,,,,,,,,,,,,,,,,,,,,,,,,,,,,,,,,,,,,,,,,,,,,,,,,,,,,,,,,,,,,,
2026,2,otc,2026-08-20,3152,璟德,2678191,1736224,4414415,754917,13732,768649,390162,,573532,,0,,,,,,3645766,,0,,93.44,,2682072.0,,0.0,,,,,,,,,,,,,,,,,,,,,,,,,,,,,,,,,,,,,,,,,,,,,,,,,,,,,,,,,,,,,,
2026,2,otc,2026-08-20,3158,嘉實,771001,568817,1339818,319628,65909,385537,306382,,347937,,-6714,,,,,13,954281,,0,,31.15,,306663.0,954268,0.0,,,,,,,,,,,,,,,,,,,,,,,,,,,,,,,,,,,,,,,,,,,,,,,,,,,,,,,,,,,,,,
2026,2,otc,2026-08-20,3162,精確,7267828,5497099,12764927,7458034,1105196,8563230,1543411,,2165320,,163652,-4427,,,,86203,4201697,0,0,,26.68,,247538.0,4115494,95000.0,,,,,,,,,,,,,,,,,,,,,,,,,,,,,,,,,,,,,,,,,,,,,,,,,,,,,,,,,,,,,,
2026,2,otc,2026-08-20,3163,波若威,3588763,799908,4388671,957658,144892,1102550,946353,,601382,,-27792,,,,,,3286121,0,0,,40.8,,1766178.0,3286121,0.0,,,,,,,,,,,,,,,,,,,,,,,,,,,,,,,,,,,,,,,,,,,,,,,,,,,,,,,,,,,,,,
2026,2,otc,2026-08-20,3169,亞信,2025306,161987,2187293,407951,10428,418379,633070,,493438,,-11543,,,,,,1768914,,0,,27.94,,653949.0,1768914,0.0,,,,,,,,,,,,,,,,,,,,,,,,,,,,,,,,,,,,,,,,,,,,,,,,,,,,,,,,,,,,,,
2026,2,otc,2026-08-20,3171,炎洲流通,1367445,468847,1836292,1085344,51264,1136608,331181,,164198,,12364,-195339,,,,136475,699684,0,0,,18.7,,250805.0,563209,3000000.0,,,,,,,,,,,,,,,,,,,,,,,,,,,,,,,,,,,,,,,,,,,,,,,,,,,,,,,,,,,,,,
2026,2,otc,2026-08-20,3176,基亞,3850388,3051186,6901574,683231,1508132,2191363,1393068,,225811,,-10025,,,,,3233518,4710211,0,0,,10.6,,-132161.0,1476693,0.0,,,,,,,,,,,,,,,,,,,,,,,,,,,,,,,,,,,,,,,,,,,,,,,,,,,,,,,,,,,,,,
2026,2,otc,2026-08-20,3178,公準,1057353,1713448,2770801,719559,835128,1554687,450500,,171083,,458,,,,,7008,1216114,0,0,,26.84,,587065.0,1209106,0.0,,,,,,,,,,,,,,,,,,,,,,,,,,,,,,,,,,,,,,,,,,,,,,,,,,,,,,,,,,,,,,
2026,2,otc,2026-08-20,3188,鑫龍騰,10296606,15504,10312110,5355439,1592907,6948346,1890878,,247597,,0,,,,,,3363764,,755599,,17.79,,1225289.0,3363764,0.0,,,,,,,,,,,,,,,,,,,,,,,,,,,,,,,,,,,,,,,,,,,,,,,,,,,,,,,,,,,,,,
2026,2,otc,2026-08-20,3191,雲嘉南,222582,159568,382150,43781,94377,138158,435974,,3385,,-61,,,,,,243992,,0,,5.6,,-195306.0,243992,0.0,,,,,,,,,,,,,,,,,,,,,,,,,,,,,,,,,,,,,,,,,,,,,,,,,,,,,,,,,,,,,,
2026,2,otc,2026-08-20,3205,佰研,882123,255259,1137382,133284,1159,134443,675456,,370412,,3103,,,,,1859,1002939,0,0,,14.82,,-47891.0,1001080,0.0,,,,,,,,,,,,,,,,,,,,,,,,,,,,,,,,,,,,,,,,,,,,,,,,,,,,,,,,,,,,,,
2026,2,otc,2026-08-20,3206,志豐,2733657,482758,3216415,1369157,130563,1499720,589167,,198383,,49624,0,,,,162570,1716695,0,0,,26.38,,716951.0,1554125,0.0,,,,,,,,,,,,,,,,,,,,,,,,,,,,,,,,,,,,,,,,,,,,,,,,,,,,,,,,,,,,,,
2026,2,otc,2026-08-20,3207,耀勝,1793873,4400020,6193893,2324048,242532,2566580,664222,,865190,,236855,-1280,,,,1922973,3627313,,0,,25.67,,-60647.0,1704340,20000.0,,,,,,,,,,,,,,,,,,,,,,,,,,,,,,,,,,,,,,,,,,,,,,,,,,,,,,,,,,,,,,
2026,2,otc,2026-08-20,3211,順達,13068580,5795180,18863760,9117032,786805,9903837,1543870,,2468687,,-205329,,,,,0,8959923,,0,,58.04,,5152695.0,8959923,0.0,,,,,,,,,,,,,,,,,,,,,,,,,,,,,,,,,,,,,,,,,,,,,,,,,,,,,,,,,,,,,,
2026,2,otc,2026-08-20,3213,茂訊,4616376,1020361,5636737,1536307,156966,1693273,586855,,74381,,325620,,,,,39384,3943464,0,0,,66.53,,2917224.0,3904080,0.0,,,,,,,,,,,,,,,,,,,,,,,,,,,,,,,,,,,,,,,,,,,,,,,,,,,,,,,,,,,,,,
2026,2,otc,2026-08-20,3217,優群,4420923,2704593,7125516,2197334,78769,2276103,901042,,851701,,1270841,0,,,,,4849413,0,0,,53.82,,1825829.0,4849413,0.0,,,,,,,,,,,,,,,,,,,,,,,,,,,,,,,,,,,,,,,,,,,,,,,,,,,,,,,,,,,,,,
2026,2,otc,2026-08-20,3218,大學光,1899083,4500338,6399421,1393210,1102551,2495761,847249,,381924,,109710,,,,,29882,3903660,,0,,45.72,,2534895.0,3873778,0.0,,,,,,,,,,,,,,,,,,,,,,,,,,,,,,,,,,,,,,,,,,,,,,,,,,,,,,,,,,,,,,
2026,2,otc,2026-08-20,3219,倚強科,2599691,837481,3437172,1364221,210044,1574265,717809,,230454,,15291,,,,,343456,1862907,,0,,21.17,,555897.0,1519451,0.0,,,,,,,,,,,,,,,,,,,,,,,,,,,,,,,,,,,,,,,,,,,,,,,,,,,,,,,,,,,,,,
2026,2,otc,2026-08-20,3221,台嘉碩,1879333,1300605,3179938,776032,188184,964216,1050621,,708240,,-273157,,,,,55883,2215722,0,0,,20.56,,674135.0,2159839,0.0,,,,,,,,,,,,,,,,,,,,,,,,,,,,,,,,,,,,,,,,,,,,,,,,,,,,,,,,,,,,,,
2026,2,otc,2026-08-20,3224,三顧,2055968,1755944,3811912,641104,514687,1155791,781726,,945740,,10495,-1864,,,,1263584,2656121,0,0,,17.82,,-343560.0,1392537,40000.0,,,,,,,,,,,,,,,,,,,,,,,,,,,,,,,,,,,,,,,,,,,,,,,,,,,,,,,,,,,,,,
2026,2,otc,2026-08-20,3226,龍鋒,1105120,1363057,2468177,577488,32913,610401,644306,,14904,,-3251,,,,,,1857776,,0,,28.83,,1201817.0,,0.0,,,,,,,,,,,,,,,,,,,,,,,,,,,,,,,,,,,,,,,,,,,,,,,,,,,,,,,,,,,,,,
2026,2,otc,2026-08-20,3227,原相,12386739,7189252,19575991,3985896,427759,4413655,1519381,,3873058,,3739341,,,,,39818,15162336,,0,,99.53,,5990738.0,15122518,0.0,,,,,,,,,,,,,,,,,,,,,,,,,,,,,,,,,,,,,,,,,,,,,,,,,,,,,,,,,,,,,,
2026,2,otc,2026-08-20,3228,金麗科,320690,471936,792626,107730,4308,112038,719375,,313519,,-24171,,,,,,680588,0,0,,9.46,,-328135.0,,0.0,,,,,,,,,,,,,,,,,,,,,,,,,,,,,,,,,,,,,,,,,,,,,,,,,,,,,,,,,,,,,,
2026,2,otc,2026-08-20,3230,錦明,816858,472448,1289306,312933,84882,397815,860109,,351031,,-55935,-50503,,0,,0,891491,0,0,,10.47,0,-213211.0,891491,895000.0,,,,,,,,,,,,,,,,,,,,,,,,,,,,,,,,,,,,,,,,,,,,,,,,,,,,,,,,,,,,,,
2026,2,otc,2026-08-20,3232,昱捷,870228,324004,1194232,359802,143514,503316,465679,,164541,,15633,,,,,,690916,0,0,,14.84,,45063.0,690916,0.0,,,,,,,,,,,,,,,,,,,,,,,,,,,,,,,,,,,,,,,,,,,,,,,,,,,,,,,,,,,,,,
2026,2,otc,2026-08-20,3234,光環,690735,569134,1259869,350724,197137,547861,1114747,,306828,,-8247,,,,,15955,712008,0,0,,6.24,,-717275.0,696053,0.0,,,,,,,,,,,,,,,,,,,,,,,,,,,,,,,,,,,,,,,,,,,,,,,,,,,,,,,,,,,,,,
2026,2,otc,2026-08-20,3236,千如,1506200,1983689,3489889,1026594,673259,1699853,1050006,,181063,,191302,,,,,,1790036,,0,,17.05,,367665.0,1790036,0.0,,,,,,,,,,,,,,,,,,,,,,,,,,,,,,,,,,,,,,,,,,,,,,,,,,,,,,,,,,,,,,
2026,2,otc,2026-08-20,3252,海灣,563382,3410999,3974381,340619,1628340,1968959,501958,,282210,,28500,,,,,48466,2005422,,0,,38.99,,1144288.0,1956956,0.0,,,,,,,,,,,,,,,,,,,,,,,,,,,,,,,,,,,,,,,,,,,,,,,,,,,,,,,,,,,,,,
2026,2,otc,2026-08-20,3259,鑫創,375278,111636,486914,96201,52365,148566,729659,,0,,0,,,,,,338348,,0,,4.64,,-391311.0,,0.0,,,,,,,,,,,,,,,,,,,,,,,,,,,,,,,,,,,,,,,,,,,,,,,,,,,,,,,,,,,,,,
2026,2,otc,2026-08-20,3260,威剛,81060106,29596716,110656822,44675912,24933050,69608962,3338099,,10897694,,-741435,-1339683,,,,1684210,41047860,0,0,,121.53,,27208975.0,39363650,9914000.0,,,,,,,,,,,,,,,,,,,,,,,,,,,,,,,,,,,,,,,,,,,,,,,,,,,,,,,,,,,,,,
2026,2,otc,2026-08-20,3264,欣銓,9024162,32309095,41333257,10245747,11460531,21706278,4901701,,1244189,,322988,-126772,,,,,19626979,0,0,,41.41,,13284873.0,19626979,16250750.0,,,,,,,,,,,,,,,,,,,,,,,,,,,,,,,,,,,,,,,,,,,,,,,,,,,,,,,,,,,,,,
2026,2,otc,2026-08-20,3265,台星科,4426203,6344022,10770225,2170051,2283457,4453508,1362617,,366243,,103703,,,,,,6316717,0,0,,46.36,,4484154.0,6316717,0.0,,,,,,,,,,,,,,,,,,,,,,,,,,,,,,,,,,,,,,,,,,,,,,,,,,,,,,,,,,,,,,
2026,2,otc,2026-08-20,3268,海德威,596872,409517,1006389,428360,96868,525228,347208,,85857,,13979,,,,,,481161,,0,,13.86,,34117.0,481161,0.0,,,,,,,,,,,,,,,,,,,,,,,,,,,,,,,,,,,,,,,,,,,,,,,,,,,,,,,,,,,,,,
2026,2,otc,2026-08-20,3272,東碩,2345536,2319017,4664553,3449232,332406,3781638,611768,,506826,,40547,-33580,,,,,882915,0,0,,14.74,,-242646.0,882915,1275000.0,,,,,,,,,,,,,,,,,,,,,,,,,,,,,,,,,,,,,,,,,,,,,,,,,,,,,,,,,,,,,,
2026,2,otc,2026-08-20,3276,宇環,440613,1117009,1557622,517826,112916,630742,697127,,28787,,26692,,,,,58473,926880,0,0,,12.46,,115801.0,868407,0.0,,,,,,,,,,,,,,,,,,,,,,,,,,,,,,,,,,,,,,,,,,,,,,,,,,,,,,,,,,,,,,
2026,2,otc,2026-08-20,3284,太普高,2459154,1219594,3678748,748704,1066494,1815198,1084825,,153802,,-19695,0,,,,309377,1863550,,0,,14.33,,335241.0,1554173,0.0,,,,,,,,,,,,,,,,,,,,,,,,,,,,,,,,,,,,,,,,,,,,,,,,,,,,,,,,,,,,,,
2026,2,otc,2026-08-20,3285,微端,1131669,209785,1341454,664162,33800,697962,427353,,26471,,-11937,,,,,17578,643492,,0,,14.65,,184027.0,625914,0.0,,,,,,,,,,,,,,,,,,,,,,,,,,,,,,,,,,,,,,,,,,,,,,,,,,,,,,,,,,,,,,
2026,2,otc,2026-08-20,3287,廣寰科,1182506,137384,1319890,438216,1368,439584,439705,,16259,,-78,,,,,69961,880306,,0,,18.43,,354459.0,810345,0.0,,,,,,,,,,,,,,,,,,,,,,,,,,,,,,,,,,,,,,,,,,,,,,,,,,,,,,,,,,,,,,
2026,2,otc,2026-08-20,3288,點晶,161719,30544,192263,59663,26718,86381,163800,,7981,,11294,,,,,-1382,105882,,0,,6.55,,-75811.0,107264,0.0,,,,,,,,,,,,,,,,,,,,,,,,,,,,,,,,,,,,,,,,,,,,,,,,,,,,,,,,,,,,,,
2026,2,otc,2026-08-20,3289,宜特,3071837,5567225,8639062,2042581,1849502,3892083,867464,,3256801,,-51127,0,,,,0,4746979,,0,,54.72,,673841.0,4746979,0.0,,,,,,,,,,,,,,,,,,,,,,,,,,,,,,,,,,,,,,,,,,,,,,,,,,,,,,,,,,,,,,
2026,2,otc,2026-08-20,3290,東浦,3595660,2760815,6356475,1965256,1892370,3857626,902150,,516164,,-74750,,,,,,2498849,0,0,,27.7,,1155285.0,2498849,0.0,,,,,,,,,,,,,,,,,,,,,,,,,,,,,,,,,,,,,,,,,,,,,,,,,,,,,,,,,,,,,,
2026,2,otc,2026-08-20,3293,鈊象,28101070,5514245,33615315,18412412,84011,18496423,2818016,,317283,,145413,,,,,3544,15118892,,0,,53.64,,11834636.0,15115348,0.0,,,,,,,,,,,,,,,,,,,,,,,,,,,,,,,,,,,,,,,,,,,,,,,,,,,,,,,,,,,,,,
2026,2,otc,2026-08-20,3294,英濟,3571076,1849272,5420348,1408062,1625421,3033483,1320159,,892517,,208602,,,,,37179,2386865,0,0,,17.8,,-71592.0,2349686,0.0,,,,,,,,,,,,,,,,,,,,,,,,,,,,,,,,,,,,,,,,,,,,,,,,,,,,,,,,,,,,,,
2026,2,otc,2026-08-20,3297,杭特,282648,467661,750309,142055,2756,144811,360494,,112612,,,0,,,,0,605498,0,0,,16.8,,132392.0,605498,0.0,,,,,,,,,,,,,,,,,,,,,,,,,,,,,,,,,,,,,,,,,,,,,,,,,,,,,,,,,,,,,,
2026,2,otc,2026-08-20,3303,岱稜,2610639,1715653,4326292,1144502,791682,1936184,940906,,413332,,9767,-27093,,,,18319,2390108,0,0,,25.36,,1034877.0,2371789,554000.0,,,,,,,,,,,,,,,,,,,,,,,,,,,,,,,,,,,,,,,,,,,,,,,,,,,,,,,,,,,,,,
2026,2,otc,2026-08-20,3306,鼎天,1004741,3488282,4493023,445820,2203,448023,506077,,481430,,2816089,,,,,,4045000,,0,,79.93,,241404.0,,0.0,,,,,,,,,,,,,,,,,,,,,,,,,,,,,,,,,,,,,,,,,,,,,,,,,,,,,,,,,,,,,,
2026,2,otc,2026-08-20,3310,佳穎,5541734,1109749,6651483,4340284,502578,4842862,749485,,125348,,107965,,,,,4175,1808621,0,0,,24.08,,821648.0,1804446,0.0,,,,,,,,,,,,,,,,,,,,,,,,,,,,,,,,,,,,,,,,,,,,,,,,,,,,,,,,,,,,,,
2026,2,otc,2026-08-20,3313,斐成,3358168,352939,3711107,1141858,382877,1524735,2211338,,671770,,-1392,,,,,15,2186372,0,0,,9.89,,-695359.0,2186357,0.0,,,,,,,,,,,,,,,,,,,,,,,,,,,,,,,,,,,,,,,,,,,,,,,,,,,,,,,,,,,,,,
2026,2,otc,2026-08-20,3317,尼克森,3584664,612507,4197171,732371,85297,817668,900000,,676048,,-1554,,,,,84652,3379503,0,0,,36.61,,1720357.0,3294851,0.0,,,,,,,,,,,,,,,,,,,,,,,,,,,,,,,,,,,,,,,,,,,,,,,,,,,,,,,,,,,,,,
2026,2,otc,2026-08-20,3322,建舜電,1745624,1817829,3563453,1633509,348855,1982364,1375822,,258780,,80948,,,,,94,1581089,0,0,,11.49,,-134555.0,1580995,0.0,,,,,,,,,,,,,,,,,,,,,,,,,,,,,,,,,,,,,,,,,,,,,,,,,,,,,,,,,,,,,,
2026,2,otc,2026-08-20,3323,加百裕,3933186,625191,4558377,1983318,111991,2095309,995933,,1100908,,37547,,,,,71781,2463068,,0,,24.01,,256899.0,2391287,0.0,,,,,,,,,,,,,,,,,,,,,,,,,,,,,,,,,,,,,,,,,,,,,,,,,,,,,,,,,,,,,,
2026,2,otc,2026-08-20,3324,雙鴻,24477198,9424636,33901834,13308314,6740964,20049278,930768,,3575541,,186823,0,,,,588235,13852556,0,0,,142.51,,8571189.0,13264321,0.0,,,,,,,,,,,,,,,,,,,,,,,,,,,,,,,,,,,,,,,,,,,,,,,,,,,,,,,,,,,,,,
2026,2,otc,2026-08-20,3325,旭品,1069811,678769,1748580,644977,78172,723149,1101686,,246308,,65006,,,,,51260,1025431,,0,,8.84,,-438829.0,974171,0.0,,,,,,,,,,,,,,,,,,,,,,,,,,,,,,,,,,,,,,,,,,,,,,,,,,,,,,,,,,,,,,
2026,2,otc,2026-08-20,3332,幸康,1919316,698109,2617425,693569,33805,727374,481042,,180703,,28726,,,,,,1890051,0,0,,39.29,,1199580.0,1890051,0.0,,,,,,,,,,,,,,,,,,,,,,,,,,,,,,,,,,,,,,,,,,,,,,,,,,,,,,,,,,,,,,
2026,2,otc,2026-08-20,3339,泰谷,886460,646404,1532864,630399,164952,795351,665683,,329504,,,-8754,,,,3324,737513,0,0,,11.08,,-252244.0,734189,281000.0,,,,,,,,,,,,,,,,,,,,,,,,,,,,,,,,,,,,,,,,,,,,,,,,,,,,,,,,,,,,,,
2026,2,otc,2026-08-20,3349,寶德,387131,154080,541211,183823,50947,234770,460716,,87667,,-2998,,,,,,306441,0,0,,6.65,,-238944.0,306441,0.0,,,,,,,,,,,,,,,,,,,,,,,,,,,,,,,,,,,,,,,,,,,,,,,,,,,,,,,,,,,,,,
2026,2,otc,2026-08-20,3354,律勝,352416,523302,875718,32270,66295,98565,701124,,34462,,-20663,,,,,,777153,0,0,,11.08,,62230.0,777153,0.0,,,,,,,,,,,,,,,,,,,,,,,,,,,,,,,,,,,,,,,,,,,,,,,,,,,,,,,,,,,,,,
2026,2,otc,2026-08-20,3357,臺慶科,7342301,9371083,16713384,3897423,1102244,4999667,1163857,,3303106,,1901062,,,,,250777,11713717,0,0,,98.49,,5094915.0,11462940,0.0,,,,,,,,,,,,,,,,,,,,,,,,,,,,,,,,,,,,,,,,,,,,,,,,,,,,,,,,,,,,,,
2026,2,otc,2026-08-20,3360,尚立,4517752,482581,5000333,3955423,227919,4183342,764021,,57917,,3665,,,,,-10569,816991,,0,,10.83,,1957.0,827560,0.0,,,,,,,,,,,,,,,,,,,,,,,,,,,,,,,,,,,,,,,,,,,,,,,,,,,,,,,,,,,,,,
2026,2,otc,2026-08-20,3362,先進光,4168654,6703377,10872031,2788565,4165528,6954093,1474455,,1930334,,39239,,,,,-80,3917938,0,0,,26.57,,473990.0,3918018,0.0,,,,,,,,,,,,,,,,,,,,,,,,,,,,,,,,,,,,,,,,,,,,,,,,,,,,,,,,,,,,,,
2026,2,otc,2026-08-20,3363,上詮,5361359,1069628,6430987,613432,100403,713835,1136406,,4661262,,-222107,,,,,,5717152,0,0,,50.31,,141591.0,5717152,0.0,,,,,,,,,,,,,,,,,,,,,,,,,,,,,,,,,,,,,,,,,,,,,,,,,,,,,,,,,,,,,,
2026,2,otc,2026-08-20,3372,典範,823426,1026651,1850077,286733,79614,366347,1753240,,132984,,0,,,,,,1483730,0,0,,8.46,,-402494.0,,0.0,,,,,,,,,,,,,,,,,,,,,,,,,,,,,,,,,,,,,,,,,,,,,,,,,,,,,,,,,,,,,,
2026,2,otc,2026-08-20,3373,熱映,645310,214210,859520,72051,445,72496,476188,,88777,,-61896,,,,,,787024,,0,,16.53,,283955.0,787024,0.0,,,,,,,,,,,,,,,,,,,,,,,,,,,,,,,,,,,,,,,,,,,,,,,,,,,,,,,,,,,,,,
2026,2,otc,2026-08-20,3374,精材,8065374,10330141,18395515,4524322,4011250,8535572,2713643,,396424,,,,,,,,9859943,,0,,36.33,,6749876.0,,0.0,,,,,,,,,,,,,,,,,,,,,,,,,,,,,,,,,,,,,,,,,,,,,,,,,,,,,,,,,,,,,,
2026,2,otc,2026-08-20,3379,彬台,660568,517603,1178171,567551,5021,572572,380417,,70015,,121336,,,,,,605599,0,0,,15.92,,33831.0,605599,0.0,,,,,,,,,,,,,,,,,,,,,,,,,,,,,,,,,,,,,,,,,,,,,,,,,,,,,,,,,,,,,,
2026,2,otc,2026-08-20,3388,崇越電,6252415,1412516,7664931,1712308,835732,2548040,777529,,1708287,,344992,,,,,160652,5116891,,0,,63.74,,2125431.0,4956239,0.0,,,,,,,,,,,,,,,,,,,,,,,,,,,,,,,,,,,,,,,,,,,,,,,,,,,,,,,,,,,,,,
2026,2,otc,2026-08-20,3390,旭軟,1308830,857407,2166237,537458,195234,732692,793297,,474872,,155491,,,,,0,1433545,,0,,18.07,,9885.0,1433545,0.0,,,,,,,,,,,,,,,,,,,,,,,,,,,,,,,,,,,,,,,,,,,,,,,,,,,,,,,,,,,,,,
2026,2,otc,2026-08-20,3402,漢科,5551669,1439636,6991305,4686001,190470,4876471,730476,,54813,,32297,,,,,,2114834,,0,,28.95,,1297248.0,2114834,0.0,,,,,,,,,,,,,,,,,,,,,,,,,,,,,,,,,,,,,,,,,,,,,,,,,,,,,,,,,,,,,,
2026,2,otc,2026-08-20,3430,奇鈦科,1189543,660508,1850051,407635,256866,664501,337161,,161772,,8525,,,,,,1185550,,0,,35.16,,678092.0,1185550,0.0,,,,,,,,,,,,,,,,,,,,,,,,,,,,,,,,,,,,,,,,,,,,,,,,,,,,,,,,,,,,,,
2026,2,otc,2026-08-20,3434,哲固,453001,260285,713286,190935,56248,247183,357547,,70146,,-4048,,,,,,466103,0,0,,13.04,,42458.0,466103,0.0,,,,,,,,,,,,,,,,,,,,,,,,,,,,,,,,,,,,,,,,,,,,,,,,,,,,,,,,,,,,,,
2026,2,otc,2026-08-20,3438,類比科,1323992,2022192,3346184,295691,290119,585810,471658,,582219,,1140697,,,,,,2760374,0,0,,58.52,,565800.0,,0.0,,,,,,,,,,,,,,,,,,,,,,,,,,,,,,,,,,,,,,,,,,,,,,,,,,,,,,,,,,,,,,
2026,2,otc,2026-08-20,3441,聯一光電,1027110,123326,1150436,248174,58278,306452,400399,,57641,,25600,,,,,14932,843984,,0,,20.71,,345412.0,829052,0.0,,,,,,,,,,,,,,,,,,,,,,,,,,,,,,,,,,,,,,,,,,,,,,,,,,,,,,,,,,,,,,
2026,2,otc,2026-08-20,3444,利機,1188760,476152,1664912,602450,13080,615530,449969,,261106,,-34445,,,,,,1049382,,0,,23.32,,372752.0,1049382,0.0,,,,,,,,,,,,,,,,,,,,,,,,,,,,,,,,,,,,,,,,,,,,,,,,,,,,,,,,,,,,,,
2026,2,otc,2026-08-20,3455,由田,2317231,1834352,4151583,1294845,457150,1751995,598507,,190969,,-6429,,,,,,2399588,,0,,40.09,,1616541.0,2399588,0.0,,,,,,,,,,,,,,,,,,,,,,,,,,,,,,,,,,,,,,,,,,,,,,,,,,,,,,,,,,,,,,
2026,2,otc,2026-08-20,3465,進泰電子,1572877,1076529,2649406,1555369,274029,1829398,353298,,283304,,27228,,,,,37963,820008,0,0,,22.14,,118215.0,782045,0.0,,,,,,,,,,,,,,,,,,,,,,,,,,,,,,,,,,,,,,,,,,,,,,,,,,,,,,,,,,,,,,
2026,2,otc,2026-08-20,3466,德晉,1213602,582784,1796386,267425,117269,384694,778921,,764222,,-85530,,,,,,1411692,0,0,,18.12,,-45921.0,1411692,0.0,,,,,,,,,,,,,,,,,,,,,,,,,,,,,,,,,,,,,,,,,,,,,,,,,,,,,,,,,,,,,,
2026,2,otc,2026-08-20,3467,台灣精材,529520,427100,956620,229434,123364,352798,311066,,180519,,,,,,,,603822,,0,,19.41,,112237.0,,0.0,,,,,,,,,,,,,,,,,,,,,,,,,,,,,,,,,,,,,,,,,,,,,,,,,,,,,,,,,,,,,,
2026,2,otc,2026-08-20,3479,安勤,6328452,2850313,9178765,4064038,1203645,5267683,726320,,1160657,,-11458,-36264,,0,,593168,3911082,,0,,45.96,0,1478659.0,3317914,440201.0,,,,,,,,,,,,,,,,,,,,,,,,,,,,,,,,,,,,,,,,,,,,,,,,,,,,,,,,,,,,,,
2026,2,otc,2026-08-20,3483,力致,6836291,2680871,9517162,4095448,548920,4644368,990493,,2360873,,144540,-92248,,,,,4872794,,0,,49.7,,1469136.0,4872794,1000000.0,,,,,,,,,,,,,,,,,,,,,,,,,,,,,,,,,,,,,,,,,,,,,,,,,,,,,,,,,,,,,,
2026,2,otc,2026-08-20,3484,崧騰,4008303,1321986,5330289,1565035,476585,2041620,788282,,861329,,133352,,,,,37669,3288669,,0,,41.24,,1468037.0,3251000,0.0,,,,,,,,,,,,,,,,,,,,,,,,,,,,,,,,,,,,,,,,,,,,,,,,,,,,,,,,,,,,,,
2026,2,otc,2026-08-20,3485,敘豐,2550506,367553,2918059,504667,7972,512639,385009,,1126730,,-10605,,,,,,2405420,,0,,62.48,,904286.0,2405420,0.0,,,,,,,,,,,,,,,,,,,,,,,,,,,,,,,,,,,,,,,,,,,,,,,,,,,,,,,,,,,,,,
2026,2,otc,2026-08-20,3489,森寶,4035493,192092,4227585,3287907,3258,3291165,904522,,14737,,,,,,,,936420,0,0,,10.35,,17161.0,936420,0.0,,,,,,,,,,,,,,,,,,,,,,,,,,,,,,,,,,,,,,,,,,,,,,,,,,,,,,,,,,,,,,
2026,2,otc,2026-08-20,3490,單井,957230,1517425,2474655,513780,379358,893138,550065,,344954,,-3547,,,,,,1581517,,0,,28.75,,690045.0,1581517,0.0,,,,,,,,,,,,,,,,,,,,,,,,,,,,,,,,,,,,,,,,,,,,,,,,,,,,,,,,,,,,,,
2026,2,otc,2026-08-20,3491,昇達科,4023276,3220336,7243612,1528879,1173481,2702360,688051,,2625398,,264407,,,,,39,4541252,,0,,66.0,,963357.0,4541213,0.0,,,,,,,,,,,,,,,,,,,,,,,,,,,,,,,,,,,,,,,,,,,,,,,,,,,,,,,,,,,,,,
2026,2,otc,2026-08-20,3492,長盛,728976,271955,1000931,312843,44904,357747,355316,,19787,,-2382,0,,,,,643184,0,0,,18.1,,270463.0,643184,0.0,,,,,,,,,,,,,,,,,,,,,,,,,,,,,,,,,,,,,,,,,,,,,,,,,,,,,,,,,,,,,,
2026,2,otc,2026-08-20,3498,陽程,4482683,868274,5350957,2657458,199955,2857413,612730,,1354253,,-54674,-28951,,,,647,2493544,,0,,41.27,,609539.0,2492897,862000.0,,,,,,,,,,,,,,,,,,,,,,,,,,,,,,,,,,,,,,,,,,,,,,,,,,,,,,,,,,,,,,
2026,2,otc,2026-08-20,3499,環天科,376646,295117,671763,230086,13699,243785,549706,,28440,,-9086,0,,,,0,427978,0,0,,7.79,,-141082.0,427978,0.0,,,,,,,,,,,,,,,,,,,,,,,,,,,,,,,,,,,,,,,,,,,,,,,,,,,,,,,,,,,,,,
2026,2,otc,2026-08-20,3508,位速,942678,1822370,2765048,1797071,504064,2301135,1088667,,2153032,,-27187,-56294,,,,-85542,463913,,0,,5.1,,-2608763.0,549455,1076366.0,,,,,,,,,,,,,,,,,,,,,,,,,,,,,,,,,,,,,,,,,,,,,,,,,,,,,,,,,,,,,,
2026,2,otc,2026-08-20,3511,矽瑪,1233391,1294932,2528323,644781,119619,764400,799729,,469963,,10667,,,,,490311,1763923,,0,,15.93,,-6747.0,1273612,0.0,,,,,,,,,,,,,,,,,,,,,,,,,,,,,,,,,,,,,,,,,,,,,,,,,,,,,,,,,,,,,,
2026,2,otc,2026-08-20,3512,皇龍,6264271,64039,6328310,3815912,10082,3825994,1130724,,992448,,0,,,,,,2502316,,0,,22.13,,379144.0,2502316,0.0,,,,,,,,,,,,,,,,,,,,,,,,,,,,,,,,,,,,,,,,,,,,,,,,,,,,,,,,,,,,,,
2026,2,otc,2026-08-20,3516,亞帝歐,767394,2220939,2988333,506662,782177,1288839,595609,,886282,,-37233,,,,,137638,1699494,,0,,26.22,,117198.0,1561856,0.0,,,,,,,,,,,,,,,,,,,,,,,,,,,,,,,,,,,,,,,,,,,,,,,,,,,,,,,,,,,,,,
2026,2,otc,2026-08-20,3520,華盈,921030,630355,1551385,449164,306808,755972,688468,,61539,,-1718,,,,,0,795413,0,0,,11.55,,47124.0,795413,0.0,,,,,,,,,,,,,,,,,,,,,,,,,,,,,,,,,,,,,,,,,,,,,,,,,,,,,,,,,,,,,,
2026,2,otc,2026-08-20,3521,台鋼建設,1793128,510540,2303668,19648,29079,48727,1857656,,100000,,9863,,,,,0,2254941,,0,,12.14,,287422.0,2254941,0.0,,,,,,,,,,,,,,,,,,,,,,,,,,,,,,,,,,,,,,,,,,,,,,,,,,,,,,,,,,,,,,
2026,2,otc,2026-08-20,3522,御嵿,681408,1686825,2368233,977156,672448,1649604,1040962,,149185,,-15394,,,,,5611,718629,0,0,,6.85,,-461735.0,713018,0.0,,,,,,,,,,,,,,,,,,,,,,,,,,,,,,,,,,,,,,,,,,,,,,,,,,,,,,,,,,,,,,
2026,2,otc,2026-08-20,3523,迎輝,139857,1669713,1809570,525429,911097,1436526,642579,,15776,,501494,,,,,4147,373044,0,0,,5.74,,-790952.0,368897,0.0,,,,,,,,,,,,,,,,,,,,,,,,,,,,,,,,,,,,,,,,,,,,,,,,,,,,,,,,,,,,,,
2026,2,otc,2026-08-20,3526,凡甲,6142134,1502634,7644768,2157211,1351346,3508557,668395,,1392789,,148863,,,,,0,4136211,,988612,,61.88,,1926164.0,4136211,0.0,,,,,,,,,,,,,,,,,,,,,,,,,,,,,,,,,,,,,,,,,,,,,,,,,,,,,,,,,,,,,,
2026,2,otc,2026-08-20,3527,聚積,2286722,425004,2711726,427263,40455,467718,444451,,1298953,,4529,,,,,,2244008,,0,,50.49,,496075.0,2244008,0.0,,,,,,,,,,,,,,,,,,,,,,,,,,,,,,,,,,,,,,,,,,,,,,,,,,,,,,,,,,,,,,
2026,2,otc,2026-08-20,3529,力旺,5229763,1018092,6247855,2682123,11856,2693979,746865,,133213,,-9514,,,,,65983,3553876,,0,,46.7,,2617329.0,3487893,0.0,,,,,,,,,,,,,,,,,,,,,,,,,,,,,,,,,,,,,,,,,,,,,,,,,,,,,,,,,,,,,,
2026,2,otc,2026-08-20,3531,先益,2000623,284420,2285043,367999,31081,399080,611750,,669790,,-94846,,,,,20469,1885963,0,0,,30.49,,678800.0,1865494,0.0,,,,,,,,,,,,,,,,,,,,,,,,,,,,,,,,,,,,,,,,,,,,,,,,,,,,,,,,,,,,,,
2026,2,otc,2026-08-20,3537,堡達,1861667,258052,2119719,793478,36606,830084,562430,,105466,,-7801,0,,0,,0,1289635,0,0,,22.93,0,629540.0,1289635,0.0,,,,,,,,,,,,,,,,,,,,,,,,,,,,,,,,,,,,,,,,,,,,,,,,,,,,,,,,,,,,,,
2026,2,otc,2026-08-20,3540,曜越,4812088,813769,5625857,2913788,797287,3711075,886288,,512283,,56313,0,,,,-60758,1914782,,7700141,,24.65,,520656.0,1975540,0.0,,,,,,,,,,,,,,,,,,,,,,,,,,,,,,,,,,,,,,,,,,,,,,,,,,,,,,,,,,,,,,
2026,2,otc,2026-08-20,3541,西柏,1615927,637608,2253535,1034231,492739,1526970,563491,,266682,,-25761,-41290,,0,,,726565,0,0,,13.04,,-36557.0,726565,618000.0,,,,,,,,,,,,,,,,,,,,,,,,,,,,,,,,,,,,,,,,,,,,,,,,,,,,,,,,,,,,,,
2026,2,otc,2026-08-20,3546,宇峻,1609030,907053,2516083,591742,349474,941216,613489,,269170,,20039,,,,,,1574867,,0,,26.95,,672169.0,1574867,0.0,,,,,,,,,,,,,,,,,,,,,,,,,,,,,,,,,,,,,,,,,,,,,,,,,,,,,,,,,,,,,,
2026,2,otc,2026-08-20,3548,兆利,7886282,4142667,12028949,4085023,1758168,5843191,677442,,2154364,,267103,,,,,,6185758,,0,,91.31,,3086849.0,6185758,0.0,,,,,,,,,,,,,,,,,,,,,,,,,,,,,,,,,,,,,,,,,,,,,,,,,,,,,,,,,,,,,,
2026,2,otc,2026-08-20,3551,世禾,3344567,3186517,6531084,1034553,492651,1527204,622749,,766031,,31479,-31330,,,,,5003880,0,0,,81.05,,3614951.0,5003880,538000.0,,,,,,,,,,,,,,,,,,,,,,,,,,,,,,,,,,,,,,,,,,,,,,,,,,,,,,,,,,,,,,
2026,2,otc,2026-08-20,3552,同致,8012612,3788141,11800753,5555605,1841352,7396957,979183,,938275,,-161721,,,,,,4403796,0,0,,44.97,,2648059.0,4403796,0.0,,,,,,,,,,,,,,,,,,,,,,,,,,,,,,,,,,,,,,,,,,,,,,,,,,,,,,,,,,,,,,
2026,2,otc,2026-08-20,3555,博士旺,851542,132981,984523,142575,4201,146776,399988,,215159,,-731,,,,,10280,837747,0,0,,20.69,,213051.0,827467,0.0,,,,,,,,,,,,,,,,,,,,,,,,,,,,,,,,,,,,,,,,,,,,,,,,,,,,,,,,,,,,,,
2026,2,otc,2026-08-20,3556,禾瑞亞,1605826,112170,1717996,450608,18585,469193,637029,,19842,,302,,,,,42115,1248803,,0,,18.94,,549515.0,1206688,0.0,,,,,,,,,,,,,,,,,,,,,,,,,,,,,,,,,,,,,,,,,,,,,,,,,,,,,,,,,,,,,,
2026,2,otc,2026-08-20,3558,神準,9276055,5210867,14486922,7293521,913915,8207436,590609,,1886279,,-75528,,,,,300489,6279486,0,0,,101.23,,3577637.0,5978997,0.0,,,,,,,,,,,,,,,,,,,,,,,,,,,,,,,,,,,,,,,,,,,,,,,,,,,,,,,,,,,,,,
2026,2,otc,2026-08-20,3564,其陽,2512195,998197,3510392,1621331,506461,2127792,591231,,548973,,18703,,,,,,1382600,0,0,,23.39,,223693.0,1382600,0.0,,,,,,,,,,,,,,,,,,,,,,,,,,,,,,,,,,,,,,,,,,,,,,,,,,,,,,,,,,,,,,
2026,2,otc,2026-08-20,3567,逸昌,241267,388570,629837,65095,8381,73476,339540,,51287,,-5312,,,,,,556361,,0,,16.39,,170846.0,,0.0,,,,,,,,,,,,,,,,,,,,,,,,,,,,,,,,,,,,,,,,,,,,,,,,,,,,,,,,,,,,,,
2026,2,otc,2026-08-20,3570,大塚,1533230,251243,1784473,607017,109645,716662,170970,,68813,,641,,,,,,1067811,,0,,62.46,,827387.0,1067811,0.0,,,,,,,,,,,,,,,,,,,,,,,,,,,,,,,,,,,,,,,,,,,,,,,,,,,,,,,,,,,,,,
2026,2,otc,2026-08-20,3577,泓格,1225021,813823,2038844,544074,21152,565226,639657,,68630,,5363,,,,,,1473618,0,0,,23.04,,759968.0,1473618,0.0,,,,,,,,,,,,,,,,,,,,,,,,,,,,,,,,,,,,,,,,,,,,,,,,,,,,,,,,,,,,,,
2026,2,otc,2026-08-20,3580,友威科,870775,1082277,1953052,259973,657656,917629,394707,,186218,,40703,-1598,,,,,1035423,,0,,26.25,,415393.0,1035423,26000.0,,,,,,,,,,,,,,,,,,,,,,,,,,,,,,,,,,,,,,,,,,,,,,,,,,,,,,,,,,,,,,
2026,2,otc,2026-08-20,3581,博磊,2151185,318367,2469552,1368554,33692,1402246,510060,,81293,,27573,,,,,162085,1067306,0,0,,17.75,,286295.0,905221,0.0,,,,,,,,,,,,,,,,,,,,,,,,,,,,,,,,,,,,,,,,,,,,,,,,,,,,,,,,,,,,,,
2026,2,otc,2026-08-20,3587,閎康,5718675,4069075,9787750,2271655,1574983,3846638,716847,,3070711,,178394,0,,,,0,5941112,0,0,,82.88,,1975160.0,5941112,0.0,,,,,,,,,,,,,,,,,,,,,,,,,,,,,,,,,,,,,,,,,,,,,,,,,,,,,,,,,,,,,,
2026,2,otc,2026-08-20,3594,磐儀,4284827,1258811,5543638,2526131,372035,2898166,959484,,839692,,-1766,-14134,,,,363710,2645472,,0,,23.92,,498486.0,2281762,568000.0,,,,,,,,,,,,,,,,,,,,,,,,,,,,,,,,,,,,,,,,,,,,,,,,,,,,,,,,,,,,,,
2026,2,otc,2026-08-20,3597,映興,736551,912621,1649172,340250,716274,1056524,392364,,86083,,-18418,-5650,,,,,592648,0,0,,15.2,,138269.0,592648,238000.0,,,,,,,,,,,,,,,,,,,,,,,,,,,,,,,,,,,,,,,,,,,,,,,,,,,,,,,,,,,,,,
2026,2,otc,2026-08-20,3609,三一東林,731574,287117,1018691,446311,125542,571853,384194,,174233,,-32987,-6626,,,,,446838,0,0,,11.68,,-71976.0,446838,150000.0,,,,,,,,,,,,,,,,,,,,,,,,,,,,,,,,,,,,,,,,,,,,,,,,,,,,,,,,,,,,,,
2026,2,otc,2026-08-20,3611,鼎翰,6406872,7668763,14075635,4343394,3354311,7697705,475546,,758340,,1117783,,,,,5780,6377930,,0,,134.0,,4020481.0,6372150,0.0,,,,,,,,,,,,,,,,,,,,,,,,,,,,,,,,,,,,,,,,,,,,,,,,,,,,,,,,,,,,,,
2026,2,otc,2026-08-20,3615,安可,1175908,1938882,3114790,279386,297660,577046,684670,,1415716,,-35858,,,,,205494,2537744,0,0,,34.06,,267722.0,2332250,0.0,,,,,,,,,,,,,,,,,,,,,,,,,,,,,,,,,,,,,,,,,,,,,,,,,,,,,,,,,,,,,,
2026,2,otc,2026-08-20,3623,富晶通,417633,48573,466206,77375,12725,90100,291859,,59627,,48,,,,,,376106,0,0,,12.89,,24572.0,,0.0,,,,,,,,,,,,,,,,,,,,,,,,,,,,,,,,,,,,,,,,,,,,,,,,,,,,,,,,,,,,,,
2026,2,otc,2026-08-20,3624,光頡,3226183,1321125,4547308,919634,29944,949578,1173408,,730121,,22603,,,,,24239,3597730,0,0,,30.45,,1647359.0,3573491,0.0,,,,,,,,,,,,,,,,,,,,,,,,,,,,,,,,,,,,,,,,,,,,,,,,,,,,,,,,,,,,,,
2026,2,otc,2026-08-20,3625,西勝,436846,1186368,1623214,644126,459973,1104099,1142468,,34940,,-38801,-37228,,,,,519115,,0,,4.72,,-582264.0,519115,4309000.0,,,,,,,,,,,,,,,,,,,,,,,,,,,,,,,,,,,,,,,,,,,,,,,,,,,,,,,,,,,,,,
2026,2,otc,2026-08-20,3628,盈正,2827051,947585,3774636,2042358,126962,2169320,450000,,713348,,-9851,,,,,2560,1605316,0,0,,35.62,,449259.0,1602756,0.0,,,,,,,,,,,,,,,,,,,,,,,,,,,,,,,,,,,,,,,,,,,,,,,,,,,,,,,,,,,,,,
2026,2,otc,2026-08-20,3629,地心引力,48682,6944,55626,10614,1877,12491,329548,,,,-14033,,,,,,43135,,0,,1.31,,-272380.0,43135,0.0,,,,,,,,,,,,,,,,,,,,,,,,,,,,,,,,,,,,,,,,,,,,,,,,,,,,,,,,,,,,,,
2026,2,otc,2026-08-20,3630,新鉅科,2477365,1788277,4265642,851965,481531,1333496,2041919,,2642228,,-63539,,,,,,2932146,0,0,,14.36,,-1688462.0,2932146,0.0,,,,,,,,,,,,,,,,,,,,,,,,,,,,,,,,,,,,,,,,,,,,,,,,,,,,,,,,,,,,,,
2026,2,otc,2026-08-20,3631,晟楠,799200,1698209,2497409,353727,686361,1040088,818209,,390413,,16561,0,,,,260945,1457321,,0,,14.62,,-28807.0,1196376,0.0,,,,,,,,,,,,,,,,,,,,,,,,,,,,,,,,,,,,,,,,,,,,,,,,,,,,,,,,,,,,,,
2026,2,otc,2026-08-20,3632,研勤,94533,248705,343238,102018,113837,215855,408897,,1808,,-29939,,,,,11603,127383,,0,,2.83,,-264986.0,115780,0.0,,,,,,,,,,,,,,,,,,,,,,,,,,,,,,,,,,,,,,,,,,,,,,,,,,,,,,,,,,,,,,
2026,2,otc,2026-08-20,3646,艾恩特,822822,227015,1049837,524838,42552,567390,392974,,15166,,27472,,,,,,482447,,0,,12.28,,46835.0,482447,0.0,,,,,,,,,,,,,,,,,,,,,,,,,,,,,,,,,,,,,,,,,,,,,,,,,,,,,,,,,,,,,,
2026,2,otc,2026-08-20,3663,鑫科,4417513,1001093,5418606,1221193,449633,1670826,1084940,,752214,,665985,,,,,514037,3747780,,0,,29.81,,730604.0,3233743,0.0,,,,,,,,,,,,,,,,,,,,,,,,,,,,,,,,,,,,,,,,,,,,,,,,,,,,,,,,,,,,,,
2026,2,otc,2026-08-20,3666,光耀,1632913,501828,2134741,454922,1218,456140,1389499,,823063,,-88497,-103068,,,,,1678601,,0,,12.38,,-342396.0,1678601,3396000.0,,,,,,,,,,,,,,,,,,,,,,,,,,,,,,,,,,,,,,,,,,,,,,,,,,,,,,,,,,,,,,
2026,2,otc,2026-08-20,3672,康聯訊,302059,235537,537596,206118,39253,245371,407903,,60442,,-14939,0,,,,149,292225,,0,,7.16,,-161330.0,292076,0.0,,,,,,,,,,,,,,,,,,,,,,,,,,,,,,,,,,,,,,,,,,,,,,,,,,,,,,,,,,,,,,
2026,2,otc,2026-08-20,3675,德微,2498329,2765749,5264078,1162914,774731,1937645,530579,,1959007,,2206,0,,,,387863,3326433,,0,,55.38,,446778.0,2938570,0.0,,,,,,,,,,,,,,,,,,,,,,,,,,,,,,,,,,,,,,,,,,,,,,,,,,,,,,,,,,,,,,
2026,2,otc,2026-08-20,3680,家登,11719453,16036360,27755813,5012348,8049307,13061655,961550,,7737900,,1423331,,,,,1705158,14694158,,62389,,135.08,,2866219.0,12989000,0.0,,,,,,,,,,,,,,,,,,,,,,,,,,,,,,,,,,,,,,,,,,,,,,,,,,,,,,,,,,,,,,
2026,2,otc,2026-08-20,3684,榮昌,915181,545119,1460300,397004,355382,752386,303047,,116775,,413,,,,,,707914,0,0,,23.36,,287679.0,707914,0.0,,,,,,,,,,,,,,,,,,,,,,,,,,,,,,,,,,,,,,,,,,,,,,,,,,,,,,,,,,,,,,
2026,2,otc,2026-08-20,3685,元創精密,1392788,898851,2291639,1013711,89322,1103033,795740,,0,,-28665,,,,,455692,1188606,,0,,9.21,,-34161.0,732914,0.0,,,,,,,,,,,,,,,,,,,,,,,,,,,,,,,,,,,,,,,,,,,,,,,,,,,,,,,,,,,,,,
2026,2,otc,2026-08-20,3687,歐買尬,7253833,2205420,9459253,4726967,641901,5368868,301241,,1086022,,-23786,,,,,2523884,4090385,,0,,52.0,,203024.0,1566501,0.0,,,,,,,,,,,,,,,,,,,,,,,,,,,,,,,,,,,,,,,,,,,,,,,,,,,,,,,,,,,,,,
2026,2,otc,2026-08-20,3689,湧德,5796331,3082990,8879321,3626303,146546,3772849,895088,,1538941,,-3874,,,,,130138,5106472,,117824,,55.6,,2546179.0,4976334,0.0,,,,,,,,,,,,,,,,,,,,,,,,,,,,,,,,,,,,,,,,,,,,,,,,,,,,,,,,,,,,,,
2026,2,otc,2026-08-20,3691,碩禾,6126085,7181268,13307353,2490504,3652639,6143143,918834,,4972855,,-302594,,,,,1110263,7164210,,0,,65.89,,464852.0,6053947,0.0,,,,,,,,,,,,,,,,,,,,,,,,,,,,,,,,,,,,,,,,,,,,,,,,,,,,,,,,,,,,,,
2026,2,otc,2026-08-20,3693,營邦,6906432,3131647,10038079,4208063,505054,4713117,429907,,1945035,,29972,,,,,74008,5324962,0,0,,122.14,,2846040.0,5250954,0.0,,,,,,,,,,,,,,,,,,,,,,,,,,,,,,,,,,,,,,,,,,,,,,,,,,,,,,,,,,,,,,
2026,2,otc,2026-08-20,3707,漢磊,8309036,6534104,14843140,2360576,1310704,3671280,4004844,,5053781,,-113275,,,,,2450669,11171860,0,0,,21.78,,-224159.0,8721191,0.0,,,,,,,,,,,,,,,,,,,,,,,,,,,,,,,,,,,,,,,,,,,,,,,,,,,,,,,,,,,,,,
2026,2,otc,2026-08-20,3709,鑫聯大投控,39747963,493674,40241637,35590577,417625,36008202,1255695,,880113,,104698,,,,,-32051,4233435,0,0,,33.97,,2024980.0,4265486,0.0,,,,,,,,,,,,,,,,,,,,,,,,,,,,,,,,,,,,,,,,,,,,,,,,,,,,,,,,,,,,,,
2026,2,otc,2026-08-20,3710,連展投控,4691082,3674492,8365574,5769224,1129916,6899140,2872507,,32269,,-355447,,,,,423156,1466434,0,0,,3.63,,-1506051.0,1043278,0.0,,,,,,,,,,,,,,,,,,,,,,,,,,,,,,,,,,,,,,,,,,,,,,,,,,,,,,,,,,,,,,
2026,2,otc,2026-08-20,3713,新晶投控,465798,2353292,2819090,553702,1565018,2118720,880994,,230259,,-1182,,,,,10023,700370,0,0,,7.84,,-419724.0,690347,0.0,,,,,,,,,,,,,,,,,,,,,,,,,,,,,,,,,,,,,,,,,,,,,,,,,,,,,,,,,,,,,,
2026,2,otc,2026-08-20,4102,永日,359200,592670,951870,198371,73571,271942,423735,,29919,,55682,,,,,80763,679928,0,0,,14.14,,89829.0,599165,0.0,,,,,,,,,,,,,,,,,,,,,,,,,,,,,,,,,,,,,,,,,,,,,,,,,,,,,,,,,,,,,,
2026,2,otc,2026-08-20,4105,東洋,6430448,5395115,11825563,3016808,1060129,4076937,2486500,,317837,,-6637,,,,,793200,7748626,0,0,,27.97,,4157726.0,6955426,0.0,,,,,,,,,,,,,,,,,,,,,,,,,,,,,,,,,,,,,,,,,,,,,,,,,,,,,,,,,,,,,,
2026,2,otc,2026-08-20,4107,邦特,2557794,2323239,4881033,931180,421703,1352883,692983,,317151,,24082,,,,,,3528150,,0,,50.91,,2493934.0,3528150,0.0,,,,,,,,,,,,,,,,,,,,,,,,,,,,,,,,,,,,,,,,,,,,,,,,,,,,,,,,,,,,,,
2026,2,otc,2026-08-20,4109,加捷生醫,592258,1286964,1879222,153046,70556,223602,1187367,,251837,,-96841,,,,,30679,1655620,0,0,,13.69,,282578.0,1624941,0.0,,,,,,,,,,,,,,,,,,,,,,,,,,,,,,,,,,,,,,,,,,,,,,,,,,,,,,,,,,,,,,
2026,2,otc,2026-08-20,4111,濟生,976022,1059930,2035952,541650,92989,634639,598321,,48848,,-2757,,,,,,1401313,,0,,23.42,,756901.0,,0.0,,,,,,,,,,,,,,,,,,,,,,,,,,,,,,,,,,,,,,,,,,,,,,,,,,,,,,,,,,,,,,
2026,2,otc,2026-08-20,4113,聯上,15403511,1195726,16599237,11623724,795099,12418823,2311382,,1310166,,0,,,,,,4180414,,0,,18.09,,558866.0,,0.0,,,,,,,,,,,,,,,,,,,,,,,,,,,,,,,,,,,,,,,,,,,,,,,,,,,,,,,,,,,,,,
2026,2,otc,2026-08-20,4114,健喬,7052811,8222303,15275114,3471347,1937231,5408578,5504297,,2557060,,-93755,-217139,,,,1216852,9866536,,0,,17.26,,899221.0,8649684,9067799.0,,,,,,,,,,,,,,,,,,,,,,,,,,,,,,,,,,,,,,,,,,,,,,,,,,,,,,,,,,,,,,
2026,2,otc,2026-08-20,4116,明基醫,3522625,1995544,5518169,2324157,920799,3244956,445660,,298107,,-5336,,,,,1170674,2273213,,0,,24.74,,364108.0,1102539,0.0,,,,,,,,,,,,,,,,,,,,,,,,,,,,,,,,,,,,,,,,,,,,,,,,,,,,,,,,,,,,,,
2026,2,otc,2026-08-20,4120,友華,4035955,7714346,11750301,3480149,1931632,5411781,867471,,508927,,640203,,,,,1109812,6338520,,0,,60.28,,3212107.0,5228708,0.0,,,,,,,,,,,,,,,,,,,,,,,,,,,,,,,,,,,,,,,,,,,,,,,,,,,,,,,,,,,,,,
2026,2,otc,2026-08-20,4121,優盛,2091217,1912971,4004188,1074151,1019293,2093444,831110,,309814,,-28943,-23251,,,,534148,1910744,0,0,,17.08,,287866.0,1376596,2533000.0,,,,,,,,,,,,,,,,,,,,,,,,,,,,,,,,,,,,,,,,,,,,,,,,,,,,,,,,,,,,,,
2026,2,otc,2026-08-20,4123,晟德,4425351,19540815,23966166,2396241,4414358,6810599,8060212,,5434280,,103851,-592731,,,,7,17155567,,0,,22.77,,4149948.0,17155560,14692467.0,,,,,,,,,,,,,,,,,,,,,,,,,,,,,,,,,,,,,,,,,,,,,,,,,,,,,,,,,,,,,,
2026,2,otc,2026-08-20,4126,太醫,2124422,2065637,4190059,903830,429753,1333583,726000,,344915,,0,,,,,,2856476,,0,,39.35,,1785561.0,,0.0,,,,,,,,,,,,,,,,,,,,,,,,,,,,,,,,,,,,,,,,,,,,,,,,,,,,,,,,,,,,,,
2026,2,otc,2026-08-20,4127,天良,315843,907507,1223350,704010,90,704100,457600,,0,,-9962,,,,,,519250,,0,,11.35,,71612.0,519250,0.0,,,,,,,,,,,,,,,,,,,,,,,,,,,,,,,,,,,,,,,,,,,,,,,,,,,,,,,,,,,,,,
2026,2,otc,2026-08-20,4128,中天,3328781,9501034,12829815,548126,1592808,2140934,5881706,,3956890,,-326756,,,,,1189162,10688881,,0,,16.15,,-12121.0,9499719,0.0,,,,,,,,,,,,,,,,,,,,,,,,,,,,,,,,,,,,,,,,,,,,,,,,,,,,,,,,,,,,,,
2026,2,otc,2026-08-20,4129,聯合,4710851,3799923,8510774,3295196,1210554,4505750,964376,,2281472,,-40146,,,,,101905,4005024,,0,,40.47,,697417.0,3903119,0.0,,,,,,,,,,,,,,,,,,,,,,,,,,,,,,,,,,,,,,,,,,,,,,,,,,,,,,,,,,,,,,
2026,2,otc,2026-08-20,4131,浩泰,253033,327999,581032,222809,51349,274158,398790,,26164,,-38493,,,,,20747,306874,,89000,,7.17,,-100334.0,286127,0.0,,,,,,,,,,,,,,,,,,,,,,,,,,,,,,,,,,,,,,,,,,,,,,,,,,,,,,,,,,,,,,
2026,2,otc,2026-08-20,4138,曜亞,1847081,1114253,2961334,851035,323117,1174152,399300,,630771,,115367,,,,,207664,1787182,0,0,,39.56,,434080.0,1579518,0.0,,,,,,,,,,,,,,,,,,,,,,,,,,,,,,,,,,,,,,,,,,,,,,,,,,,,,,,,,,,,,,
2026,2,otc,2026-08-20,4147,中裕,3058367,1442601,4500968,197618,626867,824485,2732024,,2475330,,-36264,-134065,,,,,3676483,,0,,13.58,,-1360542.0,3676483,2500000.0,,,,,,,,,,,,,,,,,,,,,,,,,,,,,,,,,,,,,,,,,,,,,,,,,,,,,,,,,,,,,,
2026,2,otc,2026-08-20,4153,鈺緯,1200554,265377,1465931,497460,1242,498702,586682,,287098,,-6999,0,,,,,967229,,0,,16.49,,100448.0,967229,0.0,,,,,,,,,,,,,,,,,,,,,,,,,,,,,,,,,,,,,,,,,,,,,,,,,,,,,,,,,,,,,,
2026,2,otc,2026-08-20,4160,訊聯基因,518499,199363,717862,207636,16561,224197,280137,,55292,,94609,,,,,589,493665,0,0,,18.47,,63038.0,493076,0.0,,,,,,,,,,,,,,,,,,,,,,,,,,,,,,,,,,,,,,,,,,,,,,,,,,,,,,,,,,,,,,
2026,2,otc,2026-08-20,4161,聿新科,989119,633744,1622863,528340,101939,630279,598081,,287751,,-22358,,,,,4200,992584,0,0,,16.53,,124910.0,988384,0.0,,,,,,,,,,,,,,,,,,,,,,,,,,,,,,,,,,,,,,,,,,,,,,,,,,,,,,,,,,,,,,
2026,2,otc,2026-08-20,4162,智擎,5365928,56137,5422065,478893,33359,512252,1456776,,1615939,,0,-133410,,,,,4909813,0,0,,34.17,,1970508.0,,2000000.0,,,,,,,,,,,,,,,,,,,,,,,,,,,,,,,,,,,,,,,,,,,,,,,,,,,,,,,,,,,,,,
2026,2,otc,2026-08-20,4163,鐿鈦,2194995,2566187,4761182,1157009,842526,1999535,506771,,503069,,-50126,,,,,57965,2761647,2500,0,,53.35,,1743968.0,2703682,0.0,,,,,,,,,,,,,,,,,,,,,,,,,,,,,,,,,,,,,,,,,,,,,,,,,,,,,,,,,,,,,,
2026,2,otc,2026-08-20,4166,友霖,1277643,1734286,3011929,172799,181101,353900,2430351,,128042,,3483,,,,,,2658029,,0,,10.94,,96153.0,2658029,0.0,,,,,,,,,,,,,,,,,,,,,,,,,,,,,,,,,,,,,,,,,,,,,,,,,,,,,,,,,,,,,,
2026,2,otc,2026-08-20,4167,松瑞藥,3647274,1516567,5163841,585223,183741,768964,3315543,,132746,,989,0,,,,820,4394877,,0,,14.15,,944779.0,4394057,0.0,,,,,,,,,,,,,,,,,,,,,,,,,,,,,,,,,,,,,,,,,,,,,,,,,,,,,,,,,,,,,,
2026,2,otc,2026-08-20,4168,醣聯,600713,790617,1391330,57488,483107,540595,1125213,,0,,-11613,,,,,,850735,0,0,,7.56,,-262865.0,850735,0.0,,,,,,,,,,,,,,,,,,,,,,,,,,,,,,,,,,,,,,,,,,,,,,,,,,,,,,,,,,,,,,
2026,2,otc,2026-08-20,4171,瑞基,479207,378912,858119,198907,77733,276640,580575,,150536,,-6099,-25733,,,,8777,581479,0,0,,10.07,,-126577.0,572702,1200000.0,,,,,,,,,,,,,,,,,,,,,,,,,,,,,,,,,,,,,,,,,,,,,,,,,,,,,,,,,,,,,,
2026,2,otc,2026-08-20,4173,久裕,4475339,702794,5178133,3151360,136077,3287437,745744,,656515,,267955,,,,,,1890696,0,0,,25.35,,220482.0,1890696,0.0,,,,,,,,,,,,,,,,,,,,,,,,,,,,,,,,,,,,,,,,,,,,,,,,,,,,,,,,,,,,,,
2026,2,otc,2026-08-20,4174,浩鼎,841455,1848486,2689941,227177,268382,495559,1315797,,9437141,,-11352,0,,,,706903,2194382,0,0,,11.3,,-9254107.0,1487479,0.0,,,,,,,,,,,,,,,,,,,,,,,,,,,,,,,,,,,,,,,,,,,,,,,,,,,,,,,,,,,,,,
2026,2,otc,2026-08-20,4175,杏一,2312808,4994314,7307122,2853000,2924313,5777313,423233,,764958,,9954,,,,,4921,1529809,,0,,36.03,,326743.0,1524888,0.0,,,,,,,,,,,,,,,,,,,,,,,,,,,,,,,,,,,,,,,,,,,,,,,,,,,,,,,,,,,,,,
2026,2,otc,2026-08-20,4183,福永生技,326824,176366,503190,142139,93701,235840,238000,,31600,,,,,,,,267350,,0,,11.23,,-2250.0,,0.0,,,,,,,,,,,,,,,,,,,,,,,,,,,,,,,,,,,,,,,,,,,,,,,,,,,,,,,,,,,,,,
2026,2,otc,2026-08-20,4188,安克,377687,239689,617376,20428,8906,29334,633329,,142417,,21511,,,,,72496,588042,,0,,8.14,,-281711.0,515546,0.0,,,,,,,,,,,,,,,,,,,,,,,,,,,,,,,,,,,,,,,,,,,,,,,,,,,,,,,,,,,,,,
2026,2,otc,2026-08-20,4192,杏國,192605,47171,239776,16668,3931,20599,351645,,0,,-36339,,,,,,219177,,0,,6.23,,-96129.0,219177,0.0,,,,,,,,,,,,,,,,,,,,,,,,,,,,,,,,,,,,,,,,,,,,,,,,,,,,,,,,,,,,,,
2026,2,otc,2026-08-20,4198,欣大健康,250609,103379,353988,88073,13548,101621,241080,,40725,,13158,,,,,48369,252367,0,0,,8.46,,-90965.0,203998,0.0,,,,,,,,,,,,,,,,,,,,,,,,,,,,,,,,,,,,,,,,,,,,,,,,,,,,,,,,,,,,,,
2026,2,otc,2026-08-20,4205,中華食,1779685,1086386,2866071,608873,90193,699066,976492,,51989,,0,,,,,,2167005,0,0,,22.19,,1138524.0,,0.0,,,,,,,,,,,,,,,,,,,,,,,,,,,,,,,,,,,,,,,,,,,,,,,,,,,,,,,,,,,,,,
2026,2,otc,2026-08-20,4207,環泰,3257436,3347796,6605232,1286174,1248814,2534988,1985380,,79957,,-142909,,,,,1180320,4070244,,0,,14.56,,967496.0,2889924,0.0,,,,,,,,,,,,,,,,,,,,,,,,,,,,,,,,,,,,,,,,,,,,,,,,,,,,,,,,,,,,,,
2026,2,otc,2026-08-20,4303,信立,783529,4110514,4894043,887273,145588,1032861,1324474,,191457,,4121,,,,,484279,3861182,0,0,,35.69,,1856851.0,3376903,0.0,,,,,,,,,,,,,,,,,,,,,,,,,,,,,,,,,,,,,,,,,,,,,,,,,,,,,,,,,,,,,,
2026,2,otc,2026-08-20,4304,勝昱,303787,353583,657370,312365,33590,345955,610380,,,,162616,,,,,,311415,,0,,5.1,,-461581.0,311415,0.0,,,,,,,,,,,,,,,,,,,,,,,,,,,,,,,,,,,,,,,,,,,,,,,,,,,,,,,,,,,,,,
2026,2,otc,2026-08-20,4305,世坤,1271809,298014,1569823,358954,4026,362980,550140,,75,,,,,,,,1206843,0,0,,21.94,,656628.0,,0.0,,,,,,,,,,,,,,,,,,,,,,,,,,,,,,,,,,,,,,,,,,,,,,,,,,,,,,,,,,,,,,
2026,2,otc,2026-08-20,4401,東隆興,2592094,3167842,5759936,2193880,808737,3002617,1226920,,167271,,-45959,,,,,51577,2757319,,0,,22.05,,1357510.0,2705742,0.0,,,,,,,,,,,,,,,,,,,,,,,,,,,,,,,,,,,,,,,,,,,,,,,,,,,,,,,,,,,,,,
2026,2,otc,2026-08-20,4402,郡都開發,191876,427677,619553,6612,39181,45793,679918,,6,,157424,,,-935,,0,573760,,0,,8.44,,-262653.0,574695,0.0,,,,,,,,,,,,,,,,,,,,,,,,,,,,,,,,,,,,,,,,,,,,,,,,,,,,,,,,,,,,,,
2026,2,otc,2026-08-20,4406,新昕纖,420518,419168,839686,195401,36897,232298,519120,,40320,,84424,0,,,,,607388,0,0,,11.7,,-36476.0,,0.0,,,,,,,,,,,,,,,,,,,,,,,,,,,,,,,,,,,,,,,,,,,,,,,,,,,,,,,,,,,,,,
2026,2,otc,2026-08-20,4413,飛寶企業,358954,138388,497342,69613,85778,155391,313147,,0,,-798,,,,,,341951,,0,,10.92,,29602.0,341951,0.0,,,,,,,,,,,,,,,,,,,,,,,,,,,,,,,,,,,,,,,,,,,,,,,,,,,,,,,,,,,,,,
2026,2,otc,2026-08-20,4416,三圓,11522420,1934824,13457244,6954330,4558882,11513212,735861,,809866,,-526,-78340,,,,,1944032,,0,,26.66,,477171.0,1944032,671687.0,,,,,,,,,,,,,,,,,,,,,,,,,,,,,,,,,,,,,,,,,,,,,,,,,,,,,,,,,,,,,,
2026,2,otc,2026-08-20,4417,金洲,3182290,2148613,5330903,1235330,519007,1754337,839713,,39479,,-204598,,,,,411397,3576566,,0,,37.69,,2490575.0,3165169,0.0,,,,,,,,,,,,,,,,,,,,,,,,,,,,,,,,,,,,,,,,,,,,,,,,,,,,,,,,,,,,,,
2026,2,otc,2026-08-20,4419,皇家美食,535467,2378547,2914014,1209686,726680,1936366,1691631,,330980,,-471,,,,,67889,977648,,0,,5.38,,-1112381.0,909759,0.0,,,,,,,,,,,,,,,,,,,,,,,,,,,,,,,,,,,,,,,,,,,,,,,,,,,,,,,,,,,,,,
2026,2,otc,2026-08-20,4420,光明,347435,1265271,1612706,155912,36097,192009,404550,,203158,,-7728,0,,,0,,1420697,0,0,,35.12,,820717.0,,0.0,,,,,,,,,,,,,,,,,,,,,,,,,,,,,,,,,,,,,,,,,,,,,,,,,,,,,,,,,,,,,,
2026,2,otc,2026-08-20,4430,耀億,1554170,2017278,3571448,1322329,496259,1818588,562736,,734559,,-95119,,,,,,1752860,0,0,,31.15,,550684.0,1752860,0.0,,,,,,,,,,,,,,,,,,,,,,,,,,,,,,,,,,,,,,,,,,,,,,,,,,,,,,,,,,,,,,
2026,2,otc,2026-08-20,4432,銘旺實,1589401,256442,1845843,253711,15060,268771,505890,,371339,,-81195,,,,,,1577072,0,0,,31.17,,781038.0,1577072,0.0,,,,,,,,,,,,,,,,,,,,,,,,,,,,,,,,,,,,,,,,,,,,,,,,,,,,,,,,,,,,,,
2026,2,otc,2026-08-20,4433,興采,1939474,4539185,6478659,2461582,2101760,4563342,612998,,931617,,-11193,-25914,,,,111561,1915317,0,0,,29.84,,296248.0,1803756,860000.0,,,,,,,,,,,,,,,,,,,,,,,,,,,,,,,,,,,,,,,,,,,,,,,,,,,,,,,,,,,,,,
2026,2,otc,2026-08-20,4502,健信,1086015,1285763,2371778,1151572,687788,1839360,574697,,275558,,-48647,-34203,,,,-39,532418,0,0,,9.6,,-234948.0,532457,2003000.0,,,,,,,,,,,,,,,,,,,,,,,,,,,,,,,,,,,,,,,,,,,,,,,,,,,,,,,,,,,,,,
2026,2,otc,2026-08-20,4503,金雨,2042477,472398,2514875,158282,489667,647949,783133,,974628,,6450,,,,,4740,1866926,,0,,23.78,,97975.0,1862186,0.0,,,,,,,,,,,,,,,,,,,,,,,,,,,,,,,,,,,,,,,,,,,,,,,,,,,,,,,,,,,,,,
2026,2,otc,2026-08-20,4506,崇友,8950341,2813497,11763838,6005237,58454,6063691,1770120,,63404,,-63072,0,,,,-144,5700147,0,0,,32.2,,3929839.0,5700291,0.0,,,,,,,,,,,,,,,,,,,,,,,,,,,,,,,,,,,,,,,,,,,,,,,,,,,,,,,,,,,,,,
2026,2,otc,2026-08-20,4510,高鋒,2637488,2935299,5572787,2319094,1103293,3422387,1089777,,374264,,60775,,,,,270726,2150400,0,0,,17.25,,354858.0,1879674,0.0,,,,,,,,,,,,,,,,,,,,,,,,,,,,,,,,,,,,,,,,,,,,,,,,,,,,,,,,,,,,,,
2026,2,otc,2026-08-20,4513,福裕,3444225,810281,4254506,949699,1746233,2695932,1437619,,296107,,-1898,,,,,,1558574,,0,,10.84,,-173254.0,1558574,0.0,,,,,,,,,,,,,,,,,,,,,,,,,,,,,,,,,,,,,,,,,,,,,,,,,,,,,,,,,,,,,,
2026,2,otc,2026-08-20,4523,永彰,1841320,1294480,3135800,1108489,140637,1249126,649490,,336658,,-132820,,,,,63614,1886674,0,0,,28.07,,969732.0,1823060,0.0,,,,,,,,,,,,,,,,,,,,,,,,,,,,,,,,,,,,,,,,,,,,,,,,,,,,,,,,,,,,,,
2026,2,otc,2026-08-20,4527,方方土霖,2331148,771607,3102755,1101077,189257,1290334,761524,,128616,,-63285,,,,,101706,1812421,0,0,,22.46,,883860.0,1710715,0.0,,,,,,,,,,,,,,,,,,,,,,,,,,,,,,,,,,,,,,,,,,,,,,,,,,,,,,,,,,,,,,
2026,2,otc,2026-08-20,4528,江興鍛,1490180,2103417,3593597,847292,476939,1324231,841657,,16775,,9421,0,,,,0,2269366,0,0,,26.96,,1401513.0,2269366,0.0,,,,,,,,,,,,,,,,,,,,,,,,,,,,,,,,,,,,,,,,,,,,,,,,,,,,,,,,,,,,,,
2026,2,otc,2026-08-20,4529,淳紳,105002,386699,491701,91939,187218,279157,845491,,14509,,-100820,,,,,891,212544,,0,,2.5,,-547527.0,211653,0.0,,,,,,,,,,,,,,,,,,,,,,,,,,,,,,,,,,,,,,,,,,,,,,,,,,,,,,,,,,,,,,
2026,2,otc,2026-08-20,4530,天意能創,715305,477477,1192782,463410,121040,584450,357950,,119350,,-20643,,,,,162983,608332,,0,,12.44,,-11308.0,445349,0.0,,,,,,,,,,,,,,,,,,,,,,,,,,,,,,,,,,,,,,,,,,,,,,,,,,,,,,,,,,,,,,
2026,2,otc,2026-08-20,4533,協易機,4588113,1711632,6299745,2864007,865091,3729098,1584341,,184982,,-62786,,,,,,2570647,,0,,16.23,,864110.0,2570647,0.0,,,,,,,,,,,,,,,,,,,,,,,,,,,,,,,,,,,,,,,,,,,,,,,,,,,,,,,,,,,,,,
2026,2,otc,2026-08-20,4534,慶騰,997862,482658,1480520,645492,120310,765802,867889,,59249,,-23677,,,,,0,714718,,0,,8.24,,-188743.0,714718,0.0,,,,,,,,,,,,,,,,,,,,,,,,,,,,,,,,,,,,,,,,,,,,,,,,,,,,,,,,,,,,,,
2026,2,otc,2026-08-20,4535,至興,2200104,996733,3196837,421869,23072,444941,756617,,150801,,-89138,0,,,,279859,2751896,,0,,32.67,,1653757.0,2472037,0.0,,,,,,,,,,,,,,,,,,,,,,,,,,,,,,,,,,,,,,,,,,,,,,,,,,,,,,,,,,,,,,
2026,2,otc,2026-08-20,4538,大詠城,469225,469259,938484,100817,11046,111863,594696,,69991,,,,,,,,826621,0,0,,13.9,,161934.0,,0.0,,,,,,,,,,,,,,,,,,,,,,,,,,,,,,,,,,,,,,,,,,,,,,,,,,,,,,,,,,,,,,
2026,2,otc,2026-08-20,4541,晟田,2097292,1965980,4063272,1038041,1277324,2315365,676471,,832312,,,,,,,,1747907,0,0,,25.84,,239124.0,,0.0,,,,,,,,,,,,,,,,,,,,,,,,,,,,,,,,,,,,,,,,,,,,,,,,,,,,,,,,,,,,,,
2026,2,otc,2026-08-20,4542,科嶠,1465869,612627,2078496,997449,113204,1110653,352542,,426083,,48454,,,,,6992,967843,0,0,,27.25,,133772.0,960851,0.0,,,,,,,,,,,,,,,,,,,,,,,,,,,,,,,,,,,,,,,,,,,,,,,,,,,,,,,,,,,,,,
2026,2,otc,2026-08-20,4543,萬在,1286066,1390082,2676148,532365,278781,811146,627609,,309560,,-1577,,,,,,1865002,0,0,,31.2,,929410.0,1865002,0.0,,,,,,,,,,,,,,,,,,,,,,,,,,,,,,,,,,,,,,,,,,,,,,,,,,,,,,,,,,,,,,
2026,2,otc,2026-08-20,4549,桓達,1901483,933179,2834662,399504,546216,945720,581425,,445121,,-25314,,,,,84,1888942,,0,,33.14,,887626.0,1888858,0.0,,,,,,,,,,,,,,,,,,,,,,,,,,,,,,,,,,,,,,,,,,,,,,,,,,,,,,,,,,,,,,
2026,2,otc,2026-08-20,4550,長佳,827696,761601,1589297,474926,177027,651953,378387,,116849,,-14194,,,,,,937344,,0,,24.77,,456302.0,937344,0.0,,,,,,,,,,,,,,,,,,,,,,,,,,,,,,,,,,,,,,,,,,,,,,,,,,,,,,,,,,,,,,
2026,2,otc,2026-08-20,4554,橙的,716241,164513,880754,324072,40460,364532,302766,,170884,,-6519,,,,,,516222,,0,,19.61,,49091.0,516222,0.0,,,,,,,,,,,,,,,,,,,,,,,,,,,,,,,,,,,,,,,,,,,,,,,,,,,,,,,,,,,,,,
2026,2,otc,2026-08-20,4556,旭然,854542,881184,1735726,713289,192877,906166,423028,,289202,,-21551,,,,,,829560,0,0,,19.61,,138881.0,829560,0.0,,,,,,,,,,,,,,,,,,,,,,,,,,,,,,,,,,,,,,,,,,,,,,,,,,,,,,,,,,,,,,
2026,2,otc,2026-08-20,4558,寶緯,1680995,1473826,3154821,1174425,1079850,2254275,500000,,234187,,,,,,,,900546,,0,,18.01,,166359.0,,0.0,,,,,,,,,,,,,,,,,,,,,,,,,,,,,,,,,,,,,,,,,,,,,,,,,,,,,,,,,,,,,,
2026,2,otc,2026-08-20,4561,健椿,1071376,1274891,2346267,459962,471851,931813,585216,,210536,,,,,,,,1414454,,0,,24.17,,618702.0,,0.0,,,,,,,,,,,,,,,,,,,,,,,,,,,,,,,,,,,,,,,,,,,,,,,,,,,,,,,,,,,,,,
2026,2,otc,2026-08-20,4563,百德,3128346,1261238,4389584,2215646,707422,2923068,549500,,842246,,105403,,,,,77553,1466516,,0,,25.28,,-108186.0,1388963,0.0,,,,,,,,,,,,,,,,,,,,,,,,,,,,,,,,,,,,,,,,,,,,,,,,,,,,,,,,,,,,,,
2026,2,otc,2026-08-20,4568,科際精密,1154645,562377,1717022,464759,188284,653043,320451,,507702,,-38118,-5355,,,,,1063979,,0,,33.32,,279299.0,1063979,112000.0,,,,,,,,,,,,,,,,,,,,,,,,,,,,,,,,,,,,,,,,,,,,,,,,,,,,,,,,,,,,,,
2026,2,otc,2026-08-20,4577,達航科技,855414,1051198,1906612,425419,528673,954092,491380,,188014,,-99392,,,,,,952520,,0,,19.38,,372518.0,952520,0.0,,,,,,,,,,,,,,,,,,,,,,,,,,,,,,,,,,,,,,,,,,,,,,,,,,,,,,,,,,,,,,
2026,2,otc,2026-08-20,4580,捷流閥業,2615167,1424454,4039621,950701,341401,1292102,468031,,1055798,,41030,,,,,,2747519,,0,,58.7,,1182660.0,2747519,0.0,,,,,,,,,,,,,,,,,,,,,,,,,,,,,,,,,,,,,,,,,,,,,,,,,,,,,,,,,,,,,,
2026,2,otc,2026-08-20,4584,君帆,1003558,1029494,2033052,684161,297452,981613,300024,,280684,,6736,,,,,,1051439,0,0,,35.05,,463995.0,1051439,0.0,,,,,,,,,,,,,,,,,,,,,,,,,,,,,,,,,,,,,,,,,,,,,,,,,,,,,,,,,,,,,,
2026,2,otc,2026-08-20,4609,唐鋒,374293,244523,618816,208337,279607,487944,479468,,3333,,-44104,,,,,,130872,,0,,2.73,,-307825.0,130872,0.0,,,,,,,,,,,,,,,,,,,,,,,,,,,,,,,,,,,,,,,,,,,,,,,,,,,,,,,,,,,,,,
2026,2,otc,2026-08-20,4702,中美實,736894,897463,1634357,307524,4621,312145,723332,,0,,40020,,,,,,1322212,0,0,,18.28,,558860.0,1322212,0.0,,,,,,,,,,,,,,,,,,,,,,,,,,,,,,,,,,,,,,,,,,,,,,,,,,,,,,,,,,,,,,
2026,2,otc,2026-08-20,4706,大恭,1522822,216678,1739500,184397,6825,191222,790301,,1170,,-9465,,,,,868,1548278,,0,,19.58,,765404.0,1547410,0.0,,,,,,,,,,,,,,,,,,,,,,,,,,,,,,,,,,,,,,,,,,,,,,,,,,,,,,,,,,,,,,
2026,2,otc,2026-08-20,4707,磐亞,1040764,9847826,10888590,2320462,300419,2620881,4138082,,883020,,1455904,,,,,,8267709,,0,,20.48,,1790703.0,,0.0,,,,,,,,,,,,,,,,,,,,,,,,,,,,,,,,,,,,,,,,,,,,,,,,,,,,,,,,,,,,,,
2026,2,otc,2026-08-20,4711,永純,856191,406319,1262510,175679,55724,231403,610560,,53311,,,,,,,,1031107,,0,,16.89,,367236.0,1031107,0.0,,,,,,,,,,,,,,,,,,,,,,,,,,,,,,,,,,,,,,,,,,,,,,,,,,,,,,,,,,,,,,
2026,2,otc,2026-08-20,4714,永捷,6063255,5748622,11811877,2904779,914816,3819595,1780882,,406544,,-155614,0,,,,5867076,7992282,0,0,,11.93,,93394.0,2125206,0.0,,,,,,,,,,,,,,,,,,,,,,,,,,,,,,,,,,,,,,,,,,,,,,,,,,,,,,,,,,,,,,
2026,2,otc,2026-08-20,4716,大立,1036539,697319,1733858,482737,111513,594250,944272,,87220,,-4503,,,,,-207,1139608,,0,,12.07,,112826.0,1139815,0.0,,,,,,,,,,,,,,,,,,,,,,,,,,,,,,,,,,,,,,,,,,,,,,,,,,,,,,,,,,,,,,
2026,2,otc,2026-08-20,4721,美琪瑪,2221229,648489,2869718,1415733,7100,1422833,749863,,24825,,-93725,,,,,,1446885,,0,,19.3,,765922.0,1446885,0.0,,,,,,,,,,,,,,,,,,,,,,,,,,,,,,,,,,,,,,,,,,,,,,,,,,,,,,,,,,,,,,
2026,2,otc,2026-08-20,4726,永昕,870260,2408944,3279204,1432208,438924,1871132,2070418,,77759,,105,,,,,,1408072,0,0,,6.8,,-740210.0,1408072,0.0,,,,,,,,,,,,,,,,,,,,,,,,,,,,,,,,,,,,,,,,,,,,,,,,,,,,,,,,,,,,,,
2026,2,otc,2026-08-20,4728,雙美,1031090,970278,2001368,404364,166070,570434,544630,,3651,,10552,,,,,,1430934,,0,,26.27,,872101.0,1430934,0.0,,,,,,,,,,,,,,,,,,,,,,,,,,,,,,,,,,,,,,,,,,,,,,,,,,,,,,,,,,,,,,
2026,2,otc,2026-08-20,4729,熒茂,1503638,1661854,3165492,1175392,611916,1787308,792268,,149335,,103770,,,,,201813,1378184,,0,,14.85,,130998.0,1176371,0.0,,,,,,,,,,,,,,,,,,,,,,,,,,,,,,,,,,,,,,,,,,,,,,,,,,,,,,,,,,,,,,
2026,2,otc,2026-08-20,4735,豪展,1052019,752054,1804073,664002,9526,673528,415688,,292609,,-29285,-123137,,,,0,1130545,0,0,,29.36,,574670.0,1130545,3063000.0,,,,,,,,,,,,,,,,,,,,,,,,,,,,,,,,,,,,,,,,,,,,,,,,,,,,,,,,,,,,,,
2026,2,otc,2026-08-20,4741,泓瀚,601275,553057,1154332,217296,2083,219379,348121,,353350,,-1639,,,,,6471,934953,,0,,26.67,,228650.0,928482,0.0,,,,,,,,,,,,,,,,,,,,,,,,,,,,,,,,,,,,,,,,,,,,,,,,,,,,,,,,,,,,,,
2026,2,otc,2026-08-20,4743,合一,5776841,5489441,11266282,154822,717849,872671,4805335,,5497822,,-189103,-25777,,,,145035,10393611,,0,,21.37,,160299.0,10248576,1033000.0,,,,,,,,,,,,,,,,,,,,,,,,,,,,,,,,,,,,,,,,,,,,,,,,,,,,,,,,,,,,,,
2026,2,otc,2026-08-20,4744,皇將,1312175,959768,2271943,661703,398216,1059919,569485,,462077,,-25552,-30581,,,,0,1212024,,0,,21.85,,236595.0,1212024,1477000.0,,,,,,,,,,,,,,,,,,,,,,,,,,,,,,,,,,,,,,,,,,,,,,,,,,,,,,,,,,,,,,
2026,2,otc,2026-08-20,4747,強生製藥,602886,1955817,2558703,820262,0,820262,454610,,1074364,,-9915,,,,,,1738441,,0,,38.24,,219382.0,1738441,0.0,,,,,,,,,,,,,,,,,,,,,,,,,,,,,,,,,,,,,,,,,,,,,,,,,,,,,,,,,,,,,,
2026,2,otc,2026-08-20,4749,新應材,7970565,6598177,14568742,1790763,2420835,4211598,999245,,7583592,,183718,,,,,8485,10357144,,86856,,111.49,,1582104.0,10348659,0.0,,,,,,,,,,,,,,,,,,,,,,,,,,,,,,,,,,,,,,,,,,,,,,,,,,,,,,,,,,,,,,
2026,2,otc,2026-08-20,4754,國碳科,655388,403264,1058652,381479,141861,523340,302832,,43287,,-3866,,,,,,535312,0,0,,17.68,,193059.0,535312,0.0,,,,,,,,,,,,,,,,,,,,,,,,,,,,,,,,,,,,,,,,,,,,,,,,,,,,,,,,,,,,,,
2026,2,otc,2026-08-20,4760,勤凱科技,2081982,782111,2864093,1060760,455124,1515884,327783,,238116,,237798,,,,,,1348209,,0,,41.94,,544512.0,,0.0,,,,,,,,,,,,,,,,,,,,,,,,,,,,,,,,,,,,,,,,,,,,,,,,,,,,,,,,,,,,,,
2026,2,otc,2026-08-20,4767,誠泰科技,988705,384161,1372866,185851,212345,398196,314150,,80349,,-12490,,,,,-733,974670,,0,,31.05,,593394.0,975403,0.0,,,,,,,,,,,,,,,,,,,,,,,,,,,,,,,,,,,,,,,,,,,,,,,,,,,,,,,,,,,,,,
2026,2,otc,2026-08-20,4768,晶呈科技,1691153,2747396,4438549,1590745,1147089,2737834,482002,,905787,,9119,,,,,279413,1700715,0,0,,29.93,,24394.0,1421302,0.0,,,,,,,,,,,,,,,,,,,,,,,,,,,,,,,,,,,,,,,,,,,,,,,,,,,,,,,,,,,,,,
2026,2,otc,2026-08-20,4772,台特化,3276618,5245650,8522268,1226018,2684144,3910162,1476816,,1284588,,19304,,,,,910713,4612106,0,0,,25.06,,920685.0,3701393,0.0,,,,,,,,,,,,,,,,,,,,,,,,,,,,,,,,,,,,,,,,,,,,,,,,,,,,,,,,,,,,,,
2026,2,otc,2026-08-20,4806,桂田文創,494464,364135,858599,121021,100320,221341,999471,,9253,,-61734,,,,,0,637258,0,0,,6.38,,-309732.0,637258,0.0,,,,,,,,,,,,,,,,,,,,,,,,,,,,,,,,,,,,,,,,,,,,,,,,,,,,,,,,,,,,,,
2026,2,otc,2026-08-20,4903,聯光通,1240534,679229,1919763,666854,84797,751651,1053437,,2823,,-4510,,,,,,1168112,0,0,,11.09,,116362.0,1168112,0.0,,,,,,,,,,,,,,,,,,,,,,,,,,,,,,,,,,,,,,,,,,,,,,,,,,,,,,,,,,,,,,
2026,2,otc,2026-08-20,4905,台聯電,2038480,2886610,4925090,1203986,381881,1585867,292600,,10696,,-64524,-14,,,,221206,3339223,,0,,106.56,,2879259.0,3118017,595.0,,,,,,,,,,,,,,,,,,,,,,,,,,,,,,,,,,,,,,,,,,,,,,,,,,,,,,,,,,,,,,
2026,2,otc,2026-08-20,4907,富宇,8139890,195890,8335780,5193347,74245,5267592,1181458,,70025,,25863,,,,,,3068188,,0,,25.97,,1790842.0,,0.0,,,,,,,,,,,,,,,,,,,,,,,,,,,,,,,,,,,,,,,,,,,,,,,,,,,,,,,,,,,,,,
2026,2,otc,2026-08-20,4908,前鼎,1651484,460710,2112194,345771,1959,347730,782169,,94151,,7140,,,,,,1764464,0,0,,22.56,,881004.0,,0.0,,,,,,,,,,,,,,,,,,,,,,,,,,,,,,,,,,,,,,,,,,,,,,,,,,,,,,,,,,,,,,
2026,2,otc,2026-08-20,4909,新復興,2333429,346820,2680249,111823,31842,143665,933568,,514835,,-2435,,,,,,2536584,,0,,27.17,,1090616.0,2536584,0.0,,,,,,,,,,,,,,,,,,,,,,,,,,,,,,,,,,,,,,,,,,,,,,,,,,,,,,,,,,,,,,
2026,2,otc,2026-08-20,4911,德英,472263,505087,977350,100718,91,100809,688172,,134235,,,,,,,,876541,0,0,,13.76,,54134.0,,0.0,,,,,,,,,,,,,,,,,,,,,,,,,,,,,,,,,,,,,,,,,,,,,,,,,,,,,,,,,,,,,,
2026,2,otc,2026-08-20,4923,力士,819728,66240,885968,191034,161436,352470,369404,,402964,,-27,-55478,,,,,533498,0,3049560,,14.91,,-183365.0,533498,1150000.0,,,,,,,,,,,,,,,,,,,,,,,,,,,,,,,,,,,,,,,,,,,,,,,,,,,,,,,,,,,,,,
2026,2,otc,2026-08-20,4931,新盛力,3357219,395791,3753010,1468867,673350,2142217,655658,,329017,,-46963,,,,,,1610793,0,0,,24.57,,673081.0,1610793,0.0,,,,,,,,,,,,,,,,,,,,,,,,,,,,,,,,,,,,,,,,,,,,,,,,,,,,,,,,,,,,,,
2026,2,otc,2026-08-20,4933,友輝,3735925,1444587,5180512,1072997,239283,1312280,826627,,1047078,,123074,,,,,,3868232,,51000,,46.8,,1871453.0,3868232,0.0,,,,,,,,,,,,,,,,,,,,,,,,,,,,,,,,,,,,,,,,,,,,,,,,,,,,,,,,,,,,,,
2026,2,otc,2026-08-20,4939,亞電,1860148,1169133,3029281,1274024,238005,1512029,982009,,192899,,64229,,,,,,1517252,0,0,,15.45,,278115.0,1517252,0.0,,,,,,,,,,,,,,,,,,,,,,,,,,,,,,,,,,,,,,,,,,,,,,,,,,,,,,,,,,,,,,
2026,2,otc,2026-08-20,4946,辣椒,245717,53732,299449,123267,3316,126583,88528,,76364,,0,,,,,211,172866,,0,,19.5,,7763.0,172655,0.0,,,,,,,,,,,,,,,,,,,,,,,,,,,,,,,,,,,,,,,,,,,,,,,,,,,,,,,,,,,,,,
2026,2,otc,2026-08-20,4950,金耘國際,901145,427010,1328155,533316,35502,568818,577291,,3015,,-42379,,,,,204899,759337,,0,,9.6,,16511.0,554438,0.0,,,,,,,,,,,,,,,,,,,,,,,,,,,,,,,,,,,,,,,,,,,,,,,,,,,,,,,,,,,,,,
2026,2,otc,2026-08-20,4951,精拓科,620316,489312,1109628,157208,14974,172182,341487,,123645,,-9006,,,,,0,937446,0,0,,27.45,,481320.0,937446,0.0,,,,,,,,,,,,,,,,,,,,,,,,,,,,,,,,,,,,,,,,,,,,,,,,,,,,,,,,,,,,,,
2026,2,otc,2026-08-20,4953,緯致,5836542,932776,6769318,2523301,151428,2674729,733264,,1354535,,109546,-228825,,,,,4094589,0,0,,57.55,,2126069.0,4094589,2000000.0,,,,,,,,,,,,,,,,,,,,,,,,,,,,,,,,,,,,,,,,,,,,,,,,,,,,,,,,,,,,,,
2026,2,otc,2026-08-20,4966,譜瑞-KY,17023784,8915678,25939462,3561230,228176,3789406,789578,,3262510,,1406896,-1355314,,,,,22150056,0,0,,288.11,,18046386.0,22150056,2077192.0,,,,,,,,,,,,,,,,,,,,,,,,,,,,,,,,,,,,,,,,,,,,,,,,,,,,,,,,,,,,,,
2026,2,otc,2026-08-20,4972,湯石照明,1083726,747046,1830772,364027,30629,394656,568886,,824452,,-488,-11008,,,,,1436116,0,0,,25.47,,54274.0,1436116,500000.0,,,,,,,,,,,,,,,,,,,,,,,,,,,,,,,,,,,,,,,,,,,,,,,,,,,,,,,,,,,,,,
2026,2,otc,2026-08-20,4973,廣穎電通,5306994,1532234,6839228,3322302,51043,3373345,652928,,350766,,837773,,,,,,3465883,0,0,,53.08,,1624416.0,3465883,0.0,,,,,,,,,,,,,,,,,,,,,,,,,,,,,,,,,,,,,,,,,,,,,,,,,,,,,,,,,,,,,,
2026,2,otc,2026-08-20,4974,亞泰,4633642,164234,4797876,1424576,90446,1515022,725001,,707351,,54913,,,,,,3282854,,0,,45.28,,1795589.0,3282854,0.0,,,,,,,,,,,,,,,,,,,,,,,,,,,,,,,,,,,,,,,,,,,,,,,,,,,,,,,,,,,,,,
2026,2,otc,2026-08-20,4979,華星光,4907399,1360043,6267442,1388825,426477,1815302,1428020,,1495392,,54981,,,,,,4452140,,442743,,31.18,,1473747.0,4452140,0.0,,,,,,,,,,,,,,,,,,,,,,,,,,,,,,,,,,,,,,,,,,,,,,,,,,,,,,,,,,,,,,
2026,2,otc,2026-08-20,4995,晶達,782184,985066,1767250,469084,350790,819874,425920,,195374,,3114,,,,,,947376,,0,,22.24,,322968.0,947376,0.0,,,,,,,,,,,,,,,,,,,,,,,,,,,,,,,,,,,,,,,,,,,,,,,,,,,,,,,,,,,,,,
2026,2,otc,2026-08-20,5009,榮剛,13062312,20850337,33912649,9898718,6210258,16108976,6024712,,6909030,,-55532,-1265207,,,,446535,17803673,,0,,31.08,,5744135.0,17357138,44091044.0,,,,,,,,,,,,,,,,,,,,,,,,,,,,,,,,,,,,,,,,,,,,,,,,,,,,,,,,,,,,,,
2026,2,otc,2026-08-20,5011,久陽,1976132,3595550,5571682,2185867,775406,2961273,1006739,,990501,,-114359,,,,,670537,2610409,0,0,,19.27,,56991.0,1939872,0.0,,,,,,,,,,,,,,,,,,,,,,,,,,,,,,,,,,,,,,,,,,,,,,,,,,,,,,,,,,,,,,
2026,2,otc,2026-08-20,5013,強新,5463334,3570476,9033810,2195923,1500951,3696874,1334160,,20054,,836,,,,,1396643,5336936,,0,,29.53,,2585243.0,3940293,0.0,,,,,,,,,,,,,,,,,,,,,,,,,,,,,,,,,,,,,,,,,,,,,,,,,,,,,,,,,,,,,,
2026,2,otc,2026-08-20,5014,建錩,5106846,4008675,9115521,5122691,1335958,6458649,1832651,,363596,,-57092,0,,,,9087,2656872,0,0,,14.45,,508630.0,2647785,0.0,,,,,,,,,,,,,,,,,,,,,,,,,,,,,,,,,,,,,,,,,,,,,,,,,,,,,,,,,,,,,,
2026,2,otc,2026-08-20,5015,華祺,1953355,605029,2558384,1325135,28892,1354027,606392,,75760,,-31866,,,,,,1204357,,0,,19.86,,554071.0,1204357,0.0,,,,,,,,,,,,,,,,,,,,,,,,,,,,,,,,,,,,,,,,,,,,,,,,,,,,,,,,,,,,,,
2026,2,otc,2026-08-20,5016,松和,1666968,993299,2660267,574169,576882,1151051,496221,,8000,,-11873,,,,,11275,1509216,0,0,,30.19,,1005593.0,1497941,0.0,,,,,,,,,,,,,,,,,,,,,,,,,,,,,,,,,,,,,,,,,,,,,,,,,,,,,,,,,,,,,,
2026,2,otc,2026-08-20,5201,凱衛,534107,421209,955316,188205,127222,315427,386746,,204025,,-38324,,,,,3015,639889,0,0,,16.47,,84427.0,636874,0.0,,,,,,,,,,,,,,,,,,,,,,,,,,,,,,,,,,,,,,,,,,,,,,,,,,,,,,,,,,,,,,
2026,2,otc,2026-08-20,5202,力新,470076,660631,1130707,64888,14175,79063,890940,,73001,,-7644,,,,,3,1051644,0,0,,11.8,,95344.0,1051641,0.0,,,,,,,,,,,,,,,,,,,,,,,,,,,,,,,,,,,,,,,,,,,,,,,,,,,,,,,,,,,,,,
2026,2,otc,2026-08-20,5205,中茂,61188,46604,107792,26500,5832,32332,135000,,12433,,-59965,,,,,1016,75460,,0,,5.51,,-13024.0,74444,0.0,,,,,,,,,,,,,,,,,,,,,,,,,,,,,,,,,,,,,,,,,,,,,,,,,,,,,,,,,,,,,,
2026,2,otc,2026-08-20,5206,坤悅,17490206,96465,17586671,13473793,17549,13491342,1800934,,91297,,0,0,,,,,4095329,0,0,,23.88,,2203098.0,4095329,0.0,,,,,,,,,,,,,,,,,,,,,,,,,,,,,,,,,,,,,,,,,,,,,,,,,,,,,,,,,,,,,,
2026,2,otc,2026-08-20,5209,新鼎,4457461,433319,4890780,3682550,172306,3854856,285672,,237132,,-2751,,,,,3,1035924,0,15879,,36.26,,515868.0,1035921,0.0,,,,,,,,,,,,,,,,,,,,,,,,,,,,,,,,,,,,,,,,,,,,,,,,,,,,,,,,,,,,,,
2026,2,otc,2026-08-20,5210,寶碩,535036,473994,1009030,110355,53282,163637,821778,,180003,,-23960,0,,,,0,845393,,0,,10.29,,-132428.0,845393,0.0,,,,,,,,,,,,,,,,,,,,,,,,,,,,,,,,,,,,,,,,,,,,,,,,,,,,,,,,,,,,,,
2026,2,otc,2026-08-20,5211,蒙恬,230710,161076,391786,26777,13789,40566,320247,,112766,,1237,,,,,10477,351220,,0,,10.64,,-93507.0,340743,0.0,,,,,,,,,,,,,,,,,,,,,,,,,,,,,,,,,,,,,,,,,,,,,,,,,,,,,,,,,,,,,,
2026,2,otc,2026-08-20,5212,凌網,1005805,198625,1204430,237718,396200,633918,346330,,42564,,1847,,,,,13423,570512,,0,,16.09,,166348.0,557089,0.0,,,,,,,,,,,,,,,,,,,,,,,,,,,,,,,,,,,,,,,,,,,,,,,,,,,,,,,,,,,,,,
2026,2,otc,2026-08-20,5213,亞昕,64457261,5571681,70028942,42676310,11493344,54169654,7213343,,4959904,,40978,-31810,,,,1445888,15859288,0,0,,20.02,,2230985.0,14413400,1420000.0,,,,,,,,,,,,,,,,,,,,,,,,,,,,,,,,,,,,,,,,,,,,,,,,,,,,,,,,,,,,,,
2026,2,otc,2026-08-20,5220,萬達光電,628319,616044,1244363,319229,179990,499219,396670,,45834,,112,-6131,,,,,745144,0,0,,18.93,,308659.0,745144,303000.0,,,,,,,,,,,,,,,,,,,,,,,,,,,,,,,,,,,,,,,,,,,,,,,,,,,,,,,,,,,,,,
2026,2,otc,2026-08-20,5223,安力-KY,1551989,2150016,3702005,920692,409803,1330495,445498,,561556,,372703,,,,,,2371510,0,0,,53.23,,991753.0,2371510,0.0,,,,,,,,,,,,,,,,,,,,,,,,,,,,,,,,,,,,,,,,,,,,,,,,,,,,,,,,,,,,,,
2026,2,otc,2026-08-20,5227,立凱-KY,496464,382108,878572,205016,41492,246508,974150,,429000,,26982,,,,,,632064,0,11100000,,7.99,,-798068.0,632064,0.0,,,,,,,,,,,,,,,,,,,,,,,,,,,,,,,,,,,,,,,,,,,,,,,,,,,,,,,,,,,,,,
2026,2,otc,2026-08-20,5228,鈺鎧,361042,887203,1248245,220916,447452,668368,380563,,71655,,3159,,,,,,579877,0,0,,15.24,,124500.0,,0.0,,,,,,,,,,,,,,,,,,,,,,,,,,,,,,,,,,,,,,,,,,,,,,,,,,,,,,,,,,,,,,
2026,2,otc,2026-08-20,5230,雷笛克光學,1173615,1164669,2338284,643166,394608,1037774,559768,,630418,,-69008,-22864,,,,8026,1300510,,0,,23.61,,194170.0,1292484,1231000.0,,,,,,,,,,,,,,,,,,,,,,,,,,,,,,,,,,,,,,,,,,,,,,,,,,,,,,,,,,,,,,
2026,2,otc,2026-08-20,5245,智晶,647955,984607,1632562,875201,150697,1025898,451271,,302593,,,-84691,,,,0,606664,,0,,14.01,,-62509.0,606664,1830000.0,,,,,,,,,,,,,,,,,,,,,,,,,,,,,,,,,,,,,,,,,,,,,,,,,,,,,,,,,,,,,,
2026,2,otc,2026-08-20,5251,天鉞電,426400,83692,510092,67243,11440,78683,337334,,65003,,-5622,0,,,,,431409,,0,,12.79,,34694.0,431409,0.0,,,,,,,,,,,,,,,,,,,,,,,,,,,,,,,,,,,,,,,,,,,,,,,,,,,,,,,,,,,,,,
2026,2,otc,2026-08-20,5263,智崴,3282555,3207193,6489748,1803578,851944,2655522,739369,,3277323,,40662,-309122,,,,,3834226,,0,,54.05,,85994.0,3834226,3000000.0,,,,,,,,,,,,,,,,,,,,,,,,,,,,,,,,,,,,,,,,,,,,,,,,,,,,,,,,,,,,,,
2026,2,otc,2026-08-20,5272,笙科,285586,703105,988691,93489,72626,166115,552761,,243630,,84982,,,,,,822576,,0,,14.88,,-58797.0,,0.0,,,,,,,,,,,,,,,,,,,,,,,,,,,,,,,,,,,,,,,,,,,,,,,,,,,,,,,,,,,,,,
2026,2,otc,2026-08-20,5274,信驊,12524335,1802461,14326796,6200544,309143,6509687,415830,,1489737,,-60387,,,,,25631,7817109,,0,,206.11,,5946298.0,7791478,0.0,,,,,,,,,,,,,,,,,,,,,,,,,,,,,,,,,,,,,,,,,,,,,,,,,,,,,,,,,,,,,,
2026,2,otc,2026-08-20,5278,尚凡*,7904488,356097,8260585,2771154,300718,3071872,300000,,3114130,,143778,-160669,,,,1523809,5188713,0,0,,12.5,,267665.0,3664904,6767002.0,,,,,,,,,,,,,,,,,,,,,,,,,,,,,,,,,,,,,,,,,,,,,,,,,,,,,,,,,,,,,,
2026,2,otc,2026-08-20,5287,數字,2046118,2571046,4617164,1317746,504131,1821877,657386,,431880,,-234812,,,,,16613,2795287,,0,,46.07,,1924220.0,2778674,0.0,,,,,,,,,,,,,,,,,,,,,,,,,,,,,,,,,,,,,,,,,,,,,,,,,,,,,,,,,,,,,,
2026,2,otc,2026-08-20,5289,宜鼎,42054184,4043123,46097307,18023760,4560610,22584370,982824,,2245738,,-204768,,,,,224839,23512937,3800,0,,241.67,,20264304.0,23288098,0.0,,,,,,,,,,,,,,,,,,,,,,,,,,,,,,,,,,,,,,,,,,,,,,,,,,,,,,,,,,,,,,
2026,2,otc,2026-08-20,5291,邑昇,1351803,924275,2276078,900524,378833,1279357,398906,,183159,,-20207,0,,,,10048,996721,,0,,24.73,,424815.0,986673,0.0,,,,,,,,,,,,,,,,,,,,,,,,,,,,,,,,,,,,,,,,,,,,,,,,,,,,,,,,,,,,,,
2026,2,otc,2026-08-20,5299,杰力,2169334,1969618,4138952,814931,2035,816966,508890,,1670211,,3875,,,,,,3321986,,0,,65.28,,1139010.0,3321986,0.0,,,,,,,,,,,,,,,,,,,,,,,,,,,,,,,,,,,,,,,,,,,,,,,,,,,,,,,,,,,,,,
2026,2,otc,2026-08-20,5301,寶得利,632633,107360,739993,185252,32469,217721,658903,,197,,-3908,,,,,13871,522272,,0,,7.72,,-146791.0,508401,0.0,,,,,,,,,,,,,,,,,,,,,,,,,,,,,,,,,,,,,,,,,,,,,,,,,,,,,,,,,,,,,,
2026,2,otc,2026-08-20,5302,太欣,24026,1712315,1736341,218553,275038,493591,1598883,,1062,,-10908,,,,,2140,1242750,,0,,7.76,,-348427.0,1240610,0.0,,,,,,,,,,,,,,,,,,,,,,,,,,,,,,,,,,,,,,,,,,,,,,,,,,,,,,,,,,,,,,
2026,2,otc,2026-08-20,5309,系統電,5052081,3398650,8450731,1130204,1656100,2786304,2309675,,2879833,,-66522,-31289,,,,367977,5664427,0,601400,,23.02,,204753.0,5296450,895000.0,,,,,,,,,,,,,,,,,,,,,,,,,,,,,,,,,,,,,,,,,,,,,,,,,,,,,,,,,,,,,,
2026,2,otc,2026-08-20,5310,天剛,334148,27677,361825,23531,3681,27212,289435,,0,,0,,,,,,334613,,0,,11.56,,45178.0,334613,0.0,,,,,,,,,,,,,,,,,,,,,,,,,,,,,,,,,,,,,,,,,,,,,,,,,,,,,,,,,,,,,,
2026,2,otc,2026-08-20,5312,寶島科,6117851,3854910,9972761,3692204,1994115,5686319,600599,,475109,,676425,0,,,,0,4286442,0,0,,71.37,,2534309.0,4286442,0.0,,,,,,,,,,,,,,,,,,,,,,,,,,,,,,,,,,,,,,,,,,,,,,,,,,,,,,,,,,,,,,
2026,2,otc,2026-08-20,5314,世紀*,3251388,4716552,7967940,3322244,627462,3949706,602980,,16706,,8691,-197260,,,,2227303,4018234,0,0,,6.19,,1359814.0,1790931,2503000.0,,,,,,,,,,,,,,,,,,,,,,,,,,,,,,,,,,,,,,,,,,,,,,,,,,,,,,,,,,,,,,
2026,2,otc,2026-08-20,5315,光聯,2033168,257511,2290679,531732,28702,560434,1063518,,51410,,-120593,,,,,,1730245,,0,,16.27,,735910.0,1730245,0.0,,,,,,,,,,,,,,,,,,,,,,,,,,,,,,,,,,,,,,,,,,,,,,,,,,,,,,,,,,,,,,
2026,2,otc,2026-08-20,5321,美而快,1395306,3469457,4864763,1898512,2123254,4021766,595431,,237150,,54,,,,,46096,842997,,6363347,,13.38,,-35734.0,796901,0.0,,,,,,,,,,,,,,,,,,,,,,,,,,,,,,,,,,,,,,,,,,,,,,,,,,,,,,,,,,,,,,
2026,2,otc,2026-08-20,5324,士開,9635431,1463752,11099183,6967083,2541209,9508292,2263791,,17484,,-213065,,,,,118266,1590891,,0,,6.51,,-595585.0,1472625,0.0,,,,,,,,,,,,,,,,,,,,,,,,,,,,,,,,,,,,,,,,,,,,,,,,,,,,,,,,,,,,,,
2026,2,otc,2026-08-20,5328,華容,1852527,1067108,2919635,616445,27444,643889,1727107,,9688,,320655,,,,,4675,2275746,0,0,,13.15,,213621.0,2271071,0.0,,,,,,,,,,,,,,,,,,,,,,,,,,,,,,,,,,,,,,,,,,,,,,,,,,,,,,,,,,,,,,
2026,2,otc,2026-08-20,5340,建榮,1656811,1475590,3132401,753284,6478,759762,1948940,,,,,,,,,,2372639,0,0,,12.17,,423699.0,,0.0,,,,,,,,,,,,,,,,,,,,,,,,,,,,,,,,,,,,,,,,,,,,,,,,,,,,,,,,,,,,,,
2026,2,otc,2026-08-20,5344,立衛,284355,348739,633094,81565,46154,127719,794474,,,,-55000,,,,,,505375,,0,,6.36,,-234099.0,,0.0,,,,,,,,,,,,,,,,,,,,,,,,,,,,,,,,,,,,,,,,,,,,,,,,,,,,,,,,,,,,,,
2026,2,otc,2026-08-20,5345,馥鴻,161281,53472,214753,1889,0,1889,377950,,21561,,,,,,,,212864,,0,,5.63,,-186647.0,212864,0.0,,,,,,,,,,,,,,,,,,,,,,,,,,,,,,,,,,,,,,,,,,,,,,,,,,,,,,,,,,,,,,
2026,2,otc,2026-08-20,5347,世界,67501485,151685349,219186834,50151915,76123688,126275603,18783396,,21444374,,-1305279,,,,,29935594,92911231,,0,,33.53,,24053146.0,62975637,0.0,,,,,,,,,,,,,,,,,,,,,,,,,,,,,,,,,,,,,,,,,,,,,,,,,,,,,,,,,,,,,,
2026,2,otc,2026-08-20,5348,正能量智能,187330,46288,233618,76497,23816,100313,147759,,1104,,-591,0,,0,,24686,133305,,0,,7.35,,-39653.0,108619,0.0,,,,,,,,,,,,,,,,,,,,,,,,,,,,,,,,,,,,,,,,,,,,,,,,,,,,,,,,,,,,,,
2026,2,otc,2026-08-20,5351,鈺創,8639037,3645303,12284340,3553336,1432970,4986306,3291941,,857340,,1363189,,,,,89277,7298034,0,172000,,21.94,,1696287.0,7208757,0.0,,,,,,,,,,,,,,,,,,,,,,,,,,,,,,,,,,,,,,,,,,,,,,,,,,,,,,,,,,,,,,
2026,2,otc,2026-08-20,5353,台林,1416766,871778,2288544,732186,94498,826684,757650,,199230,,128366,,,,,,1461860,,0,,19.29,,376614.0,1461860,0.0,,,,,,,,,,,,,,,,,,,,,,,,,,,,,,,,,,,,,,,,,,,,,,,,,,,,,,,,,,,,,,
2026,2,otc,2026-08-20,5355,佳總,614965,442318,1057283,235326,99634,334960,1661228,,474,,-22979,,,,,0,722323,,0,,4.35,,-916400.0,722323,0.0,,,,,,,,,,,,,,,,,,,,,,,,,,,,,,,,,,,,,,,,,,,,,,,,,,,,,,,,,,,,,,
2026,2,otc,2026-08-20,5356,協益,3398424,2689855,6088279,1306857,393736,1700593,1030400,,367284,,-165536,,,,,,4387686,,0,,42.58,,3155538.0,4387686,0.0,,,,,,,,,,,,,,,,,,,,,,,,,,,,,,,,,,,,,,,,,,,,,,,,,,,,,,,,,,,,,,
2026,2,otc,2026-08-20,5364,力麗店,488367,622737,1111104,357428,42405,399833,638499,,196654,,-72696,,,,,19487,711271,,0,,10.83,,-70673.0,691784,0.0,,,,,,,,,,,,,,,,,,,,,,,,,,,,,,,,,,,,,,,,,,,,,,,,,,,,,,,,,,,,,,
2026,2,otc,2026-08-20,5371,中光電,33350647,28898391,62249038,26468413,1219320,27687733,3909811,,1939694,,9700220,0,,,,1908005,34561305,0,0,,83.52,,17103575.0,32653300,0.0,,,,,,,,,,,,,,,,,,,,,,,,,,,,,,,,,,,,,,,,,,,,,,,,,,,,,,,,,,,,,,
2026,2,otc,2026-08-20,5381,光譜,1602995,3524047,5127042,1488784,1263558,2752342,2076906,,83632,,65798,,,,,69054,2374700,,0,,11.1,,79310.0,2305646,0.0,,,,,,,,,,,,,,,,,,,,,,,,,,,,,,,,,,,,,,,,,,,,,,,,,,,,,,,,,,,,,,
2026,2,otc,2026-08-20,5386,青雲,9119907,43661,9163568,5963422,1557,5964979,541213,,78871,,-5989,,,,,,3198589,,0,,88.65,,2584494.0,,0.0,,,,,,,,,,,,,,,,,,,,,,,,,,,,,,,,,,,,,,,,,,,,,,,,,,,,,,,,,,,,,,
2026,2,otc,2026-08-20,5392,能率,7794230,7801626,15595856,4828408,2614534,7442942,1800934,,2659577,,-92411,-5714,,,,2358652,8152914,,0,,33.01,,1431876.0,5794262,1028147.0,,,,,,,,,,,,,,,,,,,,,,,,,,,,,,,,,,,,,,,,,,,,,,,,,,,,,,,,,,,,,,
2026,2,otc,2026-08-20,5398,慕康生醫,289681,281056,570737,47426,4638,52064,494655,,65853,,-53934,,,,,,518673,,0,,10.49,,12099.0,518673,0.0,,,,,,,,,,,,,,,,,,,,,,,,,,,,,,,,,,,,,,,,,,,,,,,,,,,,,,,,,,,,,,
2026,2,otc,2026-08-20,5403,中菲,3162590,1453571,4616161,1845474,239616,2085090,781207,,368403,,-15721,-64263,,,,,2531071,,0,,32.69,,1461445.0,,688000.0,,,,,,,,,,,,,,,,,,,,,,,,,,,,,,,,,,,,,,,,,,,,,,,,,,,,,,,,,,,,,,
2026,2,otc,2026-08-20,5410,國眾,9266909,1017443,10284352,8597363,83420,8680783,931386,,61705,,20769,,,,,205,1603569,,854000,,17.21,,589504.0,1603364,0.0,,,,,,,,,,,,,,,,,,,,,,,,,,,,,,,,,,,,,,,,,,,,,,,,,,,,,,,,,,,,,,
2026,2,otc,2026-08-20,5425,台半,12746453,9317039,22063492,7011541,4147817,11159358,2634854,,2322386,,-166954,-732278,,,,3265775,10904134,0,0,,31.21,,3580351.0,7638359,18768750.0,,,,,,,,,,,,,,,,,,,,,,,,,,,,,,,,,,,,,,,,,,,,,,,,,,,,,,,,,,,,,,
2026,2,otc,2026-08-20,5426,振發,1627684,1547462,3175146,631295,240409,871704,1438000,,77934,,-35478,0,,,,4754,2303442,0,0,,15.99,,818232.0,2298688,0.0,,,,,,,,,,,,,,,,,,,,,,,,,,,,,,,,,,,,,,,,,,,,,,,,,,,,,,,,,,,,,,
2026,2,otc,2026-08-20,5432,新門,510797,122797,633594,112152,2864,115016,206878,,,,-27532,,,,,,518578,0,0,,25.07,,339232.0,,0.0,,,,,,,,,,,,,,,,,,,,,,,,,,,,,,,,,,,,,,,,,,,,,,,,,,,,,,,,,,,,,,
2026,2,otc,2026-08-20,5438,東友,974615,2718498,3693113,404855,47136,451991,1125365,,,,861496,,,,,,3241122,0,0,,28.8,,1254261.0,3241122,0.0,,,,,,,,,,,,,,,,,,,,,,,,,,,,,,,,,,,,,,,,,,,,,,,,,,,,,,,,,,,,,,
2026,2,otc,2026-08-20,5439,高技,8992883,3488689,12481572,5303855,3142745,8446600,929767,,936882,,41,,,,,,4034972,,10,,43.4,,2168282.0,4034972,0.0,,,,,,,,,,,,,,,,,,,,,,,,,,,,,,,,,,,,,,,,,,,,,,,,,,,,,,,,,,,,,,
2026,2,otc,2026-08-20,5443,均豪,5384333,25314708,30699041,5968352,2174231,8142583,1647466,,270598,,18168861,-462609,,,,2300364,22556458,0,0,,125.75,,631778.0,20256094,3668000.0,,,,,,,,,,,,,,,,,,,,,,,,,,,,,,,,,,,,,,,,,,,,,,,,,,,,,,,,,,,,,,
2026,2,otc,2026-08-20,5450,南良,1884447,1686107,3570554,603274,1168848,1772122,1224032,,100784,,196991,,,,,,1798432,,0,,14.69,,276625.0,1798432,0.0,,,,,,,,,,,,,,,,,,,,,,,,,,,,,,,,,,,,,,,,,,,,,,,,,,,,,,,,,,,,,,
2026,2,otc,2026-08-20,5452,佶優,3820447,832070,4652517,1733562,480882,2214444,1487637,,161630,,54575,-31487,,0,,264130,2438073,0,0,,14.71,,501588.0,2173943,1000000.0,,,,,,,,,,,,,,,,,,,,,,,,,,,,,,,,,,,,,,,,,,,,,,,,,,,,,,,,,,,,,,
2026,2,otc,2026-08-20,5455,昇益,5324433,95328,5419761,4055956,840,4056796,655018,,3737,,25091,,,,,,1362965,,0,,20.81,,679119.0,,0.0,,,,,,,,,,,,,,,,,,,,,,,,,,,,,,,,,,,,,,,,,,,,,,,,,,,,,,,,,,,,,,
2026,2,otc,2026-08-20,5457,宣德,22288842,11870547,34159389,19873455,2238737,22112192,1964288,,1136646,,265709,,,,,6532068,12047197,,0,,28.08,,2148486.0,5515129,0.0,,,,,,,,,,,,,,,,,,,,,,,,,,,,,,,,,,,,,,,,,,,,,,,,,,,,,,,,,,,,,,
2026,2,otc,2026-08-20,5460,同協,586094,237069,823163,51405,27332,78737,587781,,13799,,-15688,,,,,,744426,,0,,12.67,,158534.0,744426,0.0,,,,,,,,,,,,,,,,,,,,,,,,,,,,,,,,,,,,,,,,,,,,,,,,,,,,,,,,,,,,,,
2026,2,otc,2026-08-20,5464,霖宏,1987800,2163262,4151062,1702542,1127721,2830263,710715,,271618,,,,,,,,1320799,,0,,18.58,,338466.0,1320799,0.0,,,,,,,,,,,,,,,,,,,,,,,,,,,,,,,,,,,,,,,,,,,,,,,,,,,,,,,,,,,,,,
2026,2,otc,2026-08-20,5465,富驊,4122402,781463,4903865,1760600,27044,1787644,1476826,,315269,,76748,,,,,640274,3116221,,0,,16.77,,607104.0,2475947,0.0,,,,,,,,,,,,,,,,,,,,,,,,,,,,,,,,,,,,,,,,,,,,,,,,,,,,,,,,,,,,,,
2026,2,otc,2026-08-20,5468,凱鈺,607729,85008,692737,103218,25910,129128,589229,,154881,,-32000,,,,,,563609,,0,,9.57,,-148501.0,563609,0.0,,,,,,,,,,,,,,,,,,,,,,,,,,,,,,,,,,,,,,,,,,,,,,,,,,,,,,,,,,,,,,
2026,2,otc,2026-08-20,5474,聰泰,1386841,1201702,2588543,573528,55797,629325,397569,,793,,,0,,,,,1959218,0,0,,49.28,,1560856.0,,0.0,,,,,,,,,,,,,,,,,,,,,,,,,,,,,,,,,,,,,,,,,,,,,,,,,,,,,,,,,,,,,,
2026,2,otc,2026-08-20,5475,德宏,1600296,1373339,2973635,833815,1059113,1892928,1271270,,,,586462,,,,,-8413,1080707,,0,,8.57,,-768612.0,1089120,0.0,,,,,,,,,,,,,,,,,,,,,,,,,,,,,,,,,,,,,,,,,,,,,,,,,,,,,,,,,,,,,,
2026,2,otc,2026-08-20,5478,智冠,15962939,4126201,20089140,9792070,299923,10091993,1560743,,4079221,,154336,-567008,,,,1277760,9997147,,0,,58.2,,3492095.0,8719387,6246414.0,,,,,,,,,,,,,,,,,,,,,,,,,,,,,,,,,,,,,,,,,,,,,,,,,,,,,,,,,,,,,,
2026,2,otc,2026-08-20,5481,新華,471143,1031696,1502839,19901,310786,330687,714029,,80172,,-176,-65913,,,,,1172152,,0,,17.65,,444040.0,1172152,5000000.0,,,,,,,,,,,,,,,,,,,,,,,,,,,,,,,,,,,,,,,,,,,,,,,,,,,,,,,,,,,,,,
2026,2,otc,2026-08-20,5483,中美晶,105676641,164819801,270496442,80498161,67269571,147767732,6412217,,32298803,,-6841260,-4382100,,,,71597718,122728710,0,0,,83.25,,23643332.0,51130992,27050000.0,,,,,,,,,,,,,,,,,,,,,,,,,,,,,,,,,,,,,,,,,,,,,,,,,,,,,,,,,,,,,,
2026,2,otc,2026-08-20,5487,通泰,474203,98832,573035,29878,21256,51134,242225,,40846,,5063,,,,,,521901,0,0,,21.55,,233767.0,521901,0.0,,,,,,,,,,,,,,,,,,,,,,,,,,,,,,,,,,,,,,,,,,,,,,,,,,,,,,,,,,,,,,
2026,2,otc,2026-08-20,5488,松普,1292529,153312,1445841,387540,43657,431197,915861,,0,,44297,0,,,,0,1014644,0,0,,11.08,,54486.0,1014644,0.0,,,,,,,,,,,,,,,,,,,,,,,,,,,,,,,,,,,,,,,,,,,,,,,,,,,,,,,,,,,,,,
2026,2,otc,2026-08-20,5489,彩富,2002762,927628,2930390,571552,123210,694762,1027064,,111875,,35,-171768,,,,5126,2235628,,0,,22.65,,1263296.0,2230502,4235000.0,,,,,,,,,,,,,,,,,,,,,,,,,,,,,,,,,,,,,,,,,,,,,,,,,,,,,,,,,,,,,,
2026,2,otc,2026-08-20,5490,同亨,1766894,226057,1992951,579491,64465,643956,961522,,82291,,15247,-82818,,,,,1348995,,0,,14.48,,372753.0,1348995,3000000.0,,,,,,,,,,,,,,,,,,,,,,,,,,,,,,,,,,,,,,,,,,,,,,,,,,,,,,,,,,,,,,
2026,2,otc,2026-08-20,5493,三聯,4303571,2351547,6655118,3203647,387499,3591146,436892,,44199,,275324,,,,,1245176,3063972,0,0,,41.63,,1062381.0,1818796,0.0,,,,,,,,,,,,,,,,,,,,,,,,,,,,,,,,,,,,,,,,,,,,,,,,,,,,,,,,,,,,,,
2026,2,otc,2026-08-20,5498,凱崴,2654416,1688888,4343304,1540624,592237,2132861,1935485,,68024,,-49294,,,,,18686,2210443,,0,,11.32,,237542.0,2191757,0.0,,,,,,,,,,,,,,,,,,,,,,,,,,,,,,,,,,,,,,,,,,,,,,,,,,,,,,,,,,,,,,
2026,2,otc,2026-08-20,5508,永信建,19158888,101990,19260878,10752778,3046128,13798906,2174281,,216152,,0,,,,,,5461972,,0,,25.12,,3071539.0,5461972,0.0,,,,,,,,,,,,,,,,,,,,,,,,,,,,,,,,,,,,,,,,,,,,,,,,,,,,,,,,,,,,,,
2026,2,otc,2026-08-20,5511,德昌,13870937,2756329,16627266,8284734,996607,9281341,1360000,,143538,,60819,,,,,114230,7345925,,0,,63.75,,5667338.0,7231695,0.0,,,,,,,,,,,,,,,,,,,,,,,,,,,,,,,,,,,,,,,,,,,,,,,,,,,,,,,,,,,,,,
2026,2,otc,2026-08-20,5512,力麒,29074322,16980874,46055196,17528298,9958295,27486593,7663125,,658275,,-119179,-98195,,,,5103114,18568603,0,0,,17.72,,5361463.0,13465489,6493959.0,,,,,,,,,,,,,,,,,,,,,,,,,,,,,,,,,,,,,,,,,,,,,,,,,,,,,,,,,,,,,,
2026,2,otc,2026-08-20,5514,三豐,5888413,1478262,7366675,3936189,6006,3942195,2361183,,1346,,582052,-23395,,,,-14,3424480,,0,,15.11,,503308.0,3424494,9477708.0,,,,,,,,,,,,,,,,,,,,,,,,,,,,,,,,,,,,,,,,,,,,,,,,,,,,,,,,,,,,,,
2026,2,otc,2026-08-20,5516,雙喜,2745950,431655,3177605,2634753,77673,2712426,515452,,0,,12,0,,,,,465179,0,0,,9.02,,-50285.0,,0.0,,,,,,,,,,,,,,,,,,,,,,,,,,,,,,,,,,,,,,,,,,,,,,,,,,,,,,,,,,,,,,
2026,2,otc,2026-08-20,5520,力泰,3382909,1365637,4748546,1193682,98793,1292475,599752,,37005,,474018,0,,,,169469,3456071,0,0,,54.8,,2175827.0,3286602,0.0,,,,,,,,,,,,,,,,,,,,,,,,,,,,,,,,,,,,,,,,,,,,,,,,,,,,,,,,,,,,,,
2026,2,otc,2026-08-20,5523,豐謙,5417005,422978,5839983,2972968,25573,2998541,1550015,,5526,,3602,,,,,0,2841442,0,0,,18.33,,1282299.0,2841442,0.0,,,,,,,,,,,,,,,,,,,,,,,,,,,,,,,,,,,,,,,,,,,,,,,,,,,,,,,,,,,,,,
2026,2,otc,2026-08-20,5529,鉅陞,4925920,208265,5134185,3494090,34753,3528843,1057693,,419715,,,,,,,,1605342,0,0,,15.18,,127934.0,1605342,0.0,,,,,,,,,,,,,,,,,,,,,,,,,,,,,,,,,,,,,,,,,,,,,,,,,,,,,,,,,,,,,,
2026,2,otc,2026-08-20,5530,龍巖,54632228,28697765,83329993,51927276,114338,52041614,4200842,,2931540,,5021492,,,,,34012,31288379,,0,,74.4,,19100493.0,31254367,0.0,,,,,,,,,,,,,,,,,,,,,,,,,,,,,,,,,,,,,,,,,,,,,,,,,,,,,,,,,,,,,,
2026,2,otc,2026-08-20,5536,聖暉*,44778013,8190340,52968353,27818022,1589706,29407728,620405,,3838086,,3841738,,,,,6948436,23560625,0,0,,133.88,,8311960.0,16612189,0.0,,,,,,,,,,,,,,,,,,,,,,,,,,,,,,,,,,,,,,,,,,,,,,,,,,,,,,,,,,,,,,
2026,2,otc,2026-08-20,5547,久舜,1792723,268673,2061396,1210805,22564,1233369,510000,,143729,,,,,,,,828027,0,0,,16.24,,174298.0,828027,0.0,,,,,,,,,,,,,,,,,,,,,,,,,,,,,,,,,,,,,,,,,,,,,,,,,,,,,,,,,,,,,,
2026,2,otc,2026-08-20,5548,安倉,1934628,448887,2383515,1170787,77652,1248439,637350,,330405,,-3889,-90,,,,,1135076,0,0,,19.4,,171300.0,,9000.0,,,,,,,,,,,,,,,,,,,,,,,,,,,,,,,,,,,,,,,,,,,,,,,,,,,,,,,,,,,,,,
2026,2,otc,2026-08-20,5601,台聯櫃,126960,1758162,1885122,43329,465031,508360,648000,,3030,,-4270,,,,,,1376762,0,0,,21.25,,730002.0,,0.0,,,,,,,,,,,,,,,,,,,,,,,,,,,,,,,,,,,,,,,,,,,,,,,,,,,,,,,,,,,,,,
2026,2,otc,2026-08-20,5603,陸海,722321,2021759,2744080,586923,209474,796397,1048766,,148032,,-58706,,,,,78337,1947683,0,0,,17.82,,731254.0,1869346,0.0,,,,,,,,,,,,,,,,,,,,,,,,,,,,,,,,,,,,,,,,,,,,,,,,,,,,,,,,,,,,,,
2026,2,otc,2026-08-20,5604,中連,94835,2391928,2486763,30508,502707,533215,1087830,,11030,,0,,,,,0,1953548,0,0,,17.96,,854688.0,1953548,0.0,,,,,,,,,,,,,,,,,,,,,,,,,,,,,,,,,,,,,,,,,,,,,,,,,,,,,,,,,,,,,,
2026,2,otc,2026-08-20,5609,中菲行,9463382,1685581,11148963,4362304,373528,4735832,1428840,,62243,,558595,-181852,,0,,116577,6413131,0,0,,44.74,,4428728.0,6296554,2140000.0,,,,,,,,,,,,,,,,,,,,,,,,,,,,,,,,,,,,,,,,,,,,,,,,,,,,,,,,,,,,,,
2026,2,otc,2026-08-20,5701,劍湖山,72244,2258956,2331200,1243524,646283,1889807,1430000,,783,,-25394,,,,,,441393,,0,,3.09,,-963996.0,441393,0.0,,,,,,,,,,,,,,,,,,,,,,,,,,,,,,,,,,,,,,,,,,,,,,,,,,,,,,,,,,,,,,
2026,2,otc,2026-08-20,5703,亞都麗緻,385804,611107,996911,284718,159673,444391,702396,,,,-27578,,,,,,552520,,0,,7.87,,-122298.0,552520,0.0,,,,,,,,,,,,,,,,,,,,,,,,,,,,,,,,,,,,,,,,,,,,,,,,,,,,,,,,,,,,,,
2026,2,otc,2026-08-20,5704,老爺知,357943,753416,1111359,127828,3411,131239,588617,,241906,,,,,,,,980120,0,0,,16.65,,149597.0,,0.0,,,,,,,,,,,,,,,,,,,,,,,,,,,,,,,,,,,,,,,,,,,,,,,,,,,,,,,,,,,,,,
2026,2,otc,2026-08-20,5864,致和證,17761658,1639136,19400794,6466348,38537,6504885,5044901,,517177,7208243.0,125588,,,,,,12895909,,0,0.0,28.37,,,,,,,,,,,,,,,,,,,,,,,,,,,,,,,,,,,,,,,,,,,,,,,,,,,,,,,,,,,,,,,,,,
2026,2,otc,2026-08-20,5878,台名,357822,379324,737146,156874,61272,218146,250243,,76710,,4128,,,,,,519000,,0,,20.74,,187919.0,519000,0.0,,,,,,,,,,,,,,,,,,,,,,,,,,,,,,,,,,,,,,,,,,,,,,,,,,,,,,,,,,,,,,
2026,2,otc,2026-08-20,5902,德記,1279983,565755,1845738,578213,31670,609883,945000,,0,,-19603,,,,,,1235855,,0,,13.08,,310458.0,1235855,0.0,,,,,,,,,,,,,,,,,,,,,,,,,,,,,,,,,,,,,,,,,,,,,,,,,,,,,,,,,,,,,,
2026,2,otc,2026-08-20,5903,全家,20296307,61338730,81635037,42400525,29305070,71705595,2232200,,356249,,-67466,,,,,1156270,9929442,0,0,,39.3,,6252189.0,8773172,0.0,,,,,,,,,,,,,,,,,,,,,,,,,,,,,,,,,,,,,,,,,,,,,,,,,,,,,,,,,,,,,,
2026,2,otc,2026-08-20,5904,寶雅*,13730407,20701654,34432061,12259955,14920487,27180442,1064438,,1475884,,,,,,,,7251619,0,0,,68.13,,4711297.0,,0.0,,,,,,,,,,,,,,,,,,,,,,,,,,,,,,,,,,,,,,,,,,,,,,,,,,,,,,,,,,,,,,
2026,2,otc,2026-08-20,5905,南仁湖,1226952,5763307,6990259,1561279,2217661,3778940,2816232,,415276,,2315,,,,,400850,3211319,0,0,,9.98,,-423354.0,2810469,0.0,,,,,,,,,,,,,,,,,,,,,,,,,,,,,,,,,,,,,,,,,,,,,,,,,,,,,,,,,,,,,,
2026,2,otc,2026-08-20,6023,元大期貨,310165847,5367031,315532878,287961610,7592789,295554399,3679727,,5029279,8664687.0,2604786,,19978479,,,,19978479,0,0,0.0,62.44,,,,,,,,,,,,,,,,,,,,,,,,,,,,,,,,,,,,,,,,,,,,,,,,,,,,,,,,,,,,,,,,,,
2026,2,otc,2026-08-20,6026,福邦證,15137015,2249035,17386050,10978151,106188,11084339,3961619,,153832,1938142.0,248118,,6301711,,,,6301711,,0,0.0,15.91,,,,,,,,,,,,,,,,,,,,,,,,,,,,,,,,,,,,,,,,,,,,,,,,,,,,,,,,,,,,,,,,,,
2026,2,otc,2026-08-20,6028,公勝保經,1362034,491047,1853081,790015,148247,938262,250000,,270096,,,,,,,,914819,0,0,,36.59,,394723.0,914819,0.0,,,,,,,,,,,,,,,,,,,,,,,,,,,,,,,,,,,,,,,,,,,,,,,,,,,,,,,,,,,,,,
2026,2,otc,2026-08-20,6101,寬魚國際,1499162,495228,1994390,309799,319307,629106,1161736,,74677,,5342,0,,,,,1365284,,1555207,,11.75,,123529.0,1365284,0.0,,,,,,,,,,,,,,,,,,,,,,,,,,,,,,,,,,,,,,,,,,,,,,,,,,,,,,,,,,,,,,
2026,2,otc,2026-08-20,6103,合邦,153381,767,154148,3796,544,4340,136049,,0,,765,,,,,,149808,,0,,11.01,,12994.0,149808,0.0,,,,,,,,,,,,,,,,,,,,,,,,,,,,,,,,,,,,,,,,,,,,,,,,,,,,,,,,,,,,,,
2026,2,otc,2026-08-20,6104,創惟,2022846,1319024,3341870,1172477,7168,1179645,911286,,367300,,-41994,0,,,,3673,2162225,,0,,23.69,,921960.0,2158552,0.0,,,,,,,,,,,,,,,,,,,,,,,,,,,,,,,,,,,,,,,,,,,,,,,,,,,,,,,,,,,,,,
2026,2,otc,2026-08-20,6109,亞元,825880,270320,1096200,301587,42088,343675,878254,,14015,,-15878,0,,,,-230,752525,0,0,,8.57,,-123636.0,752755,0.0,,,,,,,,,,,,,,,,,,,,,,,,,,,,,,,,,,,,,,,,,,,,,,,,,,,,,,,,,,,,,,
2026,2,otc,2026-08-20,6111,光聚晶電,12380263,18876779,31257042,13276209,7646031,20922240,1085111,,976080,,-170721,-276785,,,,8510983,10334802,,0,,20.68,,210134.0,1823819,20298498.0,,,,,,,,,,,,,,,,,,,,,,,,,,,,,,,,,,,,,,,,,,,,,,,,,,,,,,,,,,,,,,
2026,2,otc,2026-08-20,6113,亞矽,604204,305130,909334,322268,53360,375628,525495,,69491,,-38451,-52198,,,,0,533706,0,0,,10.56,,29369.0,533706,2000000.0,,,,,,,,,,,,,,,,,,,,,,,,,,,,,,,,,,,,,,,,,,,,,,,,,,,,,,,,,,,,,,
2026,2,otc,2026-08-20,6114,久威,1810260,468242,2278502,590073,80323,670396,439119,,172560,,-2676,,,,,,1608106,0,0,,36.62,,999103.0,1608106,0.0,,,,,,,,,,,,,,,,,,,,,,,,,,,,,,,,,,,,,,,,,,,,,,,,,,,,,,,,,,,,,,
2026,2,otc,2026-08-20,6118,建達,3528305,204459,3732764,2597954,6005,2603959,908896,,67418,,-1468,,,,,,1128805,,0,,12.42,,153959.0,1128805,0.0,,,,,,,,,,,,,,,,,,,,,,,,,,,,,,,,,,,,,,,,,,,,,,,,,,,,,,,,,,,,,,
2026,2,otc,2026-08-20,6121,新普,69610223,14252851,83863074,31289099,4852139,36141238,1849705,,5692496,,332432,,,,,8018648,47721836,,0,,214.65,,31828555.0,39703188,0.0,,,,,,,,,,,,,,,,,,,,,,,,,,,,,,,,,,,,,,,,,,,,,,,,,,,,,,,,,,,,,,
2026,2,otc,2026-08-20,6122,擎邦,4249210,572136,4821346,2905062,168911,3073973,780916,,10354,,143672,-79864,,,,,1747373,0,0,,22.83,,892295.0,1747373,1558000.0,,,,,,,,,,,,,,,,,,,,,,,,,,,,,,,,,,,,,,,,,,,,,,,,,,,,,,,,,,,,,,
2026,2,otc,2026-08-20,6123,上奇,3419551,800700,4220251,1986155,13163,1999318,620894,,541082,,35374,-86401,,,,639238,2220933,,0,,26.15,,470746.0,1581695,1596000.0,,,,,,,,,,,,,,,,,,,,,,,,,,,,,,,,,,,,,,,,,,,,,,,,,,,,,,,,,,,,,,
2026,2,otc,2026-08-20,6124,業強,2154897,2511960,4666857,1380460,70432,1450892,1824799,,836172,,-85858,,,,,72165,3215965,,0,,17.23,,568687.0,3143800,0.0,,,,,,,,,,,,,,,,,,,,,,,,,,,,,,,,,,,,,,,,,,,,,,,,,,,,,,,,,,,,,,
2026,2,otc,2026-08-20,6125,廣運,5590990,6851003,12441993,2793629,2970153,5763782,2590112,,1423094,,-167480,0,,0,,2017215,6678211,,0,,18.0,0,815270.0,4660996,0.0,,,,,,,,,,,,,,,,,,,,,,,,,,,,,,,,,,,,,,,,,,,,,,,,,,,,,,,,,,,,,,
2026,2,otc,2026-08-20,6126,信音,7451269,4250661,11701930,3474352,1590524,5064876,1300507,,1810807,,107716,-29030,,,,2977470,6637054,0,0,,28.47,,469584.0,3659584,1230000.0,,,,,,,,,,,,,,,,,,,,,,,,,,,,,,,,,,,,,,,,,,,,,,,,,,,,,,,,,,,,,,
2026,2,otc,2026-08-20,6127,九豪,1346111,2235377,3581488,1218040,1221527,2439567,1080798,,56549,,115356,,,,,,1141921,,0,,10.57,,-110782.0,1141921,0.0,,,,,,,,,,,,,,,,,,,,,,,,,,,,,,,,,,,,,,,,,,,,,,,,,,,,,,,,,,,,,,
2026,2,otc,2026-08-20,6129,普誠,1218556,973474,2192030,480475,46078,526553,1809437,,75210,,2818,,,,,19247,1665477,,0,,9.1,,-241235.0,1646230,0.0,,,,,,,,,,,,,,,,,,,,,,,,,,,,,,,,,,,,,,,,,,,,,,,,,,,,,,,,,,,,,,
2026,2,otc,2026-08-20,6130,上亞科技,178444,557442,735886,36266,110914,147180,463000,,224013,,-20540,,,,,0,588706,,0,,12.72,,-77767.0,588706,0.0,,,,,,,,,,,,,,,,,,,,,,,,,,,,,,,,,,,,,,,,,,,,,,,,,,,,,,,,,,,,,,
2026,2,otc,2026-08-20,6134,萬旭,2023603,710717,2734320,1367876,71190,1439066,818821,,131997,,209780,,,,,72246,1295254,0,0,,14.94,,62410.0,1223008,0.0,,,,,,,,,,,,,,,,,,,,,,,,,,,,,,,,,,,,,,,,,,,,,,,,,,,,,,,,,,,,,,
2026,2,otc,2026-08-20,6138,茂達,6173914,1377516,7551430,2588895,188886,2777781,756355,,993292,,-148291,-54326,,,,1018499,4773649,0,0,,50.49,,2208120.0,3755150,1265088.0,,,,,,,,,,,,,,,,,,,,,,,,,,,,,,,,,,,,,,,,,,,,,,,,,,,,,,,,,,,,,,
2026,2,otc,2026-08-20,6140,訊達電腦,1223661,538597,1762258,1128165,92926,1221091,548978,,422,,-4740,,,,,,541167,,0,,9.86,,-3493.0,541167,0.0,,,,,,,,,,,,,,,,,,,,,,,,,,,,,,,,,,,,,,,,,,,,,,,,,,,,,,,,,,,,,,
2026,2,otc,2026-08-20,6143,振曜,6746645,1545270,8291915,3435754,159054,3594808,860589,,441036,,-25730,0,,,,1867223,4697107,,0,,32.88,,1553989.0,2829884,0.0,,,,,,,,,,,,,,,,,,,,,,,,,,,,,,,,,,,,,,,,,,,,,,,,,,,,,,,,,,,,,,
2026,2,otc,2026-08-20,6144,得利影,253652,113780,367432,42175,11071,53246,382737,,1890,,3649,,,,,,314186,0,0,,8.21,,-74090.0,,0.0,,,,,,,,,,,,,,,,,,,,,,,,,,,,,,,,,,,,,,,,,,,,,,,,,,,,,,,,,,,,,,
2026,2,otc,2026-08-20,6146,耕興,6651768,2324063,8975831,2854100,242348,3096448,1018672,,895271,,229992,,,,,538091,5879383,,0,,52.43,,3197357.0,5341292,0.0,,,,,,,,,,,,,,,,,,,,,,,,,,,,,,,,,,,,,,,,,,,,,,,,,,,,,,,,,,,,,,
2026,2,otc,2026-08-20,6147,頎邦,16458322,50853208,67311530,6277229,2527500,8804729,7445935,,4531079,,10283407,,,,,,58506801,0,0,,78.58,,36246380.0,58506801,0.0,,,,,,,,,,,,,,,,,,,,,,,,,,,,,,,,,,,,,,,,,,,,,,,,,,,,,,,,,,,,,,
2026,2,otc,2026-08-20,6148,驊宏資,804669,385699,1190368,450804,183124,633928,466038,,11229,,0,0,,,,0,556440,0,0,,11.94,,79173.0,556440,0.0,,,,,,,,,,,,,,,,,,,,,,,,,,,,,,,,,,,,,,,,,,,,,,,,,,,,,,,,,,,,,,
2026,2,otc,2026-08-20,6150,撼訊,2759012,1083057,3842069,2060138,70374,2130512,483460,,847266,,-10649,,,,,6939,1711557,,0,,35.26,,384541.0,1704618,0.0,,,,,,,,,,,,,,,,,,,,,,,,,,,,,,,,,,,,,,,,,,,,,,,,,,,,,,,,,,,,,,
2026,2,otc,2026-08-20,6151,晉倫,1121670,557940,1679610,573116,77392,650508,552573,,78055,,7321,0,,,,0,1029102,0,0,,18.62,,391153.0,1029102,0.0,,,,,,,,,,,,,,,,,,,,,,,,,,,,,,,,,,,,,,,,,,,,,,,,,,,,,,,,,,,,,,
2026,2,otc,2026-08-20,6154,順發,1356471,678124,2034595,605095,146918,752013,800800,,3420,,4959,,,,,,1282582,,0,,16.02,,473403.0,1282582,0.0,,,,,,,,,,,,,,,,,,,,,,,,,,,,,,,,,,,,,,,,,,,,,,,,,,,,,,,,,,,,,,
2026,2,otc,2026-08-20,6156,松上,5416816,2048531,7465347,3577009,539384,4116393,1078750,,423655,,-59129,0,,0,,1043037,3348954,0,0,,21.38,,862641.0,2305917,0.0,,,,,,,,,,,,,,,,,,,,,,,,,,,,,,,,,,,,,,,,,,,,,,,,,,,,,,,,,,,,,,
2026,2,otc,2026-08-20,6158,禾昌,1411312,940366,2351678,1107223,122311,1229534,556982,,89997,,-76093,-19053,,,,,1122144,,0,,20.44,,570311.0,1122144,800000.0,,,,,,,,,,,,,,,,,,,,,,,,,,,,,,,,,,,,,,,,,,,,,,,,,,,,,,,,,,,,,,
2026,2,otc,2026-08-20,6160,欣技,862208,271747,1133955,457258,86723,543981,684891,,1151,,3198,,,,,792,589974,,0,,8.6,,-100058.0,589182,0.0,,,,,,,,,,,,,,,,,,,,,,,,,,,,,,,,,,,,,,,,,,,,,,,,,,,,,,,,,,,,,,
2026,2,otc,2026-08-20,6161,捷波,1265362,672911,1938273,548106,48356,596462,562375,,127452,,11491,0,,,,0,1341811,0,0,,23.86,,640493.0,1341811,0.0,,,,,,,,,,,,,,,,,,,,,,,,,,,,,,,,,,,,,,,,,,,,,,,,,,,,,,,,,,,,,,
2026,2,otc,2026-08-20,6163,華電網,6149029,1126865,7275894,3939151,349533,4288684,1488387,,530000,,99384,,,,,53995,2987210,0,0,,19.71,,815444.0,2933215,0.0,,,,,,,,,,,,,,,,,,,,,,,,,,,,,,,,,,,,,,,,,,,,,,,,,,,,,,,,,,,,,,
2026,2,otc,2026-08-20,6167,久正,969262,1066492,2035754,319051,6185,325236,1460000,,89093,,-64743,,,,,0,1710518,0,0,,11.72,,226168.0,1710518,0.0,,,,,,,,,,,,,,,,,,,,,,,,,,,,,,,,,,,,,,,,,,,,,,,,,,,,,,,,,,,,,,
2026,2,otc,2026-08-20,6169,昱泉,56128,413824,469952,28850,238909,267759,233950,,3877,,-11890,,,,,,202193,0,0,,8.64,,-23744.0,202193,0.0,,,,,,,,,,,,,,,,,,,,,,,,,,,,,,,,,,,,,,,,,,,,,,,,,,,,,,,,,,,,,,
2026,2,otc,2026-08-20,6170,統振,4594243,722075,5316318,3308387,37357,3345744,972601,,456857,,31024,0,,,,14889,1970574,,0,,20.11,,495203.0,1955685,0.0,,,,,,,,,,,,,,,,,,,,,,,,,,,,,,,,,,,,,,,,,,,,,,,,,,,,,,,,,,,,,,
2026,2,otc,2026-08-20,6171,大城地產,4650806,8642,4659448,2287907,0,2287907,1000000,,201784,,0,,,,,,2371541,,0,,23.72,,1169757.0,,0.0,,,,,,,,,,,,,,,,,,,,,,,,,,,,,,,,,,,,,,,,,,,,,,,,,,,,,,,,,,,,,,
2026,2,otc,2026-08-20,6173,信昌電,3950458,8290347,12240805,1893310,199425,2092735,1712000,,295286,,3228585,0,,,,,10148070,,0,,59.28,,4912199.0,10148070,0.0,,,,,,,,,,,,,,,,,,,,,,,,,,,,,,,,,,,,,,,,,,,,,,,,,,,,,,,,,,,,,,
2026,2,otc,2026-08-20,6174,安碁,655635,419780,1075415,364192,42858,407050,500000,,,,5941,,,,,,668365,0,0,,13.37,,162424.0,668365,0.0,,,,,,,,,,,,,,,,,,,,,,,,,,,,,,,,,,,,,,,,,,,,,,,,,,,,,,,,,,,,,,
2026,2,otc,2026-08-20,6175,立敦,3764808,3302459,7067267,1494425,260811,1755236,1501218,,818086,,95215,0,,,,1073801,5312031,0,0,,28.23,,1823711.0,4238230,0.0,,,,,,,,,,,,,,,,,,,,,,,,,,,,,,,,,,,,,,,,,,,,,,,,,,,,,,,,,,,,,,
2026,2,otc,2026-08-20,6179,亞通,11375653,3272499,14648152,8674394,1840880,10515274,1773246,,1838996,,-77807,0,,,,382138,4132878,0,0,,21.15,,216305.0,3750740,0.0,,,,,,,,,,,,,,,,,,,,,,,,,,,,,,,,,,,,,,,,,,,,,,,,,,,,,,,,,,,,,,
2026,2,otc,2026-08-20,6180,橘子,3062554,5097625,8160179,3826987,85606,3912593,1754936,,1337468,,-482103,-151893,,,,354145,4247586,0,0,,22.64,,1435033.0,3893441,3540000.0,,,,,,,,,,,,,,,,,,,,,,,,,,,,,,,,,,,,,,,,,,,,,,,,,,,,,,,,,,,,,,
2026,2,otc,2026-08-20,6182,合晶,11552666,30988239,42540905,5493059,8951753,14444812,6253056,,8087479,,16314,,,,,11087275,28096093,,31704347,,27.2,,2651969.0,17008818,0.0,,,,,,,,,,,,,,,,,,,,,,,,,,,,,,,,,,,,,,,,,,,,,,,,,,,,,,,,,,,,,,
2026,2,otc,2026-08-20,6185,幃翔,1837882,651064,2488946,209040,154201,363241,1498675,,62393,,7236,-13993,,,,,2125705,,0,,14.28,,571394.0,2125705,1000000.0,,,,,,,,,,,,,,,,,,,,,,,,,,,,,,,,,,,,,,,,,,,,,,,,,,,,,,,,,,,,,,
2026,2,otc,2026-08-20,6186,新潤,14824393,1345305,16169698,9749460,1829116,11578576,1949076,,847530,,,,,,,,4591122,0,0,,23.56,,1794516.0,,0.0,,,,,,,,,,,,,,,,,,,,,,,,,,,,,,,,,,,,,,,,,,,,,,,,,,,,,,,,,,,,,,
2026,2,otc,2026-08-20,6187,萬潤,8168075,5348495,13516570,4587688,161589,4749277,982628,,3359653,,1278903,-67901,,,,248491,8767293,0,69354,,87.49,,2965519.0,8518802,898000.0,,,,,,,,,,,,,,,,,,,,,,,,,,,,,,,,,,,,,,,,,,,,,,,,,,,,,,,,,,,,,,
2026,2,otc,2026-08-20,6188,廣明,10974956,10693363,21668319,6195359,381166,6576525,2783589,,5162978,,390951,,,,,2344832,15091794,,0,,45.79,,4409444.0,12746962,0.0,,,,,,,,,,,,,,,,,,,,,,,,,,,,,,,,,,,,,,,,,,,,,,,,,,,,,,,,,,,,,,
2026,2,otc,2026-08-20,6190,萬泰科,6712162,3044807,9756969,4237583,1004608,5242191,1953760,,1430606,,146812,-351830,,,,521173,4514778,,0,,21.16,,814257.0,3993605,6600000.0,,,,,,,,,,,,,,,,,,,,,,,,,,,,,,,,,,,,,,,,,,,,,,,,,,,,,,,,,,,,,,
2026,2,otc,2026-08-20,6194,育富,2144351,220226,2364577,323983,88901,412884,480000,,45667,,20244,,,,,,1951693,0,0,,40.66,,1405782.0,1951693,0.0,,,,,,,,,,,,,,,,,,,,,,,,,,,,,,,,,,,,,,,,,,,,,,,,,,,,,,,,,,,,,,
2026,2,otc,2026-08-20,6195,詩肯,811823,2769817,3581640,929537,1316944,2246481,501930,,294834,,34397,,,,,0,1335159,,0,,26.6,,503998.0,1335159,0.0,,,,,,,,,,,,,,,,,,,,,,,,,,,,,,,,,,,,,,,,,,,,,,,,,,,,,,,,,,,,,,
2026,2,otc,2026-08-20,6198,瑞築,6554462,88325,6642787,1345842,565526,1911368,1714004,,3111709,,-282,,,,,9967,4731419,,0,,27.55,,-103979.0,4721452,0.0,,,,,,,,,,,,,,,,,,,,,,,,,,,,,,,,,,,,,,,,,,,,,,,,,,,,,,,,,,,,,,
2026,2,otc,2026-08-20,6199,天品,1868640,64998,1933638,275811,575004,850815,617600,,70981,,-36089,,,,,23030,1082823,,0,,17.16,,407301.0,1059793,0.0,,,,,,,,,,,,,,,,,,,,,,,,,,,,,,,,,,,,,,,,,,,,,,,,,,,,,,,,,,,,,,
2026,2,otc,2026-08-20,6203,海韻電,3433206,431352,3864558,895756,25640,921396,824013,,276618,,-6188,0,,,,,2943162,,0,,35.72,,1848719.0,2943162,0.0,,,,,,,,,,,,,,,,,,,,,,,,,,,,,,,,,,,,,,,,,,,,,,,,,,,,,,,,,,,,,,
2026,2,otc,2026-08-20,6204,艾華,326874,195141,522015,105082,57401,162483,231021,,10227,,-13126,,,,,,359532,,0,,15.56,,131410.0,359532,0.0,,,,,,,,,,,,,,,,,,,,,,,,,,,,,,,,,,,,,,,,,,,,,,,,,,,,,,,,,,,,,,
2026,2,otc,2026-08-20,6207,雷科,2966059,1615636,4581695,1451347,331744,1783091,925344,,696068,,311330,,,,,1569,2798604,0,0,,30.23,,864293.0,2797035,0.0,,,,,,,,,,,,,,,,,,,,,,,,,,,,,,,,,,,,,,,,,,,,,,,,,,,,,,,,,,,,,,
2026,2,otc,2026-08-20,6208,日揚,3301098,3873326,7174424,2899024,1004244,3903268,944623,,320527,,-7202,0,,,,46140,3271156,0,0,,34.14,,1967068.0,3225016,0.0,,,,,,,,,,,,,,,,,,,,,,,,,,,,,,,,,,,,,,,,,,,,,,,,,,,,,,,,,,,,,,
2026,2,otc,2026-08-20,6210,慶生,307811,231451,539262,157748,41177,198925,350480,,20025,,,,,,,,340337,0,0,,9.71,,-30168.0,,0.0,,,,,,,,,,,,,,,,,,,,,,,,,,,,,,,,,,,,,,,,,,,,,,,,,,,,,,,,,,,,,,
2026,2,otc,2026-08-20,6212,理銘,11157153,97766,11254919,7429324,702,7430026,1020000,,0,,-24352,,,,,,3824893,0,0,,37.5,,2829245.0,,0.0,,,,,,,,,,,,,,,,,,,,,,,,,,,,,,,,,,,,,,,,,,,,,,,,,,,,,,,,,,,,,,
2026,2,otc,2026-08-20,6217,中探針,3886280,3407969,7294249,3192095,1185940,4378035,1172100,,1824211,,27572,-90099,,,,-13883,2916214,0,0,,25.7,,-3687.0,2930097,3193000.0,,,,,,,,,,,,,,,,,,,,,,,,,,,,,,,,,,,,,,,,,,,,,,,,,,,,,,,,,,,,,,
2026,2,otc,2026-08-20,6218,豪勉,1151929,438259,1590188,587088,2094,589182,642620,,40295,,16077,,,,,,1001006,,0,,15.58,,302014.0,1001006,0.0,,,,,,,,,,,,,,,,,,,,,,,,,,,,,,,,,,,,,,,,,,,,,,,,,,,,,,,,,,,,,,
2026,2,otc,2026-08-20,6219,富旺,13262632,1266065,14528697,10956296,1589402,12545698,1249671,,349896,,1570,,,,,,1982999,0,0,,15.87,,381862.0,1982999,0.0,,,,,,,,,,,,,,,,,,,,,,,,,,,,,,,,,,,,,,,,,,,,,,,,,,,,,,,,,,,,,,
2026,2,otc,2026-08-20,6220,岳豐,7456501,2668053,10124554,4900582,2030866,6931448,1464627,,1073929,,-7438,,,,,0,3193106,0,0,,21.8,,661988.0,3193106,0.0,,,,,,,,,,,,,,,,,,,,,,,,,,,,,,,,,,,,,,,,,,,,,,,,,,,,,,,,,,,,,,
2026,2,otc,2026-08-20,6221,晉泰,5944999,530509,6475508,3345369,88590,3433959,1686012,,115681,,425002,,,,,,3041549,,0,,18.04,,814854.0,3041549,0.0,,,,,,,,,,,,,,,,,,,,,,,,,,,,,,,,,,,,,,,,,,,,,,,,,,,,,,,,,,,,,,
2026,2,otc,2026-08-20,6222,立軒,1180313,526773,1707086,4446,489549,493995,956889,,294412,,-23059,,,,,44,1213091,,0,,12.68,,-15195.0,1213047,0.0,,,,,,,,,,,,,,,,,,,,,,,,,,,,,,,,,,,,,,,,,,,,,,,,,,,,,,,,,,,,,,
2026,2,otc,2026-08-20,6223,旺矽,19753505,15661972,35415477,12230870,7279972,19510842,979813,,5615123,,502586,0,,,,0,15904635,0,0,,162.32,,8807113.0,15904635,0.0,,,,,,,,,,,,,,,,,,,,,,,,,,,,,,,,,,,,,,,,,,,,,,,,,,,,,,,,,,,,,,
2026,2,otc,2026-08-20,6227,茂綸,11700178,154480,11854658,8460906,175428,8636334,761118,,117958,,19780,,,,,47566,3218324,,0,,41.66,,2271902.0,3170758,0.0,,,,,,,,,,,,,,,,,,,,,,,,,,,,,,,,,,,,,,,,,,,,,,,,,,,,,,,,,,,,,,
2026,2,otc,2026-08-20,6228,全譜,154344,254410,408754,155345,17590,172935,260000,,39971,,-7525,,,,,,235819,,0,,9.07,,-56627.0,235819,0.0,,,,,,,,,,,,,,,,,,,,,,,,,,,,,,,,,,,,,,,,,,,,,,,,,,,,,,,,,,,,,,
2026,2,otc,2026-08-20,6229,研通,1265027,545152,1810179,1010458,82903,1093361,403607,,73537,,48471,,,,,,716818,0,0,,17.76,,191203.0,716818,0.0,,,,,,,,,,,,,,,,,,,,,,,,,,,,,,,,,,,,,,,,,,,,,,,,,,,,,,,,,,,,,,
2026,2,otc,2026-08-20,6231,系微,1608092,782888,2390980,785744,524157,1309901,456522,,67477,,18366,,,,,,1081079,,0,,23.68,,538714.0,1081079,0.0,,,,,,,,,,,,,,,,,,,,,,,,,,,,,,,,,,,,,,,,,,,,,,,,,,,,,,,,,,,,,,
2026,2,otc,2026-08-20,6233,旺玖,1100729,615910,1716639,178207,33792,211999,810219,,145306,,212084,-44657,,,,,1504640,0,0,,19.04,,381688.0,1504640,2000000.0,,,,,,,,,,,,,,,,,,,,,,,,,,,,,,,,,,,,,,,,,,,,,,,,,,,,,,,,,,,,,,
2026,2,otc,2026-08-20,6234,高僑,2591522,1651746,4243268,1394885,41778,1436663,1003864,,965910,,73537,,,,,,2806605,0,0,,27.96,,763294.0,2806605,0.0,,,,,,,,,,,,,,,,,,,,,,,,,,,,,,,,,,,,,,,,,,,,,,,,,,,,,,,,,,,,,,
2026,2,otc,2026-08-20,6236,中湛,148022,18770,166792,8373,2643,11016,416540,,0,,-1627,,,,,,155776,,0,,3.74,,-259137.0,155776,0.0,,,,,,,,,,,,,,,,,,,,,,,,,,,,,,,,,,,,,,,,,,,,,,,,,,,,,,,,,,,,,,
2026,2,otc,2026-08-20,6237,驊訊,609878,1038428,1648306,98640,91425,190065,796454,,518506,,3831,,,,,0,1458241,0,0,,18.31,,139450.0,1458241,0.0,,,,,,,,,,,,,,,,,,,,,,,,,,,,,,,,,,,,,,,,,,,,,,,,,,,,,,,,,,,,,,
2026,2,otc,2026-08-20,6240,松崗,209310,678651,887961,407466,127464,534930,228674,,0,,-8497,,,,,,353031,,0,,15.44,,132854.0,353031,0.0,,,,,,,,,,,,,,,,,,,,,,,,,,,,,,,,,,,,,,,,,,,,,,,,,,,,,,,,,,,,,,
2026,2,otc,2026-08-20,6241,鑫永洋,341754,260422,602176,231795,1598,233393,487000,,0,,0,,,,,,368783,,0,,7.57,,-118217.0,,0.0,,,,,,,,,,,,,,,,,,,,,,,,,,,,,,,,,,,,,,,,,,,,,,,,,,,,,,,,,,,,,,
2026,2,otc,2026-08-20,6242,立康,251724,886304,1138028,241294,53874,295168,318065,,213389,,-16948,,,,,,842860,,0,,26.5,,328354.0,842860,0.0,,,,,,,,,,,,,,,,,,,,,,,,,,,,,,,,,,,,,,,,,,,,,,,,,,,,,,,,,,,,,,
2026,2,otc,2026-08-20,6244,茂迪,4611995,5207857,9819852,1705397,3473393,5178790,3870419,,533418,,-411414,,,,,87455,4641062,,0,,11.77,,561184.0,4553607,0.0,,,,,,,,,,,,,,,,,,,,,,,,,,,,,,,,,,,,,,,,,,,,,,,,,,,,,,,,,,,,,,
2026,2,otc,2026-08-20,6245,立端,8659068,1563634,10222702,3869570,405315,4274885,1466083,,1508822,,32115,,,,,,5947817,0,0,,40.57,,2940797.0,5947817,0.0,,,,,,,,,,,,,,,,,,,,,,,,,,,,,,,,,,,,,,,,,,,,,,,,,,,,,,,,,,,,,,
2026,2,otc,2026-08-20,6246,臺龍,1098486,119365,1217851,802479,1433,803912,378514,,21431,,5094,,,,,,413939,0,0,,10.94,,8900.0,413939,0.0,,,,,,,,,,,,,,,,,,,,,,,,,,,,,,,,,,,,,,,,,,,,,,,,,,,,,,,,,,,,,,
2026,2,otc,2026-08-20,6248,沛波,2187710,1838398,4026108,1026922,814988,1841910,999561,,910034,,-19597,-80407,,,,,2184198,0,0,,21.85,,374607.0,2184198,3828.0,,,,,,,,,,,,,,,,,,,,,,,,,,,,,,,,,,,,,,,,,,,,,,,,,,,,,,,,,,,,,,
2026,2,otc,2026-08-20,6259,百徽,533085,66216,599301,170900,7792,178692,280561,,42573,,18158,,,,,793,420609,,0,,14.96,,78524.0,419816,0.0,,,,,,,,,,,,,,,,,,,,,,,,,,,,,,,,,,,,,,,,,,,,,,,,,,,,,,,,,,,,,,
2026,2,otc,2026-08-20,6261,久元,4610460,4096074,8706534,1457838,260641,1718479,1284980,,2457284,,98879,,,,,147643,6988055,,0,,53.23,,2999269.0,6840412,0.0,,,,,,,,,,,,,,,,,,,,,,,,,,,,,,,,,,,,,,,,,,,,,,,,,,,,,,,,,,,,,,
2026,2,otc,2026-08-20,6263,普萊德,2387180,166112,2553292,938569,57690,996259,625010,,11694,,0,,,,,,1557033,0,0,,24.91,,920329.0,1557033,0.0,,,,,,,,,,,,,,,,,,,,,,,,,,,,,,,,,,,,,,,,,,,,,,,,,,,,,,,,,,,,,,
2026,2,otc,2026-08-20,6264,富裔,4149661,875287,5024948,2392778,1592005,3984783,1363553,,0,,281035,,,,,118113,1040165,,0,,6.76,,-722536.0,922052,0.0,,,,,,,,,,,,,,,,,,,,,,,,,,,,,,,,,,,,,,,,,,,,,,,,,,,,,,,,,,,,,,
2026,2,otc,2026-08-20,6265,方土昶,2735501,224350,2959851,748314,6116,754430,1181722,,313679,,-60776,,,,,,2205421,0,0,,18.66,,770796.0,2205421,0.0,,,,,,,,,,,,,,,,,,,,,,,,,,,,,,,,,,,,,,,,,,,,,,,,,,,,,,,,,,,,,,
2026,2,otc,2026-08-20,6266,泰詠,3063355,736519,3799874,1205396,143598,1348994,1538715,,263443,,71390,,,,,,2450880,0,0,,15.93,,577332.0,2450880,0.0,,,,,,,,,,,,,,,,,,,,,,,,,,,,,,,,,,,,,,,,,,,,,,,,,,,,,,,,,,,,,,
2026,2,otc,2026-08-20,6270,倍微,2117978,1805301,3923279,1189181,2682,1191863,721458,,332523,,1485869,,,,,,2731416,0,0,,37.86,,191566.0,2731416,0.0,,,,,,,,,,,,,,,,,,,,,,,,,,,,,,,,,,,,,,,,,,,,,,,,,,,,,,,,,,,,,,
2026,2,otc,2026-08-20,6274,台燿,38158634,8784096,46942730,18580070,4208584,22788654,2993361,,9049766,,607056,,,,,,24154076,,10561456,,80.69,,11503893.0,24154076,0.0,,,,,,,,,,,,,,,,,,,,,,,,,,,,,,,,,,,,,,,,,,,,,,,,,,,,,,,,,,,,,,
2026,2,otc,2026-08-20,6275,元山,2251297,1556015,3807312,1566056,565713,2131769,803446,,119587,,48003,0,,,,-177,1675543,0,0,,20.86,,704684.0,1675720,0.0,,,,,,,,,,,,,,,,,,,,,,,,,,,,,,,,,,,,,,,,,,,,,,,,,,,,,,,,,,,,,,
2026,2,otc,2026-08-20,6276,安鈦克,381564,54292,435856,300177,9798,309975,220430,,0,,1308,,,,,0,125881,,0,,5.71,,-95857.0,125881,0.0,,,,,,,,,,,,,,,,,,,,,,,,,,,,,,,,,,,,,,,,,,,,,,,,,,,,,,,,,,,,,,
2026,2,otc,2026-08-20,6279,胡連,9507466,6384725,15892191,6471712,305806,6777518,1190157,,2171757,,72793,,,,,55563,9114673,,0,,76.12,,5624403.0,9059110,0.0,,,,,,,,,,,,,,,,,,,,,,,,,,,,,,,,,,,,,,,,,,,,,,,,,,,,,,,,,,,,,,
2026,2,otc,2026-08-20,6284,佳邦,6380540,9042625,15423165,4899733,1846861,6746594,1489803,,3304117,,799000,-89459,,,,29747,8676571,,0,,58.43,,3143363.0,8646824,1000000.0,,,,,,,,,,,,,,,,,,,,,,,,,,,,,,,,,,,,,,,,,,,,,,,,,,,,,,,,,,,,,,
2026,2,otc,2026-08-20,6290,良維,9749738,3833612,13583350,3770155,1675039,5445194,1696498,,2477649,,51823,,,,,249224,8138156,0,0,,46.5,,3662962.0,7888932,0.0,,,,,,,,,,,,,,,,,,,,,,,,,,,,,,,,,,,,,,,,,,,,,,,,,,,,,,,,,,,,,,
2026,2,otc,2026-08-20,6291,沛亨,1977794,423559,2401353,799590,80851,880441,420000,,495141,,3833,,,,,98482,1520912,,0,,33.87,,503456.0,1422430,0.0,,,,,,,,,,,,,,,,,,,,,,,,,,,,,,,,,,,,,,,,,,,,,,,,,,,,,,,,,,,,,,
2026,2,otc,2026-08-20,6292,迅德,1529250,437634,1966884,634030,138313,772343,466007,,48889,,-47773,0,,0,,0,1194541,,0,,25.63,,727418.0,1194541,0.0,,,,,,,,,,,,,,,,,,,,,,,,,,,,,,,,,,,,,,,,,,,,,,,,,,,,,,,,,,,,,,
2026,2,otc,2026-08-20,6294,智基,576737,712515,1289252,577384,154925,732309,260471,,,,,,,,,,556943,0,0,,21.38,,296472.0,556943,0.0,,,,,,,,,,,,,,,,,,,,,,,,,,,,,,,,,,,,,,,,,,,,,,,,,,,,,,,,,,,,,,
2026,2,otc,2026-08-20,6411,晶焱,4279906,2464534,6744440,1587810,32865,1620675,996552,,1996200,,83853,-110287,,,,145171,5123765,6300,17000,,50.79,,2012276.0,4978594,1491002.0,,,,,,,,,,,,,,,,,,,,,,,,,,,,,,,,,,,,,,,,,,,,,,,,,,,,,,,,,,,,,,
2026,2,otc,2026-08-20,6417,韋僑,1631636,1436664,3068300,721608,573728,1295336,422740,,347958,,-1602,,,,,,1772964,,0,,41.94,,1003868.0,1772964,0.0,,,,,,,,,,,,,,,,,,,,,,,,,,,,,,,,,,,,,,,,,,,,,,,,,,,,,,,,,,,,,,
2026,2,otc,2026-08-20,6418,詠昇,589584,458762,1048346,268320,264839,533159,345220,,92580,,8116,,,,,,515187,0,0,,14.92,,69271.0,515187,0.0,,,,,,,,,,,,,,,,,,,,,,,,,,,,,,,,,,,,,,,,,,,,,,,,,,,,,,,,,,,,,,
2026,2,otc,2026-08-20,6419,京晨科,1111695,119831,1231526,345069,172235,517304,131592,,1276,,5179,,,,,0,714222,,0,,54.28,,576175.0,714222,0.0,,,,,,,,,,,,,,,,,,,,,,,,,,,,,,,,,,,,,,,,,,,,,,,,,,,,,,,,,,,,,,
2026,2,otc,2026-08-20,6423,億而得,311030,430226,741256,54331,167946,222277,310160,,245243,,0,-69715,,,,,518979,,0,,17.14,,33291.0,,744000.0,,,,,,,,,,,,,,,,,,,,,,,,,,,,,,,,,,,,,,,,,,,,,,,,,,,,,,,,,,,,,,
2026,2,otc,2026-08-20,6425,易發,2086482,1402167,3488649,1666635,478074,2144709,513823,,730486,,-30165,0,,,,55759,1343940,,5570,,25.34,,74037.0,1288181,0.0,,,,,,,,,,,,,,,,,,,,,,,,,,,,,,,,,,,,,,,,,,,,,,,,,,,,,,,,,,,,,,
2026,2,otc,2026-08-20,6432,今展科,1181296,285140,1466436,357995,38215,396210,387841,,460724,,-10349,,,,,,1070226,,4417065,,27.59,,232010.0,1070226,0.0,,,,,,,,,,,,,,,,,,,,,,,,,,,,,,,,,,,,,,,,,,,,,,,,,,,,,,,,,,,,,,
2026,2,otc,2026-08-20,6435,大中,2188508,1072421,3260929,989918,29301,1019219,374613,,169546,,336554,,,,,,2241710,0,0,,59.84,,1360997.0,,0.0,,,,,,,,,,,,,,,,,,,,,,,,,,,,,,,,,,,,,,,,,,,,,,,,,,,,,,,,,,,,,,
2026,2,otc,2026-08-20,6441,廣錠,613470,965717,1579187,663175,5932,669107,533185,,488726,,-225,,,,,28208,910080,,0,,16.54,,-139814.0,881872,0.0,,,,,,,,,,,,,,,,,,,,,,,,,,,,,,,,,,,,,,,,,,,,,,,,,,,,,,,,,,,,,,
2026,2,otc,2026-08-20,6461,益得,370571,1924912,2295483,228672,1172413,1401085,1102801,,6156,,0,,,,,,894398,68071734,0,,8.11,,-214559.0,,0.0,,,,,,,,,,,,,,,,,,,,,,,,,,,,,,,,,,,,,,,,,,,,,,,,,,,,,,,,,,,,,,
2026,2,otc,2026-08-20,6462,神盾,6941290,13622564,20563854,6062013,711237,6773250,912508,,7907695,,-936382,,,,,6396370,13790604,,0,,81.03,,-489587.0,7394234,0.0,,,,,,,,,,,,,,,,,,,,,,,,,,,,,,,,,,,,,,,,,,,,,,,,,,,,,,,,,,,,,,
2026,2,otc,2026-08-20,6465,威潤,386392,274809,661201,51096,30623,81719,470737,,13477,,-3046,0,,,,,579482,0,0,,12.31,,98314.0,579482,0.0,,,,,,,,,,,,,,,,,,,,,,,,,,,,,,,,,,,,,,,,,,,,,,,,,,,,,,,,,,,,,,
2026,2,otc,2026-08-20,6469,大樹,7942843,6078891,14021734,5323481,4959033,10282514,1590931,,1406241,,20835,,,0,,70111,3739220,0,40300,,24.45,,651102.0,3669109,0.0,,,,,,,,,,,,,,,,,,,,,,,,,,,,,,,,,,,,,,,,,,,,,,,,,,,,,,,,,,,,,,
2026,2,otc,2026-08-20,6470,宇智,1668736,67995,1736731,473799,131968,605767,376941,,265332,,8270,,,,,,1130964,,0,,30.0,,480421.0,1130964,0.0,,,,,,,,,,,,,,,,,,,,,,,,,,,,,,,,,,,,,,,,,,,,,,,,,,,,,,,,,,,,,,
2026,2,otc,2026-08-20,6474,華豫寧,2797610,693141,3490751,1557104,239111,1796215,525262,,183018,,59401,,,,,,1694536,,0,,32.26,,926855.0,1694536,0.0,,,,,,,,,,,,,,,,,,,,,,,,,,,,,,,,,,,,,,,,,,,,,,,,,,,,,,,,,,,,,,
2026,2,otc,2026-08-20,6482,弘煜科,482041,61453,543494,146751,7229,153980,286343,,43464,,-18259,,,,,4480,389514,,0,,13.45,,73486.0,385034,0.0,,,,,,,,,,,,,,,,,,,,,,,,,,,,,,,,,,,,,,,,,,,,,,,,,,,,,,,,,,,,,,
2026,2,otc,2026-08-20,6485,點序,1510628,1111968,2622596,652598,114,652712,473665,,861939,,20,,,,,349,1969884,,0,,41.58,,633911.0,1969535,0.0,,,,,,,,,,,,,,,,,,,,,,,,,,,,,,,,,,,,,,,,,,,,,,,,,,,,,,,,,,,,,,
2026,2,otc,2026-08-20,6486,互動,3272356,963932,4236288,2418030,41846,2459876,508933,,887894,,27,,,,,11368,1776412,,0,,34.68,,368190.0,1765044,0.0,,,,,,,,,,,,,,,,,,,,,,,,,,,,,,,,,,,,,,,,,,,,,,,,,,,,,,,,,,,,,,
2026,2,otc,2026-08-20,6488,環球晶,82387095,136833331,219220426,64293050,58206879,122499929,4781137,,44763934,,-7909731,,,,,-3599,96720497,0,0,,202.3,,55088756.0,96724096,0.0,,,,,,,,,,,,,,,,,,,,,,,,,,,,,,,,,,,,,,,,,,,,,,,,,,,,,,,,,,,,,,
2026,2,otc,2026-08-20,6492,生華科,644940,34311,679251,54359,8254,62613,899036,,7526,,526,-49361,,,,,616638,0,0,,6.9,,-241089.0,616638,518000.0,,,,,,,,,,,,,,,,,,,,,,,,,,,,,,,,,,,,,,,,,,,,,,,,,,,,,,,,,,,,,,
2026,2,otc,2026-08-20,6494,九齊,1099456,217542,1316998,242111,46820,288931,315597,,196884,,4315,,,,,,1028067,,0,,32.58,,511271.0,1028067,0.0,,,,,,,,,,,,,,,,,,,,,,,,,,,,,,,,,,,,,,,,,,,,,,,,,,,,,,,,,,,,,,
2026,2,otc,2026-08-20,6496,科懋,693720,724066,1417786,446596,282204,728800,472902,,263879,,6369,-23736,,,,,688986,0,0,,14.83,,-30428.0,688986,818000.0,,,,,,,,,,,,,,,,,,,,,,,,,,,,,,,,,,,,,,,,,,,,,,,,,,,,,,,,,,,,,,
2026,2,otc,2026-08-20,6498,久禾光,2151731,508738,2660469,920548,194408,1114956,471649,,372468,,29697,,,,,,1545513,,0,,32.77,,671699.0,1545513,0.0,,,,,,,,,,,,,,,,,,,,,,,,,,,,,,,,,,,,,,,,,,,,,,,,,,,,,,,,,,,,,,
2026,2,otc,2026-08-20,6499,益安,1078602,472703,1551305,164177,117963,282140,969449,,1956410,,46714,0,,,,39390,1269165,0,0,,12.69,,-1742798.0,1229775,0.0,,,,,,,,,,,,,,,,,,,,,,,,,,,,,,,,,,,,,,,,,,,,,,,,,,,,,,,,,,,,,,
2026,2,otc,2026-08-20,6506,雙邦,1045574,1667758,2713332,852492,544159,1396651,823608,,10660,,0,,,,,49434,1316681,,0,,15.39,,432979.0,1267247,0.0,,,,,,,,,,,,,,,,,,,,,,,,,,,,,,,,,,,,,,,,,,,,,,,,,,,,,,,,,,,,,,
2026,2,otc,2026-08-20,6508,惠光,2020594,755594,2776188,288624,48370,336994,865389,,224222,,-47830,,,,,,2439194,0,0,,28.19,,1397413.0,2439194,0.0,,,,,,,,,,,,,,,,,,,,,,,,,,,,,,,,,,,,,,,,,,,,,,,,,,,,,,,,,,,,,,
2026,2,otc,2026-08-20,6509,聚和,4390582,3865476,8256058,1936625,748864,2685489,1970805,,1319978,,-122813,0,,,,,5570569,,537227,,28.27,,2402599.0,5570569,0.0,,,,,,,,,,,,,,,,,,,,,,,,,,,,,,,,,,,,,,,,,,,,,,,,,,,,,,,,,,,,,,
2026,2,otc,2026-08-20,6510,精測,9833287,4246911,14080198,2252105,1696006,3948111,329291,,4869864,,86681,,,,,5582,10132087,,0,,307.52,,4840669.0,10126505,0.0,,,,,,,,,,,,,,,,,,,,,,,,,,,,,,,,,,,,,,,,,,,,,,,,,,,,,,,,,,,,,,
2026,2,otc,2026-08-20,6512,啟發電,263029,93096,356125,24625,0,24625,252600,,121827,,,,,,,,331500,,0,,13.12,,-42927.0,331500,0.0,,,,,,,,,,,,,,,,,,,,,,,,,,,,,,,,,,,,,,,,,,,,,,,,,,,,,,,,,,,,,,
2026,2,otc,2026-08-20,6516,勤崴國際,918782,276274,1195056,192340,56538,248878,563369,,292809,,-19206,-39346,,,,,946178,,0,,16.95,,148552.0,,500000.0,,,,,,,,,,,,,,,,,,,,,,,,,,,,,,,,,,,,,,,,,,,,,,,,,,,,,,,,,,,,,,
2026,2,otc,2026-08-20,6517,保勝光學,695772,124958,820730,142975,18695,161670,305791,,83154,,,,,,,,659060,,0,,21.55,,270115.0,659060,0.0,,,,,,,,,,,,,,,,,,,,,,,,,,,,,,,,,,,,,,,,,,,,,,,,,,,,,,,,,,,,,,
2026,2,otc,2026-08-20,6523,達爾膚,1319149,325244,1644393,344437,26063,370500,450477,,151700,,,,,,,,1273893,0,0,,28.28,,671716.0,1273893,0.0,,,,,,,,,,,,,,,,,,,,,,,,,,,,,,,,,,,,,,,,,,,,,,,,,,,,,,,,,,,,,,
2026,2,otc,2026-08-20,6527,明達醫,590925,764443,1355368,291855,32102,323957,254586,,215176,,-5335,-6576,,,,,1031411,,0,,40.7,,573560.0,1031411,117000.0,,,,,,,,,,,,,,,,,,,,,,,,,,,,,,,,,,,,,,,,,,,,,,,,,,,,,,,,,,,,,,
2026,2,otc,2026-08-20,6530,創威,613566,23229,636795,168446,6483,174929,337500,,38486,,,,,,,,461866,,0,,13.68,,85880.0,,0.0,,,,,,,,,,,,,,,,,,,,,,,,,,,,,,,,,,,,,,,,,,,,,,,,,,,,,,,,,,,,,,
2026,2,otc,2026-08-20,6532,瑞耘,806836,846123,1652959,412611,4419,417030,374451,,248453,,6907,,,,,,1235929,,0,,33.01,,606118.0,1235929,0.0,,,,,,,,,,,,,,,,,,,,,,,,,,,,,,,,,,,,,,,,,,,,,,,,,,,,,,,,,,,,,,
2026,2,otc,2026-08-20,6535,順藥,799508,569403,1368911,123578,0,123578,1678408,,265828,,-27291,-56802,,,,7349,1245333,0,0,,7.39,,-622159.0,1237984,355000.0,,,,,,,,,,,,,,,,,,,,,,,,,,,,,,,,,,,,,,,,,,,,,,,,,,,,,,,,,,,,,,
2026,2,otc,2026-08-20,6538,倉和,1653706,1346809,3000515,587887,492704,1080591,380585,,504631,,12034,-56146,,,,,1919924,,0,,51.51,,1078820.0,1919924,788000.0,,,,,,,,,,,,,,,,,,,,,,,,,,,,,,,,,,,,,,,,,,,,,,,,,,,,,,,,,,,,,,
2026,2,otc,2026-08-20,6542,隆中,804799,136389,941188,147063,9266,156329,420006,,287147,,7304,-51809,,,,79893,784859,0,0,,17.19,,42318.0,704966,1000000.0,,,,,,,,,,,,,,,,,,,,,,,,,,,,,,,,,,,,,,,,,,,,,,,,,,,,,,,,,,,,,,
2026,2,otc,2026-08-20,6546,正基,2424895,1257859,3682754,792255,735330,1527585,668484,,991837,,33032,,,,,24367,2155169,,0,,31.88,,437449.0,2130802,0.0,,,,,,,,,,,,,,,,,,,,,,,,,,,,,,,,,,,,,,,,,,,,,,,,,,,,,,,,,,,,,,
2026,2,otc,2026-08-20,6547,高端疫苗,2799099,1961665,4760764,125132,1080292,1205424,3295029,,312179,,-46338,,,,,,3555340,,194594,,10.81,,-5530.0,3555340,0.0,,,,,,,,,,,,,,,,,,,,,,,,,,,,,,,,,,,,,,,,,,,,,,,,,,,,,,,,,,,,,,
2026,2,otc,2026-08-20,6548,長科*,17423909,9248448,26672357,8690210,4476909,13167119,380186,,6082714,,2391420,-942392,,,,550835,13505238,,0,,14.03,,5042475.0,12954403,27151465.0,,,,,,,,,,,,,,,,,,,,,,,,,,,,,,,,,,,,,,,,,,,,,,,,,,,,,,,,,,,,,,
2026,2,otc,2026-08-20,6556,勝品,1384972,895328,2280300,609754,22619,632373,287500,,407097,,1173,,,,,40132,1647927,,0,,55.92,,912025.0,1607795,0.0,,,,,,,,,,,,,,,,,,,,,,,,,,,,,,,,,,,,,,,,,,,,,,,,,,,,,,,,,,,,,,
2026,2,otc,2026-08-20,6560,欣普羅,414277,291046,705323,37994,13895,51889,324747,,216133,,,,,,,,653434,,0,,20.12,,112554.0,,0.0,,,,,,,,,,,,,,,,,,,,,,,,,,,,,,,,,,,,,,,,,,,,,,,,,,,,,,,,,,,,,,
2026,2,otc,2026-08-20,6561,是方,995987,6035993,7031980,1457319,2305220,3762539,779584,,1379929,,7177,-362961,,,,8218,3269441,0,0,,42.38,,1457494.0,3261223,1000000.0,,,,,,,,,,,,,,,,,,,,,,,,,,,,,,,,,,,,,,,,,,,,,,,,,,,,,,,,,,,,,,
2026,2,otc,2026-08-20,6568,宏觀,1457268,385942,1843210,273779,2640,276419,307962,,387164,,-25765,0,,,,,1566791,3500,0,,50.88,,897430.0,1566791,0.0,,,,,,,,,,,,,,,,,,,,,,,,,,,,,,,,,,,,,,,,,,,,,,,,,,,,,,,,,,,,,,
2026,2,otc,2026-08-20,6569,醫揚,982444,1382116,2364560,611195,202349,813544,390707,,749706,,-9256,,,,,0,1551016,0,0,,39.7,,419859.0,1551016,0.0,,,,,,,,,,,,,,,,,,,,,,,,,,,,,,,,,,,,,,,,,,,,,,,,,,,,,,,,,,,,,,
2026,2,otc,2026-08-20,6570,維田,623265,830347,1453612,279638,330409,610047,371191,,295942,,-1365,,,,,,843565,,0,,22.73,,177797.0,843565,0.0,,,,,,,,,,,,,,,,,,,,,,,,,,,,,,,,,,,,,,,,,,,,,,,,,,,,,,,,,,,,,,
2026,2,otc,2026-08-20,6574,霈方,815121,536315,1351436,193272,90568,283840,219900,,106907,,149323,,,,,,1067596,,0,,48.55,,591466.0,1067596,0.0,,,,,,,,,,,,,,,,,,,,,,,,,,,,,,,,,,,,,,,,,,,,,,,,,,,,,,,,,,,,,,
2026,2,otc,2026-08-20,6576,逸達,1156982,701442,1858424,128774,456793,585567,1575405,,6135213,,-27114,,,,,,1272857,0,0,,8.08,,-6410647.0,1272857,0.0,,,,,,,,,,,,,,,,,,,,,,,,,,,,,,,,,,,,,,,,,,,,,,,,,,,,,,,,,,,,,,
2026,2,otc,2026-08-20,6577,勁豐,2138163,468961,2607124,1133802,59709,1193511,600602,,336631,,-54987,,,,,,1413613,,0,,23.54,,531367.0,1413613,0.0,,,,,,,,,,,,,,,,,,,,,,,,,,,,,,,,,,,,,,,,,,,,,,,,,,,,,,,,,,,,,,
2026,2,otc,2026-08-20,6578,達邦蛋白,255940,864799,1120739,97971,13409,111380,719419,,271783,,-8293,,,,,,1009359,0,0,,14.03,,26450.0,1009359,0.0,,,,,,,,,,,,,,,,,,,,,,,,,,,,,,,,,,,,,,,,,,,,,,,,,,,,,,,,,,,,,,
2026,2,otc,2026-08-20,6584,南俊國際,2263996,3221453,5485449,1228754,535145,1763899,712659,,1753369,,-20329,-2576,,,,,3721550,0,0,,52.24,,1278427.0,3721550,23000.0,,,,,,,,,,,,,,,,,,,,,,,,,,,,,,,,,,,,,,,,,,,,,,,,,,,,,,,,,,,,,,
2026,2,otc,2026-08-20,6588,東典光電,564014,722582,1286596,200255,162928,363183,347008,,414017,,-533,,,0,,141817,923413,,0,,22.52,,21104.0,781596,0.0,,,,,,,,,,,,,,,,,,,,,,,,,,,,,,,,,,,,,,,,,,,,,,,,,,,,,,,,,,,,,,
2026,2,otc,2026-08-20,6590,普鴻,683820,539980,1223800,248309,143345,391654,286957,,242461,,-6040,,,,,129862,832146,11601,0,,28.14,,178906.0,702284,0.0,,,,,,,,,,,,,,,,,,,,,,,,,,,,,,,,,,,,,,,,,,,,,,,,,,,,,,,,,,,,,,
2026,2,otc,2026-08-20,6593,台灣銘板,444788,566759,1011547,129061,26122,155183,318566,,432364,,0,,,,,2424,856364,,0,,26.81,,103010.0,853940,0.0,,,,,,,,,,,,,,,,,,,,,,,,,,,,,,,,,,,,,,,,,,,,,,,,,,,,,,,,,,,,,,
2026,2,otc,2026-08-20,6596,寬宏藝術,1177998,776552,1954550,715600,6929,722529,380000,,461434,,-6803,,,,,,1232021,,0,,32.42,,397390.0,1232021,0.0,,,,,,,,,,,,,,,,,,,,,,,,,,,,,,,,,,,,,,,,,,,,,,,,,,,,,,,,,,,,,,
2026,2,otc,2026-08-20,6597,立誠,669492,1608142,2277634,505720,1002599,1508319,300423,,391960,,,-67780,,,,,769315,0,0,,26.34,,144712.0,,840000.0,,,,,,,,,,,,,,,,,,,,,,,,,,,,,,,,,,,,,,,,,,,,,,,,,,,,,,,,,,,,,,
2026,2,otc,2026-08-20,6603,富強鑫,5446040,3063844,8509884,3031428,2634269,5665697,1674430,,69079,,65554,-23773,,,,197939,2844187,,0,,15.94,,860958.0,2646248,1403000.0,,,,,,,,,,,,,,,,,,,,,,,,,,,,,,,,,,,,,,,,,,,,,,,,,,,,,,,,,,,,,,
2026,2,otc,2026-08-20,6609,瀧澤科,2661705,1131327,3793032,1265302,147079,1412381,724562,,146793,,7641,,,,,,2380651,,0,,32.86,,1501655.0,2380651,0.0,,,,,,,,,,,,,,,,,,,,,,,,,,,,,,,,,,,,,,,,,,,,,,,,,,,,,,,,,,,,,,
2026,2,otc,2026-08-20,6612,奈米醫材,1764103,1438328,3202431,855763,351011,1206774,522661,,912353,,24727,-26151,,,,100389,1995657,,0,,40.19,,461678.0,1895268,354000.0,,,,,,,,,,,,,,,,,,,,,,,,,,,,,,,,,,,,,,,,,,,,,,,,,,,,,,,,,,,,,,
2026,2,otc,2026-08-20,6613,朋億*,12630006,2578190,15208196,6246804,709154,6955958,389007,,1893758,,1322365,,,,,1827211,8252238,0,0,,82.58,,2819897.0,6425027,0.0,,,,,,,,,,,,,,,,,,,,,,,,,,,,,,,,,,,,,,,,,,,,,,,,,,,,,,,,,,,,,,
2026,2,otc,2026-08-20,6615,慧智,244912,490704,735616,69191,18547,87738,215934,,341589,,-151,,,,,-251,647878,0,0,,30.02,,90757.0,648129,0.0,,,,,,,,,,,,,,,,,,,,,,,,,,,,,,,,,,,,,,,,,,,,,,,,,,,,,,,,,,,,,,
2026,2,otc,2026-08-20,6620,漢達,4170827,1410029,5580856,464741,93167,557908,1699819,,3094207,,-39071,-560782,,,,,5022948,,0,,30.9,,828775.0,5022948,7453000.0,,,,,,,,,,,,,,,,,,,,,,,,,,,,,,,,,,,,,,,,,,,,,,,,,,,,,,,,,,,,,,
2026,2,otc,2026-08-20,6624,萬年清,511842,256678,768520,162786,105742,268528,225795,,239801,,-1596,,,,,2531,499992,,0,,22.03,,33461.0,497461,0.0,,,,,,,,,,,,,,,,,,,,,,,,,,,,,,,,,,,,,,,,,,,,,,,,,,,,,,,,,,,,,,
2026,2,otc,2026-08-20,6637,醫影,950768,971473,1922241,414884,433509,848393,268100,,316316,,705,,,,,,1073848,,0,,40.05,,488727.0,1073848,0.0,,,,,,,,,,,,,,,,,,,,,,,,,,,,,,,,,,,,,,,,,,,,,,,,,,,,,,,,,,,,,,
2026,2,otc,2026-08-20,6640,均華,3514701,5632123,9146824,3488286,515356,4003642,289115,,434860,,4070539,-157430,,,,0,5143182,0,0,,179.18,,506098.0,5143182,207000.0,,,,,,,,,,,,,,,,,,,,,,,,,,,,,,,,,,,,,,,,,,,,,,,,,,,,,,,,,,,,,,
2026,2,otc,2026-08-20,6642,富致,630288,1167413,1797701,296732,414281,711013,373996,,356834,,-15449,,,,,,1086688,0,0,,29.06,,371307.0,1086688,0.0,,,,,,,,,,,,,,,,,,,,,,,,,,,,,,,,,,,,,,,,,,,,,,,,,,,,,,,,,,,,,,
2026,2,otc,2026-08-20,6643,M31,1222400,884700,2107100,213163,16773,229936,420902,,883051,,-62848,-3408,,,,,1877164,,0,,44.61,,639467.0,1877164,7000.0,,,,,,,,,,,,,,,,,,,,,,,,,,,,,,,,,,,,,,,,,,,,,,,,,,,,,,,,,,,,,,
2026,2,otc,2026-08-20,6649,台生材,400782,330333,731115,38100,49168,87268,420000,,192668,,,,,,,,643847,0,0,,15.33,,31179.0,,0.0,,,,,,,,,,,,,,,,,,,,,,,,,,,,,,,,,,,,,,,,,,,,,,,,,,,,,,,,,,,,,,
2026,2,otc,2026-08-20,6651,全宇昕,1475878,281333,1757211,437632,7958,445590,346016,,295400,,0,,,,,,1311621,0,0,,37.91,,670205.0,,0.0,,,,,,,,,,,,,,,,,,,,,,,,,,,,,,,,,,,,,,,,,,,,,,,,,,,,,,,,,,,,,,
2026,2,otc,2026-08-20,6654,天正國際,1185477,1261675,2447152,722376,374787,1097163,409627,,641207,,179097,,,,,19097,1349989,,0,,32.49,,100961.0,1330892,0.0,,,,,,,,,,,,,,,,,,,,,,,,,,,,,,,,,,,,,,,,,,,,,,,,,,,,,,,,,,,,,,
2026,2,otc,2026-08-20,6661,威健生技,306901,351690,658591,160507,220454,380961,233043,,50932,,-24136,,,,,4492,277630,,0,,11.72,,13299.0,273138,0.0,,,,,,,,,,,,,,,,,,,,,,,,,,,,,,,,,,,,,,,,,,,,,,,,,,,,,,,,,,,,,,
2026,2,otc,2026-08-20,6662,樂斯科,220957,376729,597686,95224,75016,170240,256124,,84121,,-30436,,,,,,427446,,0,,16.69,,117637.0,,0.0,,,,,,,,,,,,,,,,,,,,,,,,,,,,,,,,,,,,,,,,,,,,,,,,,,,,,,,,,,,,,,
2026,2,otc,2026-08-20,6664,群翊,8028048,1601811,9629859,4256782,1187090,5443872,611513,,998065,,4310,,,0,,0,4185987,,344737,,68.45,,2572099.0,4185987,0.0,,,,,,,,,,,,,,,,,,,,,,,,,,,,,,,,,,,,,,,,,,,,,,,,,,,,,,,,,,,,,,
2026,2,otc,2026-08-20,6667,信紘科,5958417,1339572,7297989,4246828,536273,4783101,492789,,1255037,,-11929,,,,,29005,2514888,,0,,50.45,,749986.0,2485883,0.0,,,,,,,,,,,,,,,,,,,,,,,,,,,,,,,,,,,,,,,,,,,,,,,,,,,,,,,,,,,,,,
2026,2,otc,2026-08-20,6679,鈺太,4001268,2301340,6302608,370033,33907,403940,549753,,3719208,,961167,-364417,,,,,5898668,,0,,110.7,,1032957.0,5898668,1688000.0,,,,,,,,,,,,,,,,,,,,,,,,,,,,,,,,,,,,,,,,,,,,,,,,,,,,,,,,,,,,,,
2026,2,otc,2026-08-20,6680,鑫創電子,587922,936810,1524732,293793,682697,976490,239542,,170310,,-66,,,,,,548242,,0,,22.89,,138456.0,548242,0.0,,,,,,,,,,,,,,,,,,,,,,,,,,,,,,,,,,,,,,,,,,,,,,,,,,,,,,,,,,,,,,
2026,2,otc,2026-08-20,6683,雍智科技,2812844,961095,3773939,914742,31694,946436,275572,,430367,,-46492,,,,,,2827503,,0,,102.6,,2168056.0,2827503,0.0,,,,,,,,,,,,,,,,,,,,,,,,,,,,,,,,,,,,,,,,,,,,,,,,,,,,,,,,,,,,,,
2026,2,otc,2026-08-20,6684,安格,543788,1114373,1658161,88378,19397,107775,445595,,1347437,,-126055,,,,,8171,1550386,,0,,34.61,,-124762.0,1542215,0.0,,,,,,,,,,,,,,,,,,,,,,,,,,,,,,,,,,,,,,,,,,,,,,,,,,,,,,,,,,,,,,
2026,2,otc,2026-08-20,6690,安碁資訊,2561364,2244531,4805895,1199328,583694,1783022,299997,,2289805,,-34959,,,,,,3022873,0,0,,100.76,,468030.0,3022873,0.0,,,,,,,,,,,,,,,,,,,,,,,,,,,,,,,,,,,,,,,,,,,,,,,,,,,,,,,,,,,,,,
2026,2,otc,2026-08-20,6692,進能服,1516645,461024,1977669,969964,37946,1007910,588439,,298000,,-17459,-28598,,0,,6038,969759,0,0,,16.63,,123339.0,963721,897000.0,,,,,,,,,,,,,,,,,,,,,,,,,,,,,,,,,,,,,,,,,,,,,,,,,,,,,,,,,,,,,,
2026,2,otc,2026-08-20,6693,廣閎科,1364881,673485,2038366,541632,250177,791809,457200,,582219,,31085,-38895,,,,0,1246557,0,0,,27.67,,214948.0,1246557,674000.0,,,,,,,,,,,,,,,,,,,,,,,,,,,,,,,,,,,,,,,,,,,,,,,,,,,,,,,,,,,,,,
2026,2,otc,2026-08-20,6697,東捷資訊,780048,153915,933963,318489,12599,331088,273234,,158042,,634,,,,,,602875,0,0,,22.06,,170965.0,602875,0.0,,,,,,,,,,,,,,,,,,,,,,,,,,,,,,,,,,,,,,,,,,,,,,,,,,,,,,,,,,,,,,
2026,2,otc,2026-08-20,6703,軒郁,1647955,745033,2392988,733036,329691,1062727,362572,,586747,,-22646,-36008,,,,44838,1330261,,0,,39.27,,394758.0,1285423,250000.0,,,,,,,,,,,,,,,,,,,,,,,,,,,,,,,,,,,,,,,,,,,,,,,,,,,,,,,,,,,,,,
2026,2,otc,2026-08-20,6708,天擎,387817,47481,435298,43691,6974,50665,290088,,114776,,-2532,-20416,,,,,384633,,0,,13.45,,2717.0,384633,420000.0,,,,,,,,,,,,,,,,,,,,,,,,,,,,,,,,,,,,,,,,,,,,,,,,,,,,,,,,,,,,,,
2026,2,otc,2026-08-20,6712,長聖,1270043,2267307,3537350,672968,50832,723800,1017639,,1644371,,-52404,-139648,,,,,2813550,,0,,27.93,,343592.0,2813550,1033000.0,,,,,,,,,,,,,,,,,,,,,,,,,,,,,,,,,,,,,,,,,,,,,,,,,,,,,,,,,,,,,,
2026,2,otc,2026-08-20,6716,應廣,1201445,117382,1318827,441158,28702,469860,302418,,193425,,-47151,0,,,,,848967,0,0,,28.07,,400275.0,848967,0.0,,,,,,,,,,,,,,,,,,,,,,,,,,,,,,,,,,,,,,,,,,,,,,,,,,,,,,,,,,,,,,
2026,2,otc,2026-08-20,6720,久昌,682980,323342,1006322,108684,34466,143150,302257,,538271,,10429,-76497,,,,,863172,,0,,29.09,,88712.0,863172,550000.0,,,,,,,,,,,,,,,,,,,,,,,,,,,,,,,,,,,,,,,,,,,,,,,,,,,,,,,,,,,,,,
2026,2,otc,2026-08-20,6721,信實,1011352,185322,1196674,503487,37829,541316,225000,,178985,,,,,,,4861,655358,,0,,28.91,,246512.0,650497,0.0,,,,,,,,,,,,,,,,,,,,,,,,,,,,,,,,,,,,,,,,,,,,,,,,,,,,,,,,,,,,,,
2026,2,otc,2026-08-20,6725,矽科宏晟,4038749,572890,4611639,1939552,299680,2239232,371300,,903538,,9721,0,,,,,2372407,,0,,63.89,,1087848.0,2372407,0.0,,,,,,,,,,,,,,,,,,,,,,,,,,,,,,,,,,,,,,,,,,,,,,,,,,,,,,,,,,,,,,
2026,2,otc,2026-08-20,6727,亞泰金屬,5273116,883861,6156977,4636216,65958,4702174,268842,,394247,,11024,,,,,,1454803,,0,,54.11,,780690.0,1454803,0.0,,,,,,,,,,,,,,,,,,,,,,,,,,,,,,,,,,,,,,,,,,,,,,,,,,,,,,,,,,,,,,
2026,2,otc,2026-08-20,6728,上洋,2442548,2125997,4568545,1665135,933237,2598372,301200,,898442,,-16,,,,,662,1970173,,0,,65.39,,769885.0,1969511,0.0,,,,,,,,,,,,,,,,,,,,,,,,,,,,,,,,,,,,,,,,,,,,,,,,,,,,,,,,,,,,,,
2026,2,otc,2026-08-20,6730,常廣,342454,824779,1167233,184871,242617,427488,362982,,143343,,-376,,,,,,739745,,0,,20.38,,233796.0,739745,0.0,,,,,,,,,,,,,,,,,,,,,,,,,,,,,,,,,,,,,,,,,,,,,,,,,,,,,,,,,,,,,,
2026,2,otc,2026-08-20,6732,昇佳電子,3003034,2734164,5737198,1008482,95005,1103487,489126,,2202370,,507077,,,,,,4633711,,0,,94.73,,1435138.0,,0.0,,,,,,,,,,,,,,,,,,,,,,,,,,,,,,,,,,,,,,,,,,,,,,,,,,,,,,,,,,,,,,
2026,2,otc,2026-08-20,6733,博晟生醫,970552,154824,1125376,30211,15492,45703,1343160,,263465,,-16649,,,,,12330,1079673,0,0,,7.95,,-522633.0,1067343,0.0,,,,,,,,,,,,,,,,,,,,,,,,,,,,,,,,,,,,,,,,,,,,,,,,,,,,,,,,,,,,,,
2026,2,otc,2026-08-20,6735,美達科技,750687,444595,1195282,235862,12468,248330,461823,,341234,,-1336,,,,,,946952,0,0,,20.5,,145231.0,946952,0.0,,,,,,,,,,,,,,,,,,,,,,,,,,,,,,,,,,,,,,,,,,,,,,,,,,,,,,,,,,,,,,
2026,2,otc,2026-08-20,6739,竹陞科技,1166275,513813,1680088,644282,4209,648491,233925,,370363,,-60,-3113,,,,,1031597,0,0,,44.21,,430482.0,1031597,57000.0,,,,,,,,,,,,,,,,,,,,,,,,,,,,,,,,,,,,,,,,,,,,,,,,,,,,,,,,,,,,,,
2026,2,otc,2026-08-20,6741,91APP*-KY,3159681,1952870,5112551,2064893,47443,2112336,602890,,1230594,,109519,-885383,,,,10717,3000215,,0,,26.95,,1931878.0,2989498,9671000.0,,,,,,,,,,,,,,,,,,,,,,,,,,,,,,,,,,,,,,,,,,,,,,,,,,,,,,,,,,,,,,
2026,2,otc,2026-08-20,6751,智聯服務,773369,673416,1446785,428687,34185,462872,222000,,598809,,-10579,,,,,54160,983913,,0,,41.88,,119523.0,929753,0.0,,,,,,,,,,,,,,,,,,,,,,,,,,,,,,,,,,,,,,,,,,,,,,,,,,,,,,,,,,,,,,
2026,2,otc,2026-08-20,6752,叡揚,1151295,1501819,2653114,1118769,178468,1297237,382584,,127197,,64404,,,,,16835,1355877,,0,,36.05,,764857.0,1339042,0.0,,,,,,,,,,,,,,,,,,,,,,,,,,,,,,,,,,,,,,,,,,,,,,,,,,,,,,,,,,,,,,
2026,2,otc,2026-08-20,6761,穩得,1655647,1474771,3130418,1226177,189487,1415664,349559,,901096,,-12851,-15598,,,,9588,1714754,0,0,,49.02,,482960.0,1705166,174000.0,,,,,,,,,,,,,,,,,,,,,,,,,,,,,,,,,,,,,,,,,,,,,,,,,,,,,,,,,,,,,,
2026,2,otc,2026-08-20,6762,達亞,536479,2212143,2748622,958522,486664,1445186,369303,,665467,,0,,,,,,1303436,0,0,,37.06,,268666.0,,0.0,,,,,,,,,,,,,,,,,,,,,,,,,,,,,,,,,,,,,,,,,,,,,,,,,,,,,,,,,,,,,,
2026,2,otc,2026-08-20,6763,綠界科技*,5929489,1469729,7399218,4296549,85344,4381893,184039,,2129823,,-103402,,,,,35372,3017325,,0,,16.2,,771493.0,2981953,0.0,,,,,,,,,,,,,,,,,,,,,,,,,,,,,,,,,,,,,,,,,,,,,,,,,,,,,,,,,,,,,,
2026,2,otc,2026-08-20,6767,台微醫,479475,216825,696300,46241,77904,124145,391836,,325191,,88,,,,,,572155,,0,,14.6,,-144960.0,572155,0.0,,,,,,,,,,,,,,,,,,,,,,,,,,,,,,,,,,,,,,,,,,,,,,,,,,,,,,,,,,,,,,
2026,2,otc,2026-08-20,6785,昱展新藥,2318189,131097,2449286,59790,12552,72342,668000,,1578777,,7740,,,,,,2376944,,0,,35.58,,122427.0,,0.0,,,,,,,,,,,,,,,,,,,,,,,,,,,,,,,,,,,,,,,,,,,,,,,,,,,,,,,,,,,,,,
2026,2,otc,2026-08-20,6788,華景電,3077453,829402,3906855,974777,284454,1259231,387397,,1209373,,57393,,,,,9109,2647624,0,0,,68.11,,984352.0,2638515,0.0,,,,,,,,,,,,,,,,,,,,,,,,,,,,,,,,,,,,,,,,,,,,,,,,,,,,,,,,,,,,,,
2026,2,otc,2026-08-20,6791,虎門科技,644676,214820,859496,324980,30036,355016,208470,,116177,,-161,,,,,34205,504480,,0,,22.56,,145789.0,470275,0.0,,,,,,,,,,,,,,,,,,,,,,,,,,,,,,,,,,,,,,,,,,,,,,,,,,,,,,,,,,,,,,
2026,2,otc,2026-08-20,6803,崑鼎,5093077,13008763,18101840,4770114,5741350,10511464,727944,,3242544,,115926,-57,,,,744107,7590376,0,0,,94.05,,2759912.0,6846269,1605.0,,,,,,,,,,,,,,,,,,,,,,,,,,,,,,,,,,,,,,,,,,,,,,,,,,,,,,,,,,,,,,
2026,2,otc,2026-08-20,6804,明係,623582,1157921,1781503,385352,123801,509153,475000,,592096,,-22785,,,,,,1272350,,0,,26.79,,228039.0,1272350,0.0,,,,,,,,,,,,,,,,,,,,,,,,,,,,,,,,,,,,,,,,,,,,,,,,,,,,,,,,,,,,,,
2026,2,otc,2026-08-20,6811,宏碁資訊,5174571,2050677,7225248,4772116,129497,4901613,414490,,630999,,-34201,,,0,,,2323635,,0,,56.06,,1312347.0,2323635,0.0,,,,,,,,,,,,,,,,,,,,,,,,,,,,,,,,,,,,,,,,,,,,,,,,,,,,,,,,,,,,,,
2026,2,otc,2026-08-20,6821,聯寶,891449,319279,1210728,223423,180004,403427,356632,,262957,,-21900,-33069,,0,,0,807301,,3804686,,23.19,,242681.0,807301,855000.0,,,,,,,,,,,,,,,,,,,,,,,,,,,,,,,,,,,,,,,,,,,,,,,,,,,,,,,,,,,,,,
2026,2,otc,2026-08-20,6823,濾能,468788,749427,1218215,449015,270755,719770,305339,,337264,,-1484,-1714,,,,2928,498445,0,0,,16.24,,-143888.0,495517,28000.0,,,,,,,,,,,,,,,,,,,,,,,,,,,,,,,,,,,,,,,,,,,,,,,,,,,,,,,,,,,,,,
2026,2,otc,2026-08-20,6829,千附精密,1268060,2322494,3590554,952673,727310,1679983,591690,,972310,,,,,,,,1910571,,0,,32.29,,346571.0,,0.0,,,,,,,,,,,,,,,,,,,,,,,,,,,,,,,,,,,,,,,,,,,,,,,,,,,,,,,,,,,,,,
2026,2,otc,2026-08-20,6840,東研信超,611795,1232808,1844603,514449,249957,764406,307673,,490868,,5448,,,,,,1080197,,0,,35.11,,276208.0,1080197,0.0,,,,,,,,,,,,,,,,,,,,,,,,,,,,,,,,,,,,,,,,,,,,,,,,,,,,,,,,,,,,,,
2026,2,otc,2026-08-20,6841,長佳智能,1759573,1118426,2877999,568855,1699,570554,952230,,705631,,,-74766,,,,724739,2307445,,0,,16.76,,-389.0,1582706,765000.0,,,,,,,,,,,,,,,,,,,,,,,,,,,,,,,,,,,,,,,,,,,,,,,,,,,,,,,,,,,,,,
2026,2,otc,2026-08-20,6843,進典,1014572,485501,1500073,246637,421454,668091,333040,,287525,,22219,,,,,957,831982,,0,,24.95,,188241.0,831025,0.0,,,,,,,,,,,,,,,,,,,,,,,,,,,,,,,,,,,,,,,,,,,,,,,,,,,,,,,,,,,,,,
2026,2,otc,2026-08-20,6844,諾貝兒,2642266,2417240,5059506,873704,1072812,1946516,374284,,1326137,,-6463,,,,,,3112990,,0,,83.17,,1419032.0,3112990,0.0,,,,,,,,,,,,,,,,,,,,,,,,,,,,,,,,,,,,,,,,,,,,,,,,,,,,,,,,,,,,,,
2026,2,otc,2026-08-20,6846,綠茵,1529585,941830,2471415,319876,1233580,1553456,270660,,259149,,-486,,,,,,917959,,0,,33.92,,388636.0,917959,0.0,,,,,,,,,,,,,,,,,,,,,,,,,,,,,,,,,,,,,,,,,,,,,,,,,,,,,,,,,,,,,,
2026,2,otc,2026-08-20,6855,數泓科,1389128,84051,1473179,586152,3768,589920,232497,,69316,,1643,,,,,,883259,,0,,37.99,,579803.0,,0.0,,,,,,,,,,,,,,,,,,,,,,,,,,,,,,,,,,,,,,,,,,,,,,,,,,,,,,,,,,,,,,
2026,2,otc,2026-08-20,6856,鑫傳,651611,404826,1056437,275881,20723,296604,282000,,232103,,-2823,,,,,42077,759833,0,0,,25.45,,206476.0,717756,0.0,,,,,,,,,,,,,,,,,,,,,,,,,,,,,,,,,,,,,,,,,,,,,,,,,,,,,,,,,,,,,,
2026,2,otc,2026-08-20,6859,伯特光,1459535,1049179,2508714,290318,113416,403734,415886,,635807,,1177,,,,,,2104980,,0,,50.61,,1052110.0,2104980,0.0,,,,,,,,,,,,,,,,,,,,,,,,,,,,,,,,,,,,,,,,,,,,,,,,,,,,,,,,,,,,,,
2026,2,otc,2026-08-20,6865,偉康科技,359702,100597,460299,89980,30252,120232,158406,,154585,,-29,-15140,,,,,340067,0,0,,21.94,,42245.0,,340000.0,,,,,,,,,,,,,,,,,,,,,,,,,,,,,,,,,,,,,,,,,,,,,,,,,,,,,,,,,,,,,,
2026,2,otc,2026-08-20,6870,騰雲,1491253,1473164,2964417,977543,703972,1681515,283175,,769527,,-2708,,,,,54868,1282902,,266988,,51.94,,178040.0,1228034,0.0,,,,,,,,,,,,,,,,,,,,,,,,,,,,,,,,,,,,,,,,,,,,,,,,,,,,,,,,,,,,,,
2026,2,otc,2026-08-20,6872,浩宇生醫,391997,179515,571512,67037,8448,75485,707505,,538792,,272,,,,,10035,496027,0,0,,6.87,,-760577.0,485992,0.0,,,,,,,,,,,,,,,,,,,,,,,,,,,,,,,,,,,,,,,,,,,,,,,,,,,,,,,,,,,,,,
2026,2,otc,2026-08-20,6874,倍力,1121870,454575,1576445,1003450,102577,1106027,241562,,133162,,,-34887,,,,,470418,0,0,,21.82,,130581.0,,438000.0,,,,,,,,,,,,,,,,,,,,,,,,,,,,,,,,,,,,,,,,,,,,,,,,,,,,,,,,,,,,,,
2026,2,otc,2026-08-20,6875,國邑*,1016074,766736,1782810,81627,334970,416597,645914,,901914,,8,,,,,,1366213,0,0,,10.58,,-181623.0,1366213,0.0,,,,,,,,,,,,,,,,,,,,,,,,,,,,,,,,,,,,,,,,,,,,,,,,,,,,,,,,,,,,,,
2026,2,otc,2026-08-20,6877,鏵友益,762977,394719,1157696,166058,156255,322313,469671,,390957,,-21853,0,,,,,835383,0,0,,17.79,,-3392.0,835383,0.0,,,,,,,,,,,,,,,,,,,,,,,,,,,,,,,,,,,,,,,,,,,,,,,,,,,,,,,,,,,,,,
2026,2,otc,2026-08-20,6881,潤德,1997449,465969,2463418,1630566,64082,1694648,150000,,388035,,-409,,,,,,768770,0,0,,51.25,,231144.0,,0.0,,,,,,,,,,,,,,,,,,,,,,,,,,,,,,,,,,,,,,,,,,,,,,,,,,,,,,,,,,,,,,
2026,2,otc,2026-08-20,6884,海柏特,677911,123148,801059,319691,161926,481617,183900,,65277,,5245,,,,,3052,319442,0,0,,17.2,,61968.0,316390,0.0,,,,,,,,,,,,,,,,,,,,,,,,,,,,,,,,,,,,,,,,,,,,,,,,,,,,,,,,,,,,,,
2026,2,otc,2026-08-20,6894,衛司特,2101839,1264222,3366061,714692,649692,1364384,238000,,701921,,30074,,,,,350732,2001677,0,0,,69.37,,680950.0,1650945,0.0,,,,,,,,,,,,,,,,,,,,,,,,,,,,,,,,,,,,,,,,,,,,,,,,,,,,,,,,,,,,,,
2026,2,otc,2026-08-20,6895,宏碩系統,521284,540226,1061510,149288,16888,166176,341000,,534929,,,,,,,,895334,0,0,,26.26,,19405.0,,0.0,,,,,,,,,,,,,,,,,,,,,,,,,,,,,,,,,,,,,,,,,,,,,,,,,,,,,,,,,,,,,,
2026,2,otc,2026-08-20,6899,創為精密,1259880,1142329,2402209,353288,191629,544917,423985,,363678,,-1543,-26105,,,,151,1857292,0,0,,44.32,,1097126.0,1857141,500000.0,,,,,,,,,,,,,,,,,,,,,,,,,,,,,,,,,,,,,,,,,,,,,,,,,,,,,,,,,,,,,,
2026,2,otc,2026-08-20,6903,巨漢,6095141,437047,6532188,2888826,2117,2890943,666760,,1197290,,,-109758,,,,,3641245,,0,,55.3,,1886953.0,,828000.0,,,,,,,,,,,,,,,,,,,,,,,,,,,,,,,,,,,,,,,,,,,,,,,,,,,,,,,,,,,,,,
2026,2,otc,2026-08-20,6904,伯鑫,832406,943589,1775995,513511,254583,768094,185000,,239467,,-7057,,,,,,1007901,0,0,,54.48,,590491.0,1007901,0.0,,,,,,,,,,,,,,,,,,,,,,,,,,,,,,,,,,,,,,,,,,,,,,,,,,,,,,,,,,,,,,
2026,2,otc,2026-08-20,6907,雅特力-KY,2452884,76310,2529194,807924,104542,912466,625252,,407640,,71052,,,,,,1616728,,0,,25.86,,512784.0,1616728,0.0,,,,,,,,,,,,,,,,,,,,,,,,,,,,,,,,,,,,,,,,,,,,,,,,,,,,,,,,,,,,,,
2026,2,otc,2026-08-20,6910,德鴻,550329,37100,587429,126689,9673,136362,305210,,87239,,4412,,,,,,451067,,0,,14.78,,54206.0,451067,0.0,,,,,,,,,,,,,,,,,,,,,,,,,,,,,,,,,,,,,,,,,,,,,,,,,,,,,,,,,,,,,,
2026,2,otc,2026-08-20,6913,鴻呈,2728753,1026542,3755295,1192564,732718,1925282,438488,,663519,,-28542,-28969,,,,88848,1830013,,0,,39.95,,696669.0,1741165,268000.0,,,,,,,,,,,,,,,,,,,,,,,,,,,,,,,,,,,,,,,,,,,,,,,,,,,,,,,,,,,,,,
2026,2,otc,2026-08-20,6922,宸曜,1456092,963143,2419235,773562,563262,1336824,271554,,362922,,14366,,,,,,1082411,0,0,,39.86,,433569.0,1082411,0.0,,,,,,,,,,,,,,,,,,,,,,,,,,,,,,,,,,,,,,,,,,,,,,,,,,,,,,,,,,,,,,
2026,2,otc,2026-08-20,6925,意藍,410058,96728,506786,66225,51460,117685,200003,,106476,,,,,,,,389101,,0,,19.45,,82622.0,,0.0,,,,,,,,,,,,,,,,,,,,,,,,,,,,,,,,,,,,,,,,,,,,,,,,,,,,,,,,,,,,,,
2026,2,otc,2026-08-20,6929,佑全,1346964,1460495,2807459,897381,901772,1799153,450900,,669918,,-16209,,,,,,1008306,,0,,22.36,,-96303.0,,0.0,,,,,,,,,,,,,,,,,,,,,,,,,,,,,,,,,,,,,,,,,,,,,,,,,,,,,,,,,,,,,,
2026,2,otc,2026-08-20,6945,圓祥生技,2246016,166226,2412242,38950,47695,86645,983589,,1555973,,3328,,,,,,2325597,0,208750,,23.93,,-217293.0,2325597,0.0,,,,,,,,,,,,,,,,,,,,,,,,,,,,,,,,,,,,,,,,,,,,,,,,,,,,,,,,,,,,,,
2026,2,otc,2026-08-20,6953,家碩,2457523,726474,3183997,1191115,348252,1539367,300146,,785742,,30136,,,,,,1644630,,0,,54.79,,528606.0,1644630,0.0,,,,,,,,,,,,,,,,,,,,,,,,,,,,,,,,,,,,,,,,,,,,,,,,,,,,,,,,,,,,,,
2026,2,otc,2026-08-20,6961,旅天下,1355793,191258,1547051,560129,48284,608413,268340,,543246,,17694,,,,,21406,938638,0,0,,34.18,,87952.0,917232,0.0,,,,,,,,,,,,,,,,,,,,,,,,,,,,,,,,,,,,,,,,,,,,,,,,,,,,,,,,,,,,,,
2026,2,otc,2026-08-20,6967,汎瑋材料,1124779,186790,1311569,485822,9277,495099,249045,,299602,,10923,-25637,,,,,816470,,0,,33.46,,282537.0,816470,500000.0,,,,,,,,,,,,,,,,,,,,,,,,,,,,,,,,,,,,,,,,,,,,,,,,,,,,,,,,,,,,,,
2026,2,otc,2026-08-20,6968,萬達寵物,1377596,2155552,3533148,807407,1407062,2214469,504363,,588293,,,,,,,548,1318679,0,0,,26.66,,225475.0,1318131,0.0,,,,,,,,,,,,,,,,,,,,,,,,,,,,,,,,,,,,,,,,,,,,,,,,,,,,,,,,,,,,,,
2026,2,otc,2026-08-20,6971,惠民實業,2082167,1112276,3194443,1741758,555961,2297719,386680,,269514,,3227,,,,,22613,896724,0,0,,22.61,,214690.0,874111,0.0,,,,,,,,,,,,,,,,,,,,,,,,,,,,,,,,,,,,,,,,,,,,,,,,,,,,,,,,,,,,,,
2026,2,otc,2026-08-20,6982,大井泵浦,1133311,1828897,2962208,760757,1328296,2089053,407523,,415360,,-3101,,,,,,873155,0,3236,,21.43,,53373.0,873155,0.0,,,,,,,,,,,,,,,,,,,,,,,,,,,,,,,,,,,,,,,,,,,,,,,,,,,,,,,,,,,,,,
2026,2,otc,2026-08-20,6983,華洋精機,709605,328511,1038116,100143,37166,137309,180200,,604384,,,,,,,,900807,0,0,,49.99,,116223.0,,0.0,,,,,,,,,,,,,,,,,,,,,,,,,,,,,,,,,,,,,,,,,,,,,,,,,,,,,,,,,,,,,,
2026,2,otc,2026-08-20,6986,和迅,956761,222126,1178887,78839,31111,109950,521340,,349752,,,,,,,,1068937,0,0,,20.5,,197845.0,,0.0,,,,,,,,,,,,,,,,,,,,,,,,,,,,,,,,,,,,,,,,,,,,,,,,,,,,,,,,,,,,,,
2026,2,otc,2026-08-20,6996,力領科技,2557529,908197,3465726,745197,18279,763476,419933,,1490237,,33814,,,,,,2702250,,0,,64.34,,758266.0,,0.0,,,,,,,,,,,,,,,,,,,,,,,,,,,,,,,,,,,,,,,,,,,,,,,,,,,,,,,,,,,,,,
2026,2,otc,2026-08-20,6997,博弘,1987802,328126,2315928,1677967,132377,1810344,221005,,255519,,3794,,,,,,505584,,0,,22.88,,25266.0,505584,0.0,,,,,,,,,,,,,,,,,,,,,,,,,,,,,,,,,,,,,,,,,,,,,,,,,,,,,,,,,,,,,,
2026,2,otc,2026-08-20,7402,邑錡,764429,414191,1178620,179165,373613,552778,352806,,254389,,-30899,0,,0,0,,625842,0,0,,17.74,,49546.0,,0.0,,,,,,,,,,,,,,,,,,,,,,,,,,,,,,,,,,,,,,,,,,,,,,,,,,,,,,,,,,,,,,
2026,2,otc,2026-08-20,7547,碩網,1086882,69773,1156655,178335,3019,181354,339560,,537860,,4071,,,,,,975301,,328000,,28.72,,93810.0,975301,0.0,,,,,,,,,,,,,,,,,,,,,,,,,,,,,,,,,,,,,,,,,,,,,,,,,,,,,,,,,,,,,,
2026,2,otc,2026-08-20,7556,意德士科技,1059359,1423858,2483217,375222,357116,732338,290809,,542498,,390466,,,,,3123,1750879,,8291,,63.06,,523983.0,1747756,0.0,,,,,,,,,,,,,,,,,,,,,,,,,,,,,,,,,,,,,,,,,,,,,,,,,,,,,,,,,,,,,,
2026,2,otc,2026-08-20,7584,樂意,198108,564003,762111,309874,15145,325019,170555,,179362,,13108,-13143,,,,0,437092,,0,,27.21,,87210.0,437092,400000.0,,,,,,,,,,,,,,,,,,,,,,,,,,,,,,,,,,,,,,,,,,,,,,,,,,,,,,,,,,,,,,
2026,2,otc,2026-08-20,7642,昶瑞機電,496911,1031113,1528024,337956,238932,576888,301500,,344757,,,,,,,,951136,0,0,,31.55,,304879.0,951136,0.0,,,,,,,,,,,,,,,,,,,,,,,,,,,,,,,,,,,,,,,,,,,,,,,,,,,,,,,,,,,,,,
2026,2,otc,2026-08-20,7703,銳澤,2784817,676585,3461402,1392837,45147,1437984,347450,,1158270,,3133,,,,,1854,2023418,0,0,,58.18,,512711.0,2021564,0.0,,,,,,,,,,,,,,,,,,,,,,,,,,,,,,,,,,,,,,,,,,,,,,,,,,,,,,,,,,,,,,
2026,2,otc,2026-08-20,7704,明遠精密,1002505,346631,1349136,161277,14008,175285,337698,,667866,,6452,0,,0,,5458,1173851,,0,,34.6,,156377.0,1168393,0.0,,,,,,,,,,,,,,,,,,,,,,,,,,,,,,,,,,,,,,,,,,,,,,,,,,,,,,,,,,,,,,
2026,2,otc,2026-08-20,7708,全家餐飲,1233573,796137,2029710,719060,307028,1026088,255000,,412735,,1918,,,,,,1003622,0,0,,39.36,,333969.0,1003622,0.0,,,,,,,,,,,,,,,,,,,,,,,,,,,,,,,,,,,,,,,,,,,,,,,,,,,,,,,,,,,,,,
2026,2,otc,2026-08-20,7709,榮田,1921874,864310,2786184,921018,167743,1088761,391027,,197061,,0,,,,,,1697423,,0,,43.41,,1109335.0,,0.0,,,,,,,,,,,,,,,,,,,,,,,,,,,,,,,,,,,,,,,,,,,,,,,,,,,,,,,,,,,,,,
2026,2,otc,2026-08-20,7712,博盛半導體,1502126,1261259,2763385,617933,260207,878140,325619,,730158,,1028,,,,,,1885245,0,0,,57.9,,828440.0,1885245,0.0,,,,,,,,,,,,,,,,,,,,,,,,,,,,,,,,,,,,,,,,,,,,,,,,,,,,,,,,,,,,,,
2026,2,otc,2026-08-20,7713,威力德生醫,696763,1823617,2520380,448640,871262,1319902,454789,,384373,,9571,,,,,,1200478,,0,,26.4,,351745.0,1200478,0.0,,,,,,,,,,,,,,,,,,,,,,,,,,,,,,,,,,,,,,,,,,,,,,,,,,,,,,,,,,,,,,
2026,2,otc,2026-08-20,7714,創泓科技,1078649,76281,1154930,557820,11674,569494,210000,,209634,,768,,,,,6481,585436,,0,,27.57,,158553.0,578955,0.0,,,,,,,,,,,,,,,,,,,,,,,,,,,,,,,,,,,,,,,,,,,,,,,,,,,,,,,,,,,,,,
2026,2,otc,2026-08-20,7715,裕山,1242673,324912,1567585,386977,280186,667163,327565,,322258,,2306,0,,,,,900422,0,0,,27.49,,248293.0,900422,0.0,,,,,,,,,,,,,,,,,,,,,,,,,,,,,,,,,,,,,,,,,,,,,,,,,,,,,,,,,,,,,,
2026,2,otc,2026-08-20,7716,昱臺國際,559017,206582,765599,226981,58953,285934,225000,,64974,,-2,,,,,2793,479665,,0,,21.19,,186900.0,476872,0.0,,,,,,,,,,,,,,,,,,,,,,,,,,,,,,,,,,,,,,,,,,,,,,,,,,,,,,,,,,,,,,
2026,2,otc,2026-08-20,7718,友鋮,1463167,771420,2234587,614235,66026,680261,463565,,419157,,2905,-38803,,,,,1554326,0,0,,34.12,,707502.0,1554326,800000.0,,,,,,,,,,,,,,,,,,,,,,,,,,,,,,,,,,,,,,,,,,,,,,,,,,,,,,,,,,,,,,
2026,2,otc,2026-08-20,7723,築間,320378,3304416,3624794,1102734,1884643,2987377,496195,,348635,,-4414,-68651,,,,1636,637417,0,0,,13.35,,-135984.0,635781,2000000.0,,,,,,,,,,,,,,,,,,,,,,,,,,,,,,,,,,,,,,,,,,,,,,,,,,,,,,,,,,,,,,
2026,2,otc,2026-08-20,7728,光焱科技,888816,68860,957676,227680,8133,235813,139926,,501368,,551,,,,,,721863,,0,,52.1,,80018.0,721863,0.0,,,,,,,,,,,,,,,,,,,,,,,,,,,,,,,,,,,,,,,,,,,,,,,,,,,,,,,,,,,,,,
2026,2,otc,2026-08-20,7734,印能科技,7602756,1040168,8642924,1544631,376059,1920690,280000,,3850876,,7358,-281845,,,,28674,6722234,,0,,241.21,,2837171.0,6693560,250000.0,,,,,,,,,,,,,,,,,,,,,,,,,,,,,,,,,,,,,,,,,,,,,,,,,,,,,,,,,,,,,,
2026,2,otc,2026-08-20,7738,東聯互動,2405853,109543,2515396,625749,3952,629701,273558,,1208505,,8151,,,,,,1885695,0,0,,68.93,,395481.0,1885695,0.0,,,,,,,,,,,,,,,,,,,,,,,,,,,,,,,,,,,,,,,,,,,,,,,,,,,,,,,,,,,,,,
2026,2,otc,2026-08-20,7743,金利食安,630529,481007,1111536,194419,171346,365765,364833,,198249,,1098,,,,,98202,745771,,0,,17.75,,83389.0,647569,0.0,,,,,,,,,,,,,,,,,,,,,,,,,,,,,,,,,,,,,,,,,,,,,,,,,,,,,,,,,,,,,,
2026,2,otc,2026-08-20,7744,崴寶,2862778,1258531,4121309,1337406,75025,1412431,320767,,1298159,,-8107,,,,,,2708878,,0,,84.45,,1098059.0,2708878,0.0,,,,,,,,,,,,,,,,,,,,,,,,,,,,,,,,,,,,,,,,,,,,,,,,,,,,,,,,,,,,,,
2026,2,otc,2026-08-20,7747,昕奇雲端,1193967,262636,1456603,454843,6329,461172,301686,,539321,,570,,,0,,32269,995431,0,0,,35.12,,121585.0,963162,0.0,,,,,,,,,,,,,,,,,,,,,,,,,,,,,,,,,,,,,,,,,,,,,,,,,,,,,,,,,,,,,,
2026,2,otc,2026-08-20,7751,竑騰,4324795,291599,4616394,2181131,68484,2249615,268886,,758514,,5312,,,,,6510,2366779,,0,,87.78,,1327557.0,2360269,0.0,,,,,,,,,,,,,,,,,,,,,,,,,,,,,,,,,,,,,,,,,,,,,,,,,,,,,,,,,,,,,,
2026,2,otc,2026-08-20,7753,星亞,692164,248273,940437,329930,41045,370975,250000,,141352,,,,,,,,569462,,0,,22.78,,178110.0,,0.0,,,,,,,,,,,,,,,,,,,,,,,,,,,,,,,,,,,,,,,,,,,,,,,,,,,,,,,,,,,,,,
2026,2,otc,2026-08-20,7757,金色三麥,859308,1180380,2039688,647786,377524,1025310,241000,,539074,,0,,,,,17464,1014378,0,0,,41.37,,216840.0,996914,0.0,,,,,,,,,,,,,,,,,,,,,,,,,,,,,,,,,,,,,,,,,,,,,,,,,,,,,,,,,,,,,,
2026,2,otc,2026-08-20,7767,仁大資訊,2116040,970032,3086072,1912696,271893,2184589,301000,,169512,,-2212,,,,,,901483,,0,,29.95,,433183.0,901483,0.0,,,,,,,,,,,,,,,,,,,,,,,,,,,,,,,,,,,,,,,,,,,,,,,,,,,,,,,,,,,,,,
2026,2,otc,2026-08-20,7770,君曜,644297,85651,729948,124507,36993,161500,300621,,152752,,43,,,,,,568448,0,0,,18.91,,115032.0,568448,0.0,,,,,,,,,,,,,,,,,,,,,,,,,,,,,,,,,,,,,,,,,,,,,,,,,,,,,,,,,,,,,,
2026,2,otc,2026-08-20,7772,耀穎,746538,670216,1416754,186858,213683,400541,264986,,593228,,-354,,,,,,1016213,0,0,,38.35,,158353.0,,0.0,,,,,,,,,,,,,,,,,,,,,,,,,,,,,,,,,,,,,,,,,,,,,,,,,,,,,,,,,,,,,,
2026,2,otc,2026-08-20,7777,能率亞洲,480013,1829020,2309033,26088,0,26088,1866062,,179511,,-2657,,,,,,2282945,0,0,,12.51,,240029.0,,0.0,,,,,,,,,,,,,,,,,,,,,,,,,,,,,,,,,,,,,,,,,,,,,,,,,,,,,,,,,,,,,,
2026,2,otc,2026-08-20,7782,光速火箭,447345,399396,846741,181384,200943,382327,232130,,174332,,,-5530,,,,7256,464414,0,0,,19.8,,56226.0,457158,130000.0,,,,,,,,,,,,,,,,,,,,,,,,,,,,,,,,,,,,,,,,,,,,,,,,,,,,,,,,,,,,,,
2026,2,otc,2026-08-20,7792,安葆,5572691,604716,6177407,2664141,193864,2858005,466620,,1518144,,2749,,,,,,3319402,0,0,,71.14,,1331889.0,3319402,0.0,,,,,,,,,,,,,,,,,,,,,,,,,,,,,,,,,,,,,,,,,,,,,,,,,,,,,,,,,,,,,,
2026,2,otc,2026-08-20,7794,宏碁智新,819626,419950,1239576,461630,311237,772867,280000,,121959,,-11287,,,,,,466709,0,0,,16.67,,76037.0,466709,0.0,,,,,,,,,,,,,,,,,,,,,,,,,,,,,,,,,,,,,,,,,,,,,,,,,,,,,,,,,,,,,,
2026,2,otc,2026-08-20,7805,威聯通,6329299,4959894,11289193,3330787,238078,3568865,397501,,2372645,,344721,,,,,,7720328,0,0,,233.07,,4605461.0,7720328,0.0,,,,,,,,,,,,,,,,,,,,,,,,,,,,,,,,,,,,,,,,,,,,,,,,,,,,,,,,,,,,,,
2026,2,otc,2026-08-20,7810,捷創科技,1103957,173479,1277436,314960,13818,328778,202500,,545877,,-266,,,,,,948658,,0,,46.85,,200547.0,,0.0,,,,,,,,,,,,,,,,,,,,,,,,,,,,,,,,,,,,,,,,,,,,,,,,,,,,,,,,,,,,,,
2026,2,otc,2026-08-20,7811,民盛,1894008,1122821,3016829,939152,89302,1028454,333770,,1237524,,64620,,,,,0,1988375,,0,,59.57,,352461.0,1988375,0.0,,,,,,,,,,,,,,,,,,,,,,,,,,,,,,,,,,,,,,,,,,,,,,,,,,,,,,,,,,,,,,
2026,2,otc,2026-08-20,7814,海昌生技,244982,65556,310538,18828,10,18838,400000,,0,,,,,,,,291700,0,0,,7.29,,-108300.0,291700,0.0,,,,,,,,,,,,,,,,,,,,,,,,,,,,,,,,,,,,,,,,,,,,,,,,,,,,,,,,,,,,,,
2026,2,otc,2026-08-20,7819,精誠金融,641177,132426,773603,156779,21695,178474,252635,,215882,,,,,,,,595129,,0,,23.56,,126612.0,,0.0,,,,,,,,,,,,,,,,,,,,,,,,,,,,,,,,,,,,,,,,,,,,,,,,,,,,,,,,,,,,,,
2026,2,otc,2026-08-20,7820,立盈,1079338,800346,1879684,151024,486241,637265,377681,,718890,,,,,,,,1242419,0,0,,32.9,,145848.0,,0.0,,,,,,,,,,,,,,,,,,,,,,,,,,,,,,,,,,,,,,,,,,,,,,,,,,,,,,,,,,,,,,
2026,2,otc,2026-08-20,7828,創新服務,4336263,1440821,5777084,584619,24695,609314,404939,,4449568,,991,,,,,,5167770,0,0,,127.62,,312272.0,5167770,0.0,,,,,,,,,,,,,,,,,,,,,,,,,,,,,,,,,,,,,,,,,,,,,,,,,,,,,,,,,,,,,,
2026,2,otc,2026-08-20,7839,達人網,295112,16656,311768,73467,1889,75356,150960,,61734,,-237,,,,,,236412,0,0,,15.66,,23955.0,236412,0.0,,,,,,,,,,,,,,,,,,,,,,,,,,,,,,,,,,,,,,,,,,,,,,,,,,,,,,,,,,,,,,
2026,2,otc,2026-08-20,7842,天能綠電,1369864,130504,1500368,604449,49313,653762,182500,,591480,,,,,,,,846606,0,0,,46.39,,72626.0,846606,0.0,,,,,,,,,,,,,,,,,,,,,,,,,,,,,,,,,,,,,,,,,,,,,,,,,,,,,,,,,,,,,,
2026,2,otc,2026-08-20,8024,佑華,301022,129559,430581,25581,12679,38260,451601,,0,,-1710,,,,,,392321,,0,,8.69,,-57570.0,392321,0.0,,,,,,,,,,,,,,,,,,,,,,,,,,,,,,,,,,,,,,,,,,,,,,,,,,,,,,,,,,,,,,
2026,2,otc,2026-08-20,8027,鈦昇,2510164,1955601,4465765,858004,711830,1569834,1124568,,2023302,,-17160,-197697,,,,14056,2895931,,0,,26.95,,-51138.0,2881875,2823000.0,,,,,,,,,,,,,,,,,,,,,,,,,,,,,,,,,,,,,,,,,,,,,,,,,,,,,,,,,,,,,,
2026,2,otc,2026-08-20,8032,光菱,2848014,1082037,3930051,1594319,136661,1730980,518103,,51534,,291543,,,,,2572,2199071,,0,,42.4,,1335319.0,2196499,0.0,,,,,,,,,,,,,,,,,,,,,,,,,,,,,,,,,,,,,,,,,,,,,,,,,,,,,,,,,,,,,,
2026,2,otc,2026-08-20,8034,榮群,786584,54597,841181,157170,14245,171415,565863,,14920,,-9570,-5054,,,,,669766,0,0,,11.91,,103607.0,669766,354057.0,,,,,,,,,,,,,,,,,,,,,,,,,,,,,,,,,,,,,,,,,,,,,,,,,,,,,,,,,,,,,,
2026,2,otc,2026-08-20,8038,長園科,842888,586852,1429740,583016,218271,801287,622782,,142582,,-45,0,,,,145598,628453,0,0,,7.75,,-282464.0,482855,0.0,,,,,,,,,,,,,,,,,,,,,,,,,,,,,,,,,,,,,,,,,,,,,,,,,,,,,,,,,,,,,,
2026,2,otc,2026-08-20,8040,九暘,2327179,348849,2676028,174691,20789,195480,964139,,1538222,,0,,,,,,2480548,0,0,,25.73,,-21813.0,,0.0,,,,,,,,,,,,,,,,,,,,,,,,,,,,,,,,,,,,,,,,,,,,,,,,,,,,,,,,,,,,,,
2026,2,otc,2026-08-20,8042,金山電,5779168,4358830,10137998,3665197,1828583,5493780,1314800,,1238477,,190225,,,,,89456,4644218,0,2017405,,34.64,,1811260.0,4554762,0.0,,,,,,,,,,,,,,,,,,,,,,,,,,,,,,,,,,,,,,,,,,,,,,,,,,,,,,,,,,,,,,
2026,2,otc,2026-08-20,8043,蜜望實,5227186,448316,5675502,2728261,107661,2835922,799072,,316897,,-16383,,,,,,2839580,0,0,,35.54,,1739994.0,2839580,0.0,,,,,,,,,,,,,,,,,,,,,,,,,,,,,,,,,,,,,,,,,,,,,,,,,,,,,,,,,,,,,,
2026,2,otc,2026-08-20,8044,網家,15917909,16311972,32229881,16016813,7485988,23502801,2047681,,6390741,,-609216,-133140,,,,2210148,8727080,0,0,,32.12,,-1179134.0,6516932,1900000.0,,,,,,,,,,,,,,,,,,,,,,,,,,,,,,,,,,,,,,,,,,,,,,,,,,,,,,,,,,,,,,
2026,2,otc,2026-08-20,8047,星雲,720410,1747769,2468179,1084581,7467,1092048,416663,,8839,,-6132,,,,,990362,1376131,0,0,,9.26,,-33601.0,385769,0.0,,,,,,,,,,,,,,,,,,,,,,,,,,,,,,,,,,,,,,,,,,,,,,,,,,,,,,,,,,,,,,
2026,2,otc,2026-08-20,8048,德勝,1377047,289468,1666515,482387,7054,489441,594369,,45572,,-4679,0,,,,,1177074,,0,,20.4,,541812.0,1177074,0.0,,,,,,,,,,,,,,,,,,,,,,,,,,,,,,,,,,,,,,,,,,,,,,,,,,,,,,,,,,,,,,
2026,2,otc,2026-08-20,8049,晶采,1480789,1642034,3122823,466430,72212,538642,1182798,,31471,,640039,0,,,,0,2584181,0,0,,21.85,,729873.0,2584181,0.0,,,,,,,,,,,,,,,,,,,,,,,,,,,,,,,,,,,,,,,,,,,,,,,,,,,,,,,,,,,,,,
2026,2,otc,2026-08-20,8050,廣積,7429317,7382204,14811521,3411291,3217449,6628740,2052049,,2575144,,530834,-118580,,,,695088,8182781,,0,,37.03,,2448246.0,7487693,3000000.0,,,,,,,,,,,,,,,,,,,,,,,,,,,,,,,,,,,,,,,,,,,,,,,,,,,,,,,,,,,,,,
2026,2,otc,2026-08-20,8054,安國,4832521,3610604,8443125,4041994,63143,4105137,1062326,,1664239,,-127480,,,,,1763619,4337988,,0,,24.23,,-24716.0,2574369,0.0,,,,,,,,,,,,,,,,,,,,,,,,,,,,,,,,,,,,,,,,,,,,,,,,,,,,,,,,,,,,,,
2026,2,otc,2026-08-20,8059,凱碩,7422367,1388074,8810441,7354897,102753,7457650,1164663,,10205,,-7520,,,,,322904,1352791,,35000,,8.84,,-137461.0,1029887,0.0,,,,,,,,,,,,,,,,,,,,,,,,,,,,,,,,,,,,,,,,,,,,,,,,,,,,,,,,,,,,,,
2026,2,otc,2026-08-20,8064,東捷,4829970,1675209,6505179,1603438,450674,2054112,1848178,,1284780,,160617,,,,,224964,4451067,,0,,22.87,,932528.0,4226103,0.0,,,,,,,,,,,,,,,,,,,,,,,,,,,,,,,,,,,,,,,,,,,,,,,,,,,,,,,,,,,,,,
2026,2,otc,2026-08-20,8066,來思達,1153560,431330,1584890,830206,129908,960114,366423,,94877,,12076,,,,,76131,624776,,0,,14.97,,75269.0,548645,0.0,,,,,,,,,,,,,,,,,,,,,,,,,,,,,,,,,,,,,,,,,,,,,,,,,,,,,,,,,,,,,,
2026,2,otc,2026-08-20,8067,志旭,233594,135868,369462,188910,35144,224054,207000,,10899,,3336,,,,,,145408,,0,,7.02,,-75827.0,145408,0.0,,,,,,,,,,,,,,,,,,,,,,,,,,,,,,,,,,,,,,,,,,,,,,,,,,,,,,,,,,,,,,
2026,2,otc,2026-08-20,8068,全達,1056541,1074238,2130779,828441,114594,943035,807659,,4101,,76366,,,,,78311,1187744,,0,,13.74,,221307.0,1109433,0.0,,,,,,,,,,,,,,,,,,,,,,,,,,,,,,,,,,,,,,,,,,,,,,,,,,,,,,,,,,,,,,
2026,2,otc,2026-08-20,8069,元太,38873586,82060061,120933647,25097219,18821874,43919093,11563994,,12087784,,20414177,,,,,1263698,77014554,,317825,,65.6,,31684901.0,75750856,0.0,,,,,,,,,,,,,,,,,,,,,,,,,,,,,,,,,,,,,,,,,,,,,,,,,,,,,,,,,,,,,,
2026,2,otc,2026-08-20,8071,能率網通,1564923,1238469,2803392,1211230,554239,1765469,600843,,282085,,-1819,,,0,,258252,1037923,,0,,12.98,,-101438.0,779671,0.0,,,,,,,,,,,,,,,,,,,,,,,,,,,,,,,,,,,,,,,,,,,,,,,,,,,,,,,,,,,,,,
2026,2,otc,2026-08-20,8074,鉅橡,2186395,1909439,4095834,803980,1196787,2000767,869745,,679099,,-14233,,,,,58956,2095067,,0,,23.41,,501500.0,2036111,0.0,,,,,,,,,,,,,,,,,,,,,,,,,,,,,,,,,,,,,,,,,,,,,,,,,,,,,,,,,,,,,,
2026,2,otc,2026-08-20,8076,伍豐,2529500,3768984,6298484,1868375,640826,2509201,2922136,,578657,,-968954,0,,,,63468,3789283,,0,,12.75,,1193976.0,3725815,0.0,,,,,,,,,,,,,,,,,,,,,,,,,,,,,,,,,,,,,,,,,,,,,,,,,,,,,,,,,,,,,,
2026,2,otc,2026-08-20,8077,洛碁,469841,2028952,2498793,711736,1259614,1971350,219457,,45507,,,,,,,,527443,,0,,24.03,,262479.0,,0.0,,,,,,,,,,,,,,,,,,,,,,,,,,,,,,,,,,,,,,,,,,,,,,,,,,,,,,,,,,,,,,
2026,2,otc,2026-08-20,8080,泰霖,1030840,109241,1140081,516809,69685,586494,671639,,0,,-32447,,,,,,553587,,0,,8.24,,-85605.0,553587,0.0,,,,,,,,,,,,,,,,,,,,,,,,,,,,,,,,,,,,,,,,,,,,,,,,,,,,,,,,,,,,,,
2026,2,otc,2026-08-20,8083,瑞穎,1159276,711416,1870692,773352,731,774083,351332,,215705,,0,,,,,,1096609,0,0,,31.21,,529572.0,,0.0,,,,,,,,,,,,,,,,,,,,,,,,,,,,,,,,,,,,,,,,,,,,,,,,,,,,,,,,,,,,,,
2026,2,otc,2026-08-20,8084,巨虹,1260628,895904,2156532,264039,410023,674062,695142,,20460,,565,,,,,972890,1482470,0,0,,7.33,,-206587.0,509580,0.0,,,,,,,,,,,,,,,,,,,,,,,,,,,,,,,,,,,,,,,,,,,,,,,,,,,,,,,,,,,,,,
2026,2,otc,2026-08-20,8085,福華,1331964,1180343,2512307,256166,1100497,1356663,1399830,,48716,,-73130,0,,0,,0,1155644,,0,,8.26,0,-219772.0,1155644,0.0,,,,,,,,,,,,,,,,,,,,,,,,,,,,,,,,,,,,,,,,,,,,,,,,,,,,,,,,,,,,,,
2026,2,otc,2026-08-20,8086,宏捷科,5985204,4801042,10786246,1843368,464974,2308342,1965161,,4140631,,,,,,,,8477904,0,0,,43.14,,2372112.0,,0.0,,,,,,,,,,,,,,,,,,,,,,,,,,,,,,,,,,,,,,,,,,,,,,,,,,,,,,,,,,,,,,
2026,2,otc,2026-08-20,8087,麗升能源,1550843,733037,2283880,1283667,235679,1519346,386691,,334877,,-5136,-28681,,,,0,764534,0,0,,20.19,,76783.0,764534,800000.0,,,,,,,,,,,,,,,,,,,,,,,,,,,,,,,,,,,,,,,,,,,,,,,,,,,,,,,,,,,,,,
2026,2,otc,2026-08-20,8088,品安,1094313,451021,1545334,428658,349,429007,609217,,177777,,19397,0,,,,,1116327,0,0,,18.32,,309936.0,,0.0,,,,,,,,,,,,,,,,,,,,,,,,,,,,,,,,,,,,,,,,,,,,,,,,,,,,,,,,,,,,,,
2026,2,otc,2026-08-20,8089,康全電訊,1070048,372481,1442529,258200,186224,444424,659987,,251154,,47309,,,,,,998105,,0,,15.12,,39655.0,998105,0.0,,,,,,,,,,,,,,,,,,,,,,,,,,,,,,,,,,,,,,,,,,,,,,,,,,,,,,,,,,,,,,
2026,2,otc,2026-08-20,8091,翔名,3197869,2449787,5647656,1307725,100422,1408147,559862,,2246051,,21125,0,,,,40218,4239509,,2377768,,75.01,,1372253.0,4199291,0.0,,,,,,,,,,,,,,,,,,,,,,,,,,,,,,,,,,,,,,,,,,,,,,,,,,,,,,,,,,,,,,
2026,2,otc,2026-08-20,8092,建暐,475644,379789,855433,271215,44890,316105,571723,,159862,,-1118,,,,,50,539328,0,0,,9.43,,-191189.0,539278,0.0,,,,,,,,,,,,,,,,,,,,,,,,,,,,,,,,,,,,,,,,,,,,,,,,,,,,,,,,,,,,,,
2026,2,otc,2026-08-20,8093,保銳,423158,213175,636333,84585,1561,86146,565676,,160480,,-11670,,,,,1606,550187,0,0,,9.7,,-165905.0,548581,0.0,,,,,,,,,,,,,,,,,,,,,,,,,,,,,,,,,,,,,,,,,,,,,,,,,,,,,,,,,,,,,,
2026,2,otc,2026-08-20,8096,擎亞,25634418,763577,26397995,22427786,868857,23296643,1493431,,804947,,44219,,,,,,3101352,0,0,,20.77,,758755.0,3101352,0.0,,,,,,,,,,,,,,,,,,,,,,,,,,,,,,,,,,,,,,,,,,,,,,,,,,,,,,,,,,,,,,
2026,2,otc,2026-08-20,8097,常珵,735514,722619,1458133,440844,76077,516921,638025,,594915,,16646,-283727,,,,0,941212,0,0,,15.92,,-24647.0,941212,4679000.0,,,,,,,,,,,,,,,,,,,,,,,,,,,,,,,,,,,,,,,,,,,,,,,,,,,,,,,,,,,,,,
2026,2,otc,2026-08-20,8099,大世科,3306098,466203,3772301,1989340,148789,2138129,1000728,,81529,,-4087,,,,,,1634172,,0,,16.33,,556002.0,1634172,0.0,,,,,,,,,,,,,,,,,,,,,,,,,,,,,,,,,,,,,,,,,,,,,,,,,,,,,,,,,,,,,,
2026,2,otc,2026-08-20,8102,傑霖科技,375572,155021,530593,77803,24527,102330,233584,,107087,,-445,,,,,,428263,0,0,,18.33,,88037.0,428263,0.0,,,,,,,,,,,,,,,,,,,,,,,,,,,,,,,,,,,,,,,,,,,,,,,,,,,,,,,,,,,,,,
2026,2,otc,2026-08-20,8107,大億金茂,841636,2132324,2973960,670362,717964,1388326,750000,,70161,,86844,,,,,0,1585634,0,0,,21.14,,678629.0,1585634,0.0,,,,,,,,,,,,,,,,,,,,,,,,,,,,,,,,,,,,,,,,,,,,,,,,,,,,,,,,,,,,,,
2026,2,otc,2026-08-20,8109,博大,2375794,1515304,3891098,571810,319632,891442,821612,,334259,,-95789,-82478,,,,0,2999656,0,0,,36.86,,2022052.0,2999656,788000.0,,,,,,,,,,,,,,,,,,,,,,,,,,,,,,,,,,,,,,,,,,,,,,,,,,,,,,,,,,,,,,
2026,2,otc,2026-08-20,8111,立碁,1452615,725472,2178087,306116,486863,792979,1091022,,39540,,4982,0,,0,,2947,1385108,0,0,,12.67,,246617.0,1382161,0.0,,,,,,,,,,,,,,,,,,,,,,,,,,,,,,,,,,,,,,,,,,,,,,,,,,,,,,,,,,,,,,
2026,2,otc,2026-08-20,8121,越峰,2600927,3073707,5674634,929744,2005004,2934748,2129937,,54,,-21363,,,,,717242,2739886,,0,,9.5,,-85984.0,2022644,0.0,,,,,,,,,,,,,,,,,,,,,,,,,,,,,,,,,,,,,,,,,,,,,,,,,,,,,,,,,,,,,,
2026,2,otc,2026-08-20,8147,正淩,1513829,1222869,2736698,968406,292817,1261223,418172,,841898,,1357,0,,0,,5435,1475475,0,182500,,35.15,,208613.0,1470040,0.0,,,,,,,,,,,,,,,,,,,,,,,,,,,,,,,,,,,,,,,,,,,,,,,,,,,,,,,,,,,,,,
2026,2,otc,2026-08-20,8155,博智,4844515,1980139,6824654,2623322,209158,2832480,623677,,1620164,,4572,0,,,,151126,3992174,0,0,,61.59,,1592635.0,3841048,0.0,,,,,,,,,,,,,,,,,,,,,,,,,,,,,,,,,,,,,,,,,,,,,,,,,,,,,,,,,,,,,,
2026,2,otc,2026-08-20,8171,天宇,1234581,2489620,3724201,566467,897167,1463634,1128533,,835793,,-96,-45833,,,,408159,2260567,0,0,,16.58,,-65989.0,1852408,1114000.0,,,,,,,,,,,,,,,,,,,,,,,,,,,,,,,,,,,,,,,,,,,,,,,,,,,,,,,,,,,,,,
2026,2,otc,2026-08-20,8176,智捷,597662,180670,778332,148579,26714,175293,717010,,422,,-3681,-26080,,,,14214,603039,0,0,,8.51,,-98846.0,588825,2475196.0,,,,,,,,,,,,,,,,,,,,,,,,,,,,,,,,,,,,,,,,,,,,,,,,,,,,,,,,,,,,,,
2026,2,otc,2026-08-20,8182,加高,3096343,2549414,5645757,1271204,774031,2045235,1070412,,749262,,22799,,,,,9212,3600522,0,0,,33.55,,1748837.0,3591310,0.0,,,,,,,,,,,,,,,,,,,,,,,,,,,,,,,,,,,,,,,,,,,,,,,,,,,,,,,,,,,,,,
2026,2,otc,2026-08-20,8183,精星,6903389,2448950,9352339,4982610,160931,5143541,1212511,,231854,,484154,-34105,,,,,4208798,,0,,34.86,,2314384.0,4208798,500000.0,,,,,,,,,,,,,,,,,,,,,,,,,,,,,,,,,,,,,,,,,,,,,,,,,,,,,,,,,,,,,,
2026,2,otc,2026-08-20,8227,巨有科技,1722939,192606,1915545,704034,11633,715667,395430,,575066,,414,,,,,,1199878,,0,,30.34,,228968.0,1199878,0.0,,,,,,,,,,,,,,,,,,,,,,,,,,,,,,,,,,,,,,,,,,,,,,,,,,,,,,,,,,,,,,
2026,2,otc,2026-08-20,8234,新漢,4623677,2529380,7153057,3650488,410375,4060863,1412265,,388712,,-33938,,,,,66661,3092194,0,0,,21.42,,1258494.0,3025533,0.0,,,,,,,,,,,,,,,,,,,,,,,,,,,,,,,,,,,,,,,,,,,,,,,,,,,,,,,,,,,,,,
2026,2,otc,2026-08-20,8240,華宏,5131712,2845313,7977025,2403561,668325,3071886,1000044,,1994505,,4575,,,,,112098,4905139,,0,,47.93,,1793917.0,4793041,0.0,,,,,,,,,,,,,,,,,,,,,,,,,,,,,,,,,,,,,,,,,,,,,,,,,,,,,,,,,,,,,,
2026,2,otc,2026-08-20,8255,朋程,5323895,12094213,17418108,4783803,1292245,6076048,1019395,,3440066,,1645683,,,,,2153948,11342060,,0,,90.13,,3082968.0,9188112,0.0,,,,,,,,,,,,,,,,,,,,,,,,,,,,,,,,,,,,,,,,,,,,,,,,,,,,,,,,,,,,,,
2026,2,otc,2026-08-20,8272,全景軟體,840436,12677,853113,260522,2349,262871,189978,,149476,,,,,,,,590242,,0,,31.07,,250788.0,,0.0,,,,,,,,,,,,,,,,,,,,,,,,,,,,,,,,,,,,,,,,,,,,,,,,,,,,,,,,,,,,,,
2026,2,otc,2026-08-20,8277,商丞,154705,311131,465836,29578,1469,31047,916288,,60698,,-9559,0,,0,,0,434789,0,0,,4.75,,-532638.0,434789,0.0,,,,,,,,,,,,,,,,,,,,,,,,,,,,,,,,,,,,,,,,,,,,,,,,,,,,,,,,,,,,,,
2026,2,otc,2026-08-20,8279,生展,1271929,1888639,3160568,668773,150615,819388,271009,,618454,,3806,,,,,,2341180,0,0,,86.39,,1447911.0,2341180,0.0,,,,,,,,,,,,,,,,,,,,,,,,,,,,,,,,,,,,,,,,,,,,,,,,,,,,,,,,,,,,,,
2026,2,otc,2026-08-20,8284,三竹,1707571,534087,2241658,890142,15991,906133,471559,,296410,,-42235,,,,,,1335525,34000,0,,28.23,,609791.0,1335525,0.0,,,,,,,,,,,,,,,,,,,,,,,,,,,,,,,,,,,,,,,,,,,,,,,,,,,,,,,,,,,,,,
2026,2,otc,2026-08-20,8289,泰藝,1652224,912393,2564617,592276,330154,922430,683338,,387846,,-18447,0,,,,,1642187,0,0,,24.03,,589450.0,1642187,0.0,,,,,,,,,,,,,,,,,,,,,,,,,,,,,,,,,,,,,,,,,,,,,,,,,,,,,,,,,,,,,,
2026,2,otc,2026-08-20,8291,尚茂,140666,212036,352702,272210,22405,294615,174784,,118,,,,,,,,58087,,0,,3.32,,-116815.0,,0.0,,,,,,,,,,,,,,,,,,,,,,,,,,,,,,,,,,,,,,,,,,,,,,,,,,,,,,,,,,,,,,
2026,2,otc,2026-08-20,8299,群聯,167941161,25775757,193716918,65116621,26528081,91644702,2211653,,23093197,,-41105,,,,,13406,102072216,0,79500,,461.46,,76795065.0,102058810,0.0,,,,,,,,,,,,,,,,,,,,,,,,,,,,,,,,,,,,,,,,,,,,,,,,,,,,,,,,,,,,,,
2026,2,otc,2026-08-20,8342,益張,1107504,762711,1870215,673254,141020,814274,335367,,43601,,-19355,,,,,31692,1055941,,0,,30.54,,664636.0,1024249,0.0,,,,,,,,,,,,,,,,,,,,,,,,,,,,,,,,,,,,,,,,,,,,,,,,,,,,,,,,,,,,,,
2026,2,otc,2026-08-20,8349,恒耀國際,11542518,14087854,25630372,9827612,7254247,17081859,2188214,,3657733,,-56743,-214545,,,,1079837,8548513,,0,,34.91,,1894017.0,7468676,4894000.0,,,,,,,,,,,,,,,,,,,,,,,,,,,,,,,,,,,,,,,,,,,,,,,,,,,,,,,,,,,,,,
2026,2,otc,2026-08-20,8354,冠好,2383095,1932166,4315261,1927893,199295,2127188,785323,,58939,,37224,,,,,,2188073,0,0,,27.86,,1306587.0,2188073,0.0,,,,,,,,,,,,,,,,,,,,,,,,,,,,,,,,,,,,,,,,,,,,,,,,,,,,,,,,,,,,,,
2026,2,otc,2026-08-20,8358,金居,5633642,6732020,12365662,3054913,10166,3065079,2525880,,1571196,,1479976,-5312,,,,,9300583,,0,,36.84,,3728843.0,9300583,97000.0,,,,,,,,,,,,,,,,,,,,,,,,,,,,,,,,,,,,,,,,,,,,,,,,,,,,,,,,,,,,,,
2026,2,otc,2026-08-20,8383,千附,3531250,3678017,7209267,1922156,770503,2692659,1137605,,1233393,,30978,-31717,,,,706862,4516608,,0,,33.77,,1439487.0,3809746,951759.0,,,,,,,,,,,,,,,,,,,,,,,,,,,,,,,,,,,,,,,,,,,,,,,,,,,,,,,,,,,,,,
2026,2,otc,2026-08-20,8390,金益鼎,3576622,1523105,5099727,1058925,37484,1096409,961161,,789204,,24895,,,,,230628,4003318,0,0,,39.25,,1997430.0,3772690,0.0,,,,,,,,,,,,,,,,,,,,,,,,,,,,,,,,,,,,,,,,,,,,,,,,,,,,,,,,,,,,,,
2026,2,otc,2026-08-20,8401,白紗科,783600,1223278,2006878,296336,505474,801810,706690,,158246,,0,,,,,,1205068,0,0,,17.05,,340132.0,,0.0,,,,,,,,,,,,,,,,,,,,,,,,,,,,,,,,,,,,,,,,,,,,,,,,,,,,,,,,,,,,,,
2026,2,otc,2026-08-20,8403,盛弘,3109608,3431029,6540637,1622270,1221430,2843700,1376404,,1133860,,-54999,,,,,397708,3696937,0,0,,23.97,,843964.0,3299229,0.0,,,,,,,,,,,,,,,,,,,,,,,,,,,,,,,,,,,,,,,,,,,,,,,,,,,,,,,,,,,,,,
2026,2,otc,2026-08-20,8409,商之器,182005,240349,422354,115577,6570,122147,320000,,72427,,-8698,,,,,,300207,,0,,9.38,,-83522.0,300207,0.0,,,,,,,,,,,,,,,,,,,,,,,,,,,,,,,,,,,,,,,,,,,,,,,,,,,,,,,,,,,,,,
2026,2,otc,2026-08-20,8410,森田,1479088,818372,2297460,260500,192055,452555,365892,,324441,,0,0,,,,,1844905,0,0,,50.42,,1154572.0,,0.0,,,,,,,,,,,,,,,,,,,,,,,,,,,,,,,,,,,,,,,,,,,,,,,,,,,,,,,,,,,,,,
2026,2,otc,2026-08-20,8415,大國鋼,23605430,24900304,48505734,12128740,5038279,17167019,10315000,,3858578,,1740253,-301436,,,,2779159,31338715,,0,,28.47,,12947161.0,28559556,28505000.0,,,,,,,,,,,,,,,,,,,,,,,,,,,,,,,,,,,,,,,,,,,,,,,,,,,,,,,,,,,,,,
2026,2,otc,2026-08-20,8416,實威,1176476,1044236,2220712,562264,36703,598967,282107,,132625,,13463,,,,,,1621745,0,0,,57.49,,1193550.0,1621745,0.0,,,,,,,,,,,,,,,,,,,,,,,,,,,,,,,,,,,,,,,,,,,,,,,,,,,,,,,,,,,,,,
2026,2,otc,2026-08-20,8421,旭源,998592,988469,1987061,685598,529722,1215320,548171,,89343,,-93392,-19455,,,,41518,771741,0,0,,13.64,,205556.0,730223,1270000.0,,,,,,,,,,,,,,,,,,,,,,,,,,,,,,,,,,,,,,,,,,,,,,,,,,,,,,,,,,,,,,
2026,2,otc,2026-08-20,8424,惠普,616695,740348,1357043,227796,22752,250548,360544,,62237,,,,,,,,1106495,,0,,30.69,,683714.0,1106495,0.0,,,,,,,,,,,,,,,,,,,,,,,,,,,,,,,,,,,,,,,,,,,,,,,,,,,,,,,,,,,,,,
2026,2,otc,2026-08-20,8431,匯鑽科,1091035,1253725,2344760,612590,920504,1533094,487783,,360204,,1266,-83793,,,,134505,811666,,0,,14.33,,-88299.0,677161,1523000.0,,,,,,,,,,,,,,,,,,,,,,,,,,,,,,,,,,,,,,,,,,,,,,,,,,,,,,,,,,,,,,
2026,2,otc,2026-08-20,8432,東生華,1488496,537464,2025960,343616,5043,348659,383981,,459685,,5779,,,0,,262312,1677301,,0,,36.85,,565544.0,1414989,0.0,,,,,,,,,,,,,,,,,,,,,,,,,,,,,,,,,,,,,,,,,,,,,,,,,,,,,,,,,,,,,,
2026,2,otc,2026-08-20,8433,弘帆,2220151,2408187,4628338,1914107,341051,2255158,545062,,320813,,72792,,,,,,2373180,,0,,43.54,,1434513.0,2373180,0.0,,,,,,,,,,,,,,,,,,,,,,,,,,,,,,,,,,,,,,,,,,,,,,,,,,,,,,,,,,,,,,
2026,2,otc,2026-08-20,8435,鉅邁,1015175,392241,1407416,334518,58999,393517,352004,,227996,,-8815,,,,,73789,1013899,0,0,,26.71,,368925.0,940110,0.0,,,,,,,,,,,,,,,,,,,,,,,,,,,,,,,,,,,,,,,,,,,,,,,,,,,,,,,,,,,,,,
2026,2,otc,2026-08-20,8436,大江,7657144,6530878,14188022,4511026,695510,5206536,1177288,,2458930,,31500,-445277,,,,1313410,8981486,0,0,,69.59,,4445635.0,7668076,7546000.0,,,,,,,,,,,,,,,,,,,,,,,,,,,,,,,,,,,,,,,,,,,,,,,,,,,,,,,,,,,,,,
2026,2,otc,2026-08-20,8440,綠電,379738,512248,891986,167181,58587,225768,502553,,1496,,,,,,,,666218,0,0,,13.26,,162169.0,666218,0.0,,,,,,,,,,,,,,,,,,,,,,,,,,,,,,,,,,,,,,,,,,,,,,,,,,,,,,,,,,,,,,
2026,2,otc,2026-08-20,8446,華研,1603379,1335952,2939331,846636,81457,928093,529144,,246100,,-3672,,,,,-1233,2011238,0,0,,38.03,,1240899.0,2012471,0.0,,,,,,,,,,,,,,,,,,,,,,,,,,,,,,,,,,,,,,,,,,,,,,,,,,,,,,,,,,,,,,
2026,2,otc,2026-08-20,8450,霹靂,353100,591173,944273,242530,289787,532317,513099,,93231,,-183808,,,,,3865,411956,0,0,,7.95,,-14431.0,408091,0.0,,,,,,,,,,,,,,,,,,,,,,,,,,,,,,,,,,,,,,,,,,,,,,,,,,,,,,,,,,,,,,
2026,2,otc,2026-08-20,8472,納維康,318233,675963,994196,498951,236397,735348,177358,,92872,,292,,,,,,258848,,0,,14.59,,-11674.0,258848,0.0,,,,,,,,,,,,,,,,,,,,,,,,,,,,,,,,,,,,,,,,,,,,,,,,,,,,,,,,,,,,,,
2026,2,otc,2026-08-20,8477,創業家,836803,175352,1012155,269083,16109,285192,841706,,50828,,91943,,,,,19267,726963,,0,,8.41,,-276781.0,707696,0.0,,,,,,,,,,,,,,,,,,,,,,,,,,,,,,,,,,,,,,,,,,,,,,,,,,,,,,,,,,,,,,
2026,2,otc,2026-08-20,8489,三貝德,1655454,2192477,3847931,1370344,1090777,2461121,599491,,273794,,67,0,,,,435128,1386810,,0,,15.87,,78330.0,951682,0.0,,,,,,,,,,,,,,,,,,,,,,,,,,,,,,,,,,,,,,,,,,,,,,,,,,,,,,,,,,,,,,
2026,2,otc,2026-08-20,8905,裕國,1800653,1892079,3692732,734840,216279,951119,1194400,,210373,,63236,-36820,,,,417,2741613,,0,,23.77,,1310007.0,2741196,4123000.0,,,,,,,,,,,,,,,,,,,,,,,,,,,,,,,,,,,,,,,,,,,,,,,,,,,,,,,,,,,,,,
2026,2,otc,2026-08-20,8906,花王,188623,3227968,3416591,377868,2572039,2949907,440374,,56698,,75810,-53839,,,,,466684,,0,,11.07,,-52359.0,466684,1887203.0,,,,,,,,,,,,,,,,,,,,,,,,,,,,,,,,,,,,,,,,,,,,,,,,,,,,,,,,,,,,,,
2026,2,otc,2026-08-20,8908,欣雄,5168179,6834836,12003015,3780544,4080555,7861099,3247645,,3038,,-86830,-223254,,,,99365,4141916,,0,,13.04,,1101952.0,4042551,5414000.0,,,,,,,,,,,,,,,,,,,,,,,,,,,,,,,,,,,,,,,,,,,,,,,,,,,,,,,,,,,,,,
2026,2,otc,2026-08-20,8916,光隆,4970801,5434942,10405743,4328089,1019053,5347142,1506251,,2163840,,-293635,-84740,,,,20338,5058601,,0,,33.85,,1746547.0,5038263,1784000.0,,,,,,,,,,,,,,,,,,,,,,,,,,,,,,,,,,,,,,,,,,,,,,,,,,,,,,,,,,,,,,
2026,2,otc,2026-08-20,8917,欣泰,2858638,3296377,6155015,1899002,1623827,3522829,1626524,,,,28465,,,,,,2632186,,0,,16.18,,977197.0,,0.0,,,,,,,,,,,,,,,,,,,,,,,,,,,,,,,,,,,,,,,,,,,,,,,,,,,,,,,,,,,,,,
2026,2,otc,2026-08-20,8921,沈氏,337914,1731235,2069149,237988,583869,821857,465922,,252343,,359143,,,,,108078,1247292,0,0,,24.45,,61806.0,1139214,0.0,,,,,,,,,,,,,,,,,,,,,,,,,,,,,,,,,,,,,,,,,,,,,,,,,,,,,,,,,,,,,,
2026,2,otc,2026-08-20,8923,時報,621355,299005,920360,428370,48858,477228,303758,,12800,,-8740,,,,,,443132,0,0,,14.59,,135314.0,443132,0.0,,,,,,,,,,,,,,,,,,,,,,,,,,,,,,,,,,,,,,,,,,,,,,,,,,,,,,,,,,,,,,
2026,2,otc,2026-08-20,8924,大田,3637701,1776063,5413764,1327853,183444,1511297,838000,,101239,,273189,,,,,,3902467,,0,,46.57,,2690039.0,3902467,0.0,,,,,,,,,,,,,,,,,,,,,,,,,,,,,,,,,,,,,,,,,,,,,,,,,,,,,,,,,,,,,,
2026,2,otc,2026-08-20,8927,北基,5979711,27180877,33160588,9466091,15000340,24466431,4190683,,1056266,,-62940,0,,,,3100437,8694157,0,0,,13.35,,409711.0,5593720,0.0,,,,,,,,,,,,,,,,,,,,,,,,,,,,,,,,,,,,,,,,,,,,,,,,,,,,,,,,,,,,,,
2026,2,otc,2026-08-20,8928,鉅明,1310239,1691311,3001550,1176316,732260,1908576,508540,,164,,-20445,0,,0,,0,1092974,0,0,,21.49,,604715.0,1092974,0.0,,,,,,,,,,,,,,,,,,,,,,,,,,,,,,,,,,,,,,,,,,,,,,,,,,,,,,,,,,,,,,
2026,2,otc,2026-08-20,8929,富堡,929645,400651,1330296,401999,108282,510281,505809,,216198,,34971,,,,,14048,820015,0,0,,15.93,,48989.0,805967,0.0,,,,,,,,,,,,,,,,,,,,,,,,,,,,,,,,,,,,,,,,,,,,,,,,,,,,,,,,,,,,,,
2026,2,otc,2026-08-20,8930,青鋼,1081491,1018644,2100135,244120,475870,719990,818094,,132386,,0,-47934,,,,,1380145,,0,,17.19,,477599.0,,1522000.0,,,,,,,,,,,,,,,,,,,,,,,,,,,,,,,,,,,,,,,,,,,,,,,,,,,,,,,,,,,,,,
2026,2,otc,2026-08-20,8931,大汽電,726159,4466655,5192814,1067397,2150029,3217426,1222549,,0,,-58265,,,,,,1975388,,0,,16.16,,811104.0,,0.0,,,,,,,,,,,,,,,,,,,,,,,,,,,,,,,,,,,,,,,,,,,,,,,,,,,,,,,,,,,,,,
2026,2,otc,2026-08-20,8932,智通*,2760940,1219648,3980588,1100052,393501,1493553,1065033,,681851,,60862,-248408,,,,31806,2487035,,0,,6.93,,895891.0,2455229,3832000.0,,,,,,,,,,,,,,,,,,,,,,,,,,,,,,,,,,,,,,,,,,,,,,,,,,,,,,,,,,,,,,
2026,2,otc,2026-08-20,8933,愛地雅,2656120,1269477,3925597,1939643,451880,2391523,3267243,,102317,,-10290,,,,,,1534074,,0,,4.7,,-1825196.0,1534074,0.0,,,,,,,,,,,,,,,,,,,,,,,,,,,,,,,,,,,,,,,,,,,,,,,,,,,,,,,,,,,,,,
2026,2,otc,2026-08-20,8935,邦泰,578095,864150,1442245,327556,248123,575679,1134950,,0,,-29060,,,,,,866566,,0,,7.64,,-239324.0,866566,0.0,,,,,,,,,,,,,,,,,,,,,,,,,,,,,,,,,,,,,,,,,,,,,,,,,,,,,,,,,,,,,,
2026,2,otc,2026-08-20,8936,國統,6897417,7585630,14483047,3766316,2567066,6333382,2480782,,1450428,,-169726,,,,,1815773,8149665,0,0,,25.53,,2572408.0,6333892,0.0,,,,,,,,,,,,,,,,,,,,,,,,,,,,,,,,,,,,,,,,,,,,,,,,,,,,,,,,,,,,,,
2026,2,otc,2026-08-20,8937,合騏*,590139,5448208,6038347,3127395,143370,3270765,1079201,,1703320,,-27865,-259642,,,,387390,2767582,,0,,5.54,,-114822.0,2380192,1735000.0,,,,,,,,,,,,,,,,,,,,,,,,,,,,,,,,,,,,,,,,,,,,,,,,,,,,,,,,,,,,,,
2026,2,otc,2026-08-20,8938,明安,7051694,5820532,12872226,3479786,1717511,5197297,1569865,,2201860,,31632,-200920,,,,,7674929,0,0,,49.72,,4072492.0,7674929,2629000.0,,,,,,,,,,,,,,,,,,,,,,,,,,,,,,,,,,,,,,,,,,,,,,,,,,,,,,,,,,,,,,
2026,2,otc,2026-08-20,8941,關中,1327790,919893,2247683,943934,240707,1184641,349721,,58692,,273992,,,,,62215,1063042,,0,,28.62,,318422.0,1000827,0.0,,,,,,,,,,,,,,,,,,,,,,,,,,,,,,,,,,,,,,,,,,,,,,,,,,,,,,,,,,,,,,
2026,2,otc,2026-08-20,8942,森鉅,5019306,10923917,15943223,3319713,1235826,4555539,1988423,,2468695,,32680,,,,,1107348,11387684,,0,,51.7,,5790538.0,10280336,0.0,,,,,,,,,,,,,,,,,,,,,,,,,,,,,,,,,,,,,,,,,,,,,,,,,,,,,,,,,,,,,,
2026,2,otc,2026-08-20,9949,琉園,432948,116984,549932,32186,18260,50446,448608,,16465,,2317,,,,,0,499486,,0,,11.13,,32096.0,499486,0.0,,,,,,,,,,,,,,,,,,,,,,,,,,,,,,,,,,,,,,,,,,,,,,,,,,,,,,,,,,,,,,
2026,2,otc,2026-08-20,9950,萬國通,1420687,2699921,4120608,1096436,1607852,2704288,1677160,,29442,,2951,,,,,0,1416320,,0,,8.44,,-293233.0,1416320,0.0,,,,,,,,,,,,,,,,,,,,,,,,,,,,,,,,,,,,,,,,,,,,,,,,,,,,,,,,,,,,,,
2026,2,otc,2026-08-20,9951,皇田,4656340,1741748,6398088,2362930,224153,2587083,733000,,0,,108074,-75566,,,,,3811005,0,0,,53.02,,3045497.0,3811005,1425000.0,,,,,,,,,,,,,,,,,,,,,,,,,,,,,,,,,,,,,,,,,,,,,,,,,,,,,,,,,,,,,,
2026,2,otc,2026-08-20,9960,邁達康,717207,388403,1105610,255100,144002,399102,335925,,35138,,93763,,,,,,706508,,0,,21.03,,241682.0,706508,0.0,,,,,,,,,,,,,,,,,,,,,,,,,,,,,,,,,,,,,,,,,,,,,,,,,,,,,,,,,,,,,,
2026,2,otc,2026-08-20,9962,有益,1087739,412872,1500611,418403,7280,425683,902203,,8385,,-8259,,,,,0,1074928,0,0,,11.91,,172599.0,1074928,0.0,,,,,,,,,,,,,,,,,,,,,,,,,,,,,,,,,,,,,,,,,,,,,,,,,,,,,,,,,,,,,,
2026,2,sii,2026-08-20,1101,台泥,195322468.0,400694063.0,596016531.0,108722932.0,187971533,296694465.0,77231817,,68922587,,29325114,-979439,,,,61892898,299322066.0,,0,,30.86,,62929089,237429168,30000000,,,,,,,,,,,,,,,,,,,,,,,,,,,,,,,,,,,,,,,,,,,,,,,,,,,,,,,,,,,,,,
2026,2,sii,2026-08-20,1102,亞泥,102312109.0,234955935.0,337268044.0,69583764.0,59320996,128904760.0,35465629,,8247989,,15108397,,,,,23938964,208363284.0,,0,,52.0,,125602305,184424320,0,,,,,,,,,,,,,,,,,,,,,,,,,,,,,,,,,,,,,,,,,,,,,,,,,,,,,,,,,,,,,,
2026,2,sii,2026-08-20,1103,嘉泥,9689726.0,24183310.0,33873036.0,3996922.0,11085514,15082436.0,8328746,,1676966,,-173832,-1225259,,,,84661,18790600.0,,0,,26.67,,10099318,18705939,131491726,,,,,,,,,,,,,,,,,,,,,,,,,,,,,,,,,,,,,,,,,,,,,,,,,,,,,,,,,,,,,,
2026,2,sii,2026-08-20,1104,環泥,7970447.0,23770514.0,31740961.0,4980332.0,1362077,6342409.0,6866818,,128916,,3194814,,,,,757599,25398552.0,,0,,35.88,,14450405,24640953,0,,,,,,,,,,,,,,,,,,,,,,,,,,,,,,,,,,,,,,,,,,,,,,,,,,,,,,,,,,,,,,
2026,2,sii,2026-08-20,1108,幸福,5793470.0,4483745.0,10277215.0,4404275.0,405012,4809287.0,4047380,,22,,-453,,,,,62,5467928.0,,0,,13.51,,1420917,5467866,0,,,,,,,,,,,,,,,,,,,,,,,,,,,,,,,,,,,,,,,,,,,,,,,,,,,,,,,,,,,,,,
2026,2,sii,2026-08-20,1109,信大,5528239.0,5970295.0,11498534.0,1210318.0,109392,1319710.0,3411589,,16134,,65793,,,,,1934735,10178824.0,0,0,,24.16,,4750573,8244089,0,,,,,,,,,,,,,,,,,,,,,,,,,,,,,,,,,,,,,,,,,,,,,,,,,,,,,,,,,,,,,,
2026,2,sii,2026-08-20,1110,東泥,3288026.0,10078383.0,13366409.0,2333399.0,1356283,3689682.0,5720008,,190941,,967183,-8863,,,,172766,9676727.0,,0,,16.66,,2634692,9503961,1536865,,,,,,,,,,,,,,,,,,,,,,,,,,,,,,,,,,,,,,,,,,,,,,,,,,,,,,,,,,,,,,
2026,2,sii,2026-08-20,1201,味全,7119755.0,11927689.0,19047444.0,6645576.0,4436680,11082256.0,5060629,,49394,,-23142,,,,,7812,7965188.0,0,0,,15.72,,2870495,7957376,0,,,,,,,,,,,,,,,,,,,,,,,,,,,,,,,,,,,,,,,,,,,,,,,,,,,,,,,,,,,,,,
2026,2,sii,2026-08-20,1203,味王,4864200.0,5848229.0,10712429.0,1995149.0,1361047,3356196.0,2400000,,61371,,328151,-38464,,,,859866,7356233.0,0,0,,27.33,0,3745309,6496367,2293865,,,,,,,,,,,,,,,,,,,,,,,,,,,,,,,,,,,,,,,,,,,,,,,,,,,,,,,,,,,,,,
2026,2,sii,2026-08-20,1210,大成,33847731.0,44737539.0,78585270.0,40000743.0,3834138,43834881.0,8947673,,4274788,,1649829,-734821,,0,,9218704,34750389.0,,0,,30.51,0,11394216,25531685,58059471,,,,,,,,,,,,,,,,,,,,,,,,,,,,,,,,,,,,,,,,,,,,,,,,,,,,,,,,,,,,,,
2026,2,sii,2026-08-20,1213,大飲,228166.0,512283.0,740449.0,67964.0,50808,118772.0,566226,,21938,,848,,,,,,621677.0,0,0,,10.98,,32665,621677,0,,,,,,,,,,,,,,,,,,,,,,,,,,,,,,,,,,,,,,,,,,,,,,,,,,,,,,,,,,,,,,
2026,2,sii,2026-08-20,1215,卜蜂,9291226.0,23493543.0,32784769.0,10709784.0,10711846,21421630.0,2947901,,36967,,832263,,,,,429216,11363139.0,0,0,,37.09,,7116792,10933923,0,,,,,,,,,,,,,,,,,,,,,,,,,,,,,,,,,,,,,,,,,,,,,,,,,,,,,,,,,,,,,,
2026,2,sii,2026-08-20,1216,統一,260285451.0,502575164.0,762860615.0,300597689.0,250522535,551120224.0,56820154,,2638446,,-20681,,,,,75423674,211740391.0,0,0,,23.99,,76878798,136316717,0,,,,,,,,,,,,,,,,,,,,,,,,,,,,,,,,,,,,,,,,,,,,,,,,,,,,,,,,,,,,,,
2026,2,sii,2026-08-20,1217,愛之味,2873199.0,12826934.0,15700133.0,3173113.0,4067061,7240174.0,4945134,,266157,,1117879,,,,,779123,8459959.0,0,0,,15.53,,1351666,7680836,0,,,,,,,,,,,,,,,,,,,,,,,,,,,,,,,,,,,,,,,,,,,,,,,,,,,,,,,,,,,,,,
2026,2,sii,2026-08-20,1218,泰山,5327686.0,9016448.0,14344134.0,2443606.0,371132,2814738.0,4999990,,1051284,,-48608,-203876,,,,5696,11529396.0,,0,,23.7,,5724910,11523700,13680042,,,,,,,,,,,,,,,,,,,,,,,,,,,,,,,,,,,,,,,,,,,,,,,,,,,,,,,,,,,,,,
2026,2,sii,2026-08-20,1219,福壽,5071684.0,4566116.0,9637800.0,3513868.0,2114144,5628012.0,3412384,,11935,,1956,0,,,,26824,4009788.0,,0,,11.67,,556689,3982964,0,,,,,,,,,,,,,,,,,,,,,,,,,,,,,,,,,,,,,,,,,,,,,,,,,,,,,,,,,,,,,,
2026,2,sii,2026-08-20,1220,台榮,2147838.0,1332364.0,3480202.0,823831.0,168041,991872.0,1770779,,25213,,-571,-10881,,,,206856,2488330.0,,0,,12.93,,496934,2281474,679000,,,,,,,,,,,,,,,,,,,,,,,,,,,,,,,,,,,,,,,,,,,,,,,,,,,,,,,,,,,,,,
2026,2,sii,2026-08-20,1225,福懋油,5263691.0,3327251.0,8590942.0,3495805.0,822868,4318673.0,2422683,,125619,,-93810,,,,,514620,4272269.0,,0,,15.51,,1303157,3757649,0,,,,,,,,,,,,,,,,,,,,,,,,,,,,,,,,,,,,,,,,,,,,,,,,,,,,,,,,,,,,,,
2026,2,sii,2026-08-20,1227,佳格,19844366.0,11170087.0,31014453.0,12034961.0,396362,12431323.0,9150897,,183259,,425553,-21182,,,,284118,18583130.0,0,0,,20.14,,8560485,18299012,6669471,,,,,,,,,,,,,,,,,,,,,,,,,,,,,,,,,,,,,,,,,,,,,,,,,,,,,,,,,,,,,,
2026,2,sii,2026-08-20,1229,聯華,17950855.0,93404798.0,111355653.0,20177972.0,2190858,22368830.0,18318799,,1020462,,27178502,-183509,,,,26154603,88986823.0,0,0,,35.13,,16497966,62832220,7238000,,,,,,,,,,,,,,,,,,,,,,,,,,,,,,,,,,,,,,,,,,,,,,,,,,,,,,,,,,,,,,
2026,2,sii,2026-08-20,1231,聯華食,6783779.0,9534107.0,16317886.0,4885903.0,3912830,8798733.0,3282999,,93840,,26722,,,,,17897,7519153.0,,0,,25.13,,4097695,7501256,0,,,,,,,,,,,,,,,,,,,,,,,,,,,,,,,,,,,,,,,,,,,,,,,,,,,,,,,,,,,,,,
2026,2,sii,2026-08-20,1232,大統益,7829900.0,2885579.0,10715479.0,3809801.0,1164464,4974265.0,1599749,,23784,,7071,,,,,226434,5741214.0,0,0,,34.47,,3884176,5514780,0,,,,,,,,,,,,,,,,,,,,,,,,,,,,,,,,,,,,,,,,,,,,,,,,,,,,,,,,,,,,,,
2026,2,sii,2026-08-20,1233,天仁,703592.0,1495164.0,2198756.0,539690.0,251512,791202.0,905919,,5501,,-52386,-1974,,,,3186,1407554.0,0,0,,15.51,,547308,1404368,43000,,,,,,,,,,,,,,,,,,,,,,,,,,,,,,,,,,,,,,,,,,,,,,,,,,,,,,,,,,,,,,
2026,2,sii,2026-08-20,1234,黑松,9508518.0,14850646.0,24359164.0,3563115.0,2359934,5923049.0,4018711,,186936,,106884,,,,,,18436115.0,,0,,45.88,,14123584,18436115,0,,,,,,,,,,,,,,,,,,,,,,,,,,,,,,,,,,,,,,,,,,,,,,,,,,,,,,,,,,,,,,
2026,2,sii,2026-08-20,1235,興泰,816890.0,4320160.0,5137050.0,1888034.0,385571,2273605.0,1980067,,365671,,132930,-879488,,,,219875,2863445.0,,0,,58.15,,1044390,2643570,143117570,,,,,,,,,,,,,,,,,,,,,,,,,,,,,,,,,,,,,,,,,,,,,,,,,,,,,,,,,,,,,,
2026,2,sii,2026-08-20,1236,宏亞,678291.0,2897204.0,3575495.0,665281.0,297972,963253.0,866740,,34205,,358623,,,,,,2612242.0,,0,,30.14,,1352674,2612242,0,,,,,,,,,,,,,,,,,,,,,,,,,,,,,,,,,,,,,,,,,,,,,,,,,,,,,,,,,,,,,,
2026,2,sii,2026-08-20,1301,台塑,324650972.0,456310346.0,780961318.0,107764931.0,98934232,206699163.0,63657408,,11858579,,287999359,0,,0,,0,574262155.0,0,0,,90.21,0,210746809,574262155,0,,,,,,,,,,,,,,,,,,,,,,,,,,,,,,,,,,,,,,,,,,,,,,,,,,,,,,,,,,,,,,
2026,2,sii,2026-08-20,1303,南亞,208542666.0,514490784.0,723033450.0,117261172.0,108117928,225379100.0,79308216,,66909389,,66674117,,,,,19906577,497654350.0,0,0,,60.24,,264856051,477747773,0,,,,,,,,,,,,,,,,,,,,,,,,,,,,,,,,,,,,,,,,,,,,,,,,,,,,,,,,,,,,,,
2026,2,sii,2026-08-20,1304,台聚,24209025.0,40515168.0,64724193.0,13609949.0,16205511,29815460.0,11887635,,507007,,378374,-475606,,,,17299239,34908733.0,,0,,16.42,,5312084,17609494,116465574,,,,,,,,,,,,,,,,,,,,,,,,,,,,,,,,,,,,,,,,,,,,,,,,,,,,,,,,,,,,,,
2026,2,sii,2026-08-20,1305,華夏,4928771.0,13817408.0,18746179.0,3949384.0,6600574,10549958.0,5810505,,20652,,37454,,,,,497877,8196221.0,,0,,13.25,,1829733,7698344,0,,,,,,,,,,,,,,,,,,,,,,,,,,,,,,,,,,,,,,,,,,,,,,,,,,,,,,,,,,,,,,
2026,2,sii,2026-08-20,1307,三芳,10476605.0,8213600.0,18690205.0,5610263.0,3121104,8731367.0,3978181,,151602,,247128,,,,,,9958838.0,,0,,25.03,,5581927,9958838,0,,,,,,,,,,,,,,,,,,,,,,,,,,,,,,,,,,,,,,,,,,,,,,,,,,,,,,,,,,,,,,
2026,2,sii,2026-08-20,1308,亞聚,2827482.0,9522443.0,12349925.0,1188593.0,394093,1582686.0,5937438,,38934,,442890,,,,,,10767239.0,,0,,18.13,,4347977,10767239,0,,,,,,,,,,,,,,,,,,,,,,,,,,,,,,,,,,,,,,,,,,,,,,,,,,,,,,,,,,,,,,
2026,2,sii,2026-08-20,1309,台達化,5059209.0,3344709.0,8403918.0,2464957.0,561142,3026099.0,3975868,,3946,,182525,,,,,,5377819.0,,0,,13.53,,1215480,5377819,0,,,,,,,,,,,,,,,,,,,,,,,,,,,,,,,,,,,,,,,,,,,,,,,,,,,,,,,,,,,,,,
2026,2,sii,2026-08-20,1310,台苯,3205183.0,4822887.0,8028070.0,1394811.0,236100,1630911.0,5278698,,132479,,458401,,,,,126517,6397159.0,,0,,11.88,,401064,6270642,0,,,,,,,,,,,,,,,,,,,,,,,,,,,,,,,,,,,,,,,,,,,,,,,,,,,,,,,,,,,,,,
2026,2,sii,2026-08-20,1312,國喬,15168784.0,52528138.0,67696922.0,14038271.0,20356026,34394297.0,11304985,,1115550,,2789838,-49858,,,,3963300,33302625.0,,2770123,,26.02,,14178810,29339325,1776000,,,,,,,,,,,,,,,,,,,,,,,,,,,,,,,,,,,,,,,,,,,,,,,,,,,,,,,,,,,,,,
2026,2,sii,2026-08-20,1313,聯成,18522953.0,36151059.0,54674012.0,7822345.0,16732222,24554567.0,13308461,,1023246,,14459486,0,,,,,30119445.0,,0,,22.63,,1328252,30119445,0,,,,,,,,,,,,,,,,,,,,,,,,,,,,,,,,,,,,,,,,,,,,,,,,,,,,,,,,,,,,,,
2026,2,sii,2026-08-20,1314,中石化,57411806.0,67485324.0,124897130.0,34247882.0,15236258,49484140.0,37848502,,1582006,,-344337,,,,,48646,75412990.0,0,0,,19.91,,36278173,75364344,0,,,,,,,,,,,,,,,,,,,,,,,,,,,,,,,,,,,,,,,,,,,,,,,,,,,,,,,,,,,,,,
2026,2,sii,2026-08-20,1315,達新,10041652.0,4167033.0,14208685.0,462049.0,210234,672283.0,990990,,265556,,4560084,-83230,,,,35302,13536402.0,0,0,,141.33,,7767700,13501100,3572068,,,,,,,,,,,,,,,,,,,,,,,,,,,,,,,,,,,,,,,,,,,,,,,,,,,,,,,,,,,,,,
2026,2,sii,2026-08-20,1316,上曜,17716883.0,10652365.0,28369248.0,11716689.0,1729722,13446411.0,4016462,,1012229,,-786,-57476,,,,10561427,14922837.0,0,0,,12.01,,-609019,4361410,38583058,,,,,,,,,,,,,,,,,,,,,,,,,,,,,,,,,,,,,,,,,,,,,,,,,,,,,,,,,,,,,,
2026,2,sii,2026-08-20,1319,東陽,13853177.0,25505566.0,39358743.0,8877716.0,2851468,11729184.0,5914771,,4152199,,244460,,,,,600482,27629559.0,,0,,45.7,,16717647,27029077,0,,,,,,,,,,,,,,,,,,,,,,,,,,,,,,,,,,,,,,,,,,,,,,,,,,,,,,,,,,,,,,
2026,2,sii,2026-08-20,1321,大洋,2574305.0,9521353.0,12095658.0,1177709.0,4846913,6024622.0,2272283,,24018,,281292,-36189,,,,,6071036.0,0,0,,27.51,,3529632,6071036,6542716,,,,,,,,,,,,,,,,,,,,,,,,,,,,,,,,,,,,,,,,,,,,,,,,,,,,,,,,,,,,,,
2026,2,sii,2026-08-20,1323,永裕,2445355.0,2155194.0,4600549.0,885797.0,1065853,1951650.0,912745,,42557,,8801,,,,,,2648899.0,0,0,,29.02,,1684796,2648899,0,,,,,,,,,,,,,,,,,,,,,,,,,,,,,,,,,,,,,,,,,,,,,,,,,,,,,,,,,,,,,,
2026,2,sii,2026-08-20,1324,地球,707160.0,411080.0,1118240.0,197129.0,24769,221898.0,751219,,867,,-11445,,,,,,896342.0,0,0,,11.93,,155701,896342,0,,,,,,,,,,,,,,,,,,,,,,,,,,,,,,,,,,,,,,,,,,,,,,,,,,,,,,,,,,,,,,
2026,2,sii,2026-08-20,1325,恆大,1646155.0,1091581.0,2737736.0,34351.0,51878,86229.0,852812,,3694,,27185,,,,,78216,2651507.0,0,0,,30.17,,1689600,2573291,0,,,,,,,,,,,,,,,,,,,,,,,,,,,,,,,,,,,,,,,,,,,,,,,,,,,,,,,,,,,,,,
2026,2,sii,2026-08-20,1326,台化,333205189.0,394878818.0,728084007.0,117716786.0,52142195,169858981.0,58611863,,9291007,,255612501,-323952,,,,39360969,558225026.0,0,0,,88.71,,195672638,518864057,12169610,,,,,,,,,,,,,,,,,,,,,,,,,,,,,,,,,,,,,,,,,,,,,,,,,,,,,,,,,,,,,,
2026,2,sii,2026-08-20,1337,再生-KY,1426588.0,4933908.0,6360496.0,2710572.0,66728,2777300.0,2689547,,928344,,-97041,,,,,,3583196.0,,0,,13.32,,62346,3583196,0,,,,,,,,,,,,,,,,,,,,,,,,,,,,,,,,,,,,,,,,,,,,,,,,,,,,,,,,,,,,,,
2026,2,sii,2026-08-20,1339,昭輝,1803240.0,3381849.0,5185089.0,758596.0,202420,961016.0,741239,,1193369,,-104861,,,,,93767,4224073.0,0,0,,55.72,,2300559,4130306,0,,,,,,,,,,,,,,,,,,,,,,,,,,,,,,,,,,,,,,,,,,,,,,,,,,,,,,,,,,,,,,
2026,2,sii,2026-08-20,1342,八貫,2401248.0,1419476.0,3820724.0,1149859.0,420214,1570073.0,780009,,675743,,-5726,,,,,,2250651.0,,0,,28.85,,800625,,0,,,,,,,,,,,,,,,,,,,,,,,,,,,,,,,,,,,,,,,,,,,,,,,,,,,,,,,,,,,,,,
2026,2,sii,2026-08-20,1402,遠東新,171853943.0,517865038.0,689718981.0,171803884.0,203364703,375168587.0,53528751,,13492096,,10257213,-25063,,,,81743009,314550394.0,,0,,43.5,,155554388,232807385,779000,,,,,,,,,,,,,,,,,,,,,,,,,,,,,,,,,,,,,,,,,,,,,,,,,,,,,,,,,,,,,,
2026,2,sii,2026-08-20,1409,新纖,178175523.0,75813127.0,253988650.0,172336135.0,22232447,194568582.0,16184093,,2158818,,12841058,-134336,,,,11692711,,,0,,29.83,,16677724,47727357,18492487,,,,,,,,,,,,,,,,,,,,,,,,,,,,,,,,,,,,,,,,,,,,,59420068.0,,,,,,,,,,,,,,,,,
2026,2,sii,2026-08-20,1410,南染,657126.0,660455.0,1317581.0,54673.0,178580,233253.0,620000,,22967,,-3381,0,,,,33129,1084328.0,0,0,,16.95,,411613,1051199,0,,,,,,,,,,,,,,,,,,,,,,,,,,,,,,,,,,,,,,,,,,,,,,,,,,,,,,,,,,,,,,
2026,2,sii,2026-08-20,1413,宏洲,807201.0,1768477.0,2575678.0,592881.0,827626,1420507.0,1321124,,0,,-8703,,,,,,1155171.0,,0,,8.74,,-157250,,0,,,,,,,,,,,,,,,,,,,,,,,,,,,,,,,,,,,,,,,,,,,,,,,,,,,,,,,,,,,,,,
2026,2,sii,2026-08-20,1414,東和,937566.0,3265255.0,4202821.0,541961.0,678237,1220198.0,1980000,,,,-122410,,,,,,2982623.0,,0,,15.06,,1125033,2982623,0,,,,,,,,,,,,,,,,,,,,,,,,,,,,,,,,,,,,,,,,,,,,,,,,,,,,,,,,,,,,,,
2026,2,sii,2026-08-20,1416,廣豐,1528145.0,4897418.0,6425563.0,673828.0,1213238,1887066.0,1853422,,50055,,662598,,,,,70288,4538497.0,0,0,,24.11,,1902134,4468209,0,,,,,,,,,,,,,,,,,,,,,,,,,,,,,,,,,,,,,,,,,,,,,,,,,,,,,,,,,,,,,,
2026,2,sii,2026-08-20,1417,嘉裕,1623329.0,1136617.0,2759946.0,290859.0,104567,395426.0,1899419,,,,235263,,,,,,2364520.0,,0,,12.45,,229838,2364520,0,,,,,,,,,,,,,,,,,,,,,,,,,,,,,,,,,,,,,,,,,,,,,,,,,,,,,,,,,,,,,,
2026,2,sii,2026-08-20,1418,東華,1570626.0,3950293.0,5520919.0,200819.0,4180130,4380949.0,568343,,8008,,1551018,-80333,,,,-5,1139970.0,,0,,20.99,,-907061,1139975,2522865,,,,,,,,,,,,,,,,,,,,,,,,,,,,,,,,,,,,,,,,,,,,,,,,,,,,,,,,,,,,,,
2026,2,sii,2026-08-20,1419,新紡,7112345.0,20631391.0,27743736.0,3976035.0,980642,4956677.0,3000413,,70537,,10868842,-13174,,,,,22787059.0,,0,,76.15,,8860441,22787059,803829,,,,,,,,,,,,,,,,,,,,,,,,,,,,,,,,,,,,,,,,,,,,,,,,,,,,,,,,,,,,,,
2026,2,sii,2026-08-20,1423,利華,1304157.0,2687208.0,3991365.0,375867.0,199709,575576.0,996480,,106111,,1494574,,,,,,3415789.0,,0,,34.28,,818624,,0,,,,,,,,,,,,,,,,,,,,,,,,,,,,,,,,,,,,,,,,,,,,,,,,,,,,,,,,,,,,,,
2026,2,sii,2026-08-20,1432,大魯閣,1469997.0,2246608.0,3716605.0,1363693.0,843859,2207552.0,1080000,,296196,,-87609,,,,,182200,1509053.0,0,0,,12.29,,38266,1326853,0,,,,,,,,,,,,,,,,,,,,,,,,,,,,,,,,,,,,,,,,,,,,,,,,,,,,,,,,,,,,,,
2026,2,sii,2026-08-20,1434,福懋,16345497.0,47966502.0,64311999.0,6279917.0,9372752,15652669.0,16846646,,955061,,11030726,-19064,,,,,48659330.0,0,0,,28.92,,19845961,48659330,2193228,,,,,,,,,,,,,,,,,,,,,,,,,,,,,,,,,,,,,,,,,,,,,,,,,,,,,,,,,,,,,,
2026,2,sii,2026-08-20,1435,中福,303341.0,799900.0,1103241.0,7709.0,177804,185513.0,1397801,,125137,,-303921,,,,,,917728.0,,0,,6.57,,-301289,,0,,,,,,,,,,,,,,,,,,,,,,,,,,,,,,,,,,,,,,,,,,,,,,,,,,,,,,,,,,,,,,
2026,2,sii,2026-08-20,1436,華友聯,18824426.0,2135871.0,20960297.0,9586845.0,5091030,14677875.0,1941518,,1133116,,20550,,,,,733432,6282422.0,,0,,28.58,,2453806,5548990,0,,,,,,,,,,,,,,,,,,,,,,,,,,,,,,,,,,,,,,,,,,,,,,,,,,,,,,,,,,,,,,
2026,2,sii,2026-08-20,1437,勤益控,2566511.0,11543305.0,14109816.0,1379284.0,4153596,5532880.0,2018713,,410786,,453527,-13690,,,,2015,8576936.0,0,0,,42.57,,5705585,8574921,455000,,,,,,,,,,,,,,,,,,,,,,,,,,,,,,,,,,,,,,,,,,,,,,,,,,,,,,,,,,,,,,
2026,2,sii,2026-08-20,1438,三地開發,14220774.0,485018.0,14705792.0,10325324.0,1238857,11564181.0,1201022,,1621262,,-7386,,,,,,3141611.0,,0,,28.25,,326713,,0,,,,,,,,,,,,,,,,,,,,,,,,,,,,,,,,,,,,,,,,,,,,,,,,,,,,,,,,,,,,,,
2026,2,sii,2026-08-20,1439,雋揚,3826267.0,2452342.0,6278609.0,2304038.0,487131,2791169.0,920000,,229264,,-159847,,,,,473342,3487440.0,,0,,32.76,,2024681,3014098,0,,,,,,,,,,,,,,,,,,,,,,,,,,,,,,,,,,,,,,,,,,,,,,,,,,,,,,,,,,,,,,
2026,2,sii,2026-08-20,1440,南紡,12454933.0,33773727.0,46228660.0,9103859.0,8143165,17247024.0,16568159,,69088,,1270806,,,,,357516,28981636.0,0,0,,17.28,,10716067,28624120,0,,,,,,,,,,,,,,,,,,,,,,,,,,,,,,,,,,,,,,,,,,,,,,,,,,,,,,,,,,,,,,
2026,2,sii,2026-08-20,1441,大東,617237.0,671991.0,1289228.0,673401.0,252320,925721.0,717444,,26394,,-61286,,,,,0,363507.0,0,0,,5.07,,-319045,363507,0,,,,,,,,,,,,,,,,,,,,,,,,,,,,,,,,,,,,,,,,,,,,,,,,,,,,,,,,,,,,,,
2026,2,sii,2026-08-20,1442,名軒,13711502.0,1293336.0,15004838.0,4180854.0,3436732,7617586.0,3662113,,991852,,17371,,,,,,7387252.0,,0,,20.17,,2715916,7387252,0,,,,,,,,,,,,,,,,,,,,,,,,,,,,,,,,,,,,,,,,,,,,,,,,,,,,,,,,,,,,,,
2026,2,sii,2026-08-20,1443,立益物流,591046.0,7403418.0,7994464.0,2494698.0,3568269,6062967.0,1353430,,701,,722239,,,,,-456405,1931497.0,0,0,,17.64,,311532,2387902,0,,,,,,,,,,,,,,,,,,,,,,,,,,,,,,,,,,,,,,,,,,,,,,,,,,,,,,,,,,,,,,
2026,2,sii,2026-08-20,1444,力麗,6650963.0,13848293.0,20499256.0,7526387.0,1685044,9211431.0,9955950,,128521,,-193471,-28470,,,,1260243,11287825.0,,0,,10.19,,165052,10027582,11204989,,,,,,,,,,,,,,,,,,,,,,,,,,,,,,,,,,,,,,,,,,,,,,,,,,,,,,,,,,,,,,
2026,2,sii,2026-08-20,1445,大宇,653284.0,3766070.0,4419354.0,306419.0,1979370,2285789.0,1306660,,1712,,197889,,,,,,2133565.0,,0,,16.33,,627304,2133565,0,,,,,,,,,,,,,,,,,,,,,,,,,,,,,,,,,,,,,,,,,,,,,,,,,,,,,,,,,,,,,,
2026,2,sii,2026-08-20,1446,宏和,2744628.0,406900.0,3151528.0,476370.0,2959,479329.0,1377095,,6584,,23001,0,,,,0,2672199.0,0,0,,19.4,,1265519,2672199,0,,,,,,,,,,,,,,,,,,,,,,,,,,,,,,,,,,,,,,,,,,,,,,,,,,,,,,,,,,,,,,
2026,2,sii,2026-08-20,1447,力鵬,7902916.0,9404449.0,17307365.0,6326103.0,1910539,8236642.0,9100712,,226353,,-455868,-287142,,,,958940,9070723.0,,0,,9.62,,-472272,8111783,66529106,,,,,,,,,,,,,,,,,,,,,,,,,,,,,,,,,,,,,,,,,,,,,,,,,,,,,,,,,,,,,,
2026,2,sii,2026-08-20,1449,佳和,3233958.0,5235874.0,8469832.0,3035673.0,2316231,5351904.0,1283857,,122309,,864771,,,,,649141,3117928.0,,0,,19.42,,197850,2468787,0,,,,,,,,,,,,,,,,,,,,,,,,,,,,,,,,,,,,,,,,,,,,,,,,,,,,,,,,,,,,,,
2026,2,sii,2026-08-20,1451,年興,5599947.0,3272283.0,8872230.0,1128434.0,348666,1477100.0,1980000,,419716,,-485756,,,,,,7395130.0,,0,,37.35,,5481170,7395130,0,,,,,,,,,,,,,,,,,,,,,,,,,,,,,,,,,,,,,,,,,,,,,,,,,,,,,,,,,,,,,,
2026,2,sii,2026-08-20,1452,宏益,2041043.0,868103.0,2909146.0,139061.0,47804,186865.0,1326414,,156172,,309128,,,,,,2722281.0,,0,,20.52,,930567,2722281,0,,,,,,,,,,,,,,,,,,,,,,,,,,,,,,,,,,,,,,,,,,,,,,,,,,,,,,,,,,,,,,
2026,2,sii,2026-08-20,1453,大將,2938162.0,183494.0,3121656.0,1446454.0,158883,1605337.0,1166404,,2762,,,,,,,13452,1516319.0,,0,,13.27,,333701,1502867,0,,,,,,,,,,,,,,,,,,,,,,,,,,,,,,,,,,,,,,,,,,,,,,,,,,,,,,,,,,,,,,
2026,2,sii,2026-08-20,1454,台富,993052.0,951422.0,1944474.0,629878.0,9971,639849.0,1298338,,57557,,-21917,-77032,,,,0,1304625.0,,0,,10.68,,47679,1304625,7714103,,,,,,,,,,,,,,,,,,,,,,,,,,,,,,,,,,,,,,,,,,,,,,,,,,,,,,,,,,,,,,
2026,2,sii,2026-08-20,1455,集盛,3773808.0,6212018.0,9985826.0,2025999.0,1753649,3779648.0,5316884,,11717,,70981,,,,,,6206178.0,,0,,11.67,,806596,6206178,0,,,,,,,,,,,,,,,,,,,,,,,,,,,,,,,,,,,,,,,,,,,,,,,,,,,,,,,,,,,,,,
2026,2,sii,2026-08-20,1456,怡華,10464710.0,3049318.0,13514028.0,9158478.0,2519189,11677667.0,937200,,18377,,,,,,,,1836361.0,0,0,,19.59,,880784,1836361,0,,,,,,,,,,,,,,,,,,,,,,,,,,,,,,,,,,,,,,,,,,,,,,,,,,,,,,,,,,,,,,
2026,2,sii,2026-08-20,1457,宜進,2087425.0,14692070.0,16779495.0,2320450.0,5745565,8066015.0,3167300,,562824,,7385,-349848,,,,3442870,8713480.0,0,0,,22.57,,1882949,5270610,83211323,,,,,,,,,,,,,,,,,,,,,,,,,,,,,,,,,,,,,,,,,,,,,,,,,,,,,,,,,,,,,,
2026,2,sii,2026-08-20,1459,聯發,2722029.0,2504902.0,5226931.0,2028388.0,88910,2117298.0,2689717,,305962,,-118921,-425784,,,,608,3109633.0,89657227,0,,13.06,,658051,3109025,30858397,,,,,,,,,,,,,,,,,,,,,,,,,,,,,,,,,,,,,,,,,,,,,,,,,,,,,,,,,,,,,,
2026,2,sii,2026-08-20,1460,宏遠,5427068.0,5355319.0,10782387.0,3891542.0,1255581,5147123.0,6946434,,115943,,37458,-332836,,,,5,5635264.0,,0,,8.36,,-1131740,5635259,20177533,,,,,,,,,,,,,,,,,,,,,,,,,,,,,,,,,,,,,,,,,,,,,,,,,,,,,,,,,,,,,,
2026,2,sii,2026-08-20,1463,強盛新,1995193.0,1173041.0,3168234.0,369094.0,123182,492276.0,1732684,,414531,,30083,-22714,,,,109649,2675958.0,0,0,,14.96,,411725,2566309,1676795,,,,,,,,,,,,,,,,,,,,,,,,,,,,,,,,,,,,,,,,,,,,,,,,,,,,,,,,,,,,,,
2026,2,sii,2026-08-20,1464,得力,8917180.0,8506024.0,17423204.0,8358195.0,2977342,11335537.0,4255757,,599159,,-466115,-27494,,,,696550,6087667.0,,0,,12.74,,1029810,5391117,2548653,,,,,,,,,,,,,,,,,,,,,,,,,,,,,,,,,,,,,,,,,,,,,,,,,,,,,,,,,,,,,,
2026,2,sii,2026-08-20,1465,偉全,1132583.0,594165.0,1726748.0,132190.0,34013,166203.0,1036073,,269229,,-14515,,,,,,1560545.0,,0,,15.06,,269758,,0,,,,,,,,,,,,,,,,,,,,,,,,,,,,,,,,,,,,,,,,,,,,,,,,,,,,,,,,,,,,,,
2026,2,sii,2026-08-20,1466,聚隆,1533580.0,2106351.0,3639931.0,492895.0,1489506,1982401.0,1111573,,421361,,-6200,0,,0,,89823,1657530.0,,0,,14.1,,40973,1567707,0,,,,,,,,,,,,,,,,,,,,,,,,,,,,,,,,,,,,,,,,,,,,,,,,,,,,,,,,,,,,,,
2026,2,sii,2026-08-20,1467,南緯,4924787.0,4213324.0,9138111.0,3901276.0,2224484,6125760.0,2336247,,145999,,232923,-26145,,,,174407,3012351.0,0,0,,12.3,,148920,2837944,2950000,,,,,,,,,,,,,,,,,,,,,,,,,,,,,,,,,,,,,,,,,,,,,,,,,,,,,,,,,,,,,,
2026,2,sii,2026-08-20,1468,昶和,2059163.0,1193531.0,3252694.0,1305511.0,412047,1717558.0,1604053,,26753,,80812,,,,,77677,1535136.0,,0,,9.09,,-254159,1457459,0,,,,,,,,,,,,,,,,,,,,,,,,,,,,,,,,,,,,,,,,,,,,,,,,,,,,,,,,,,,,,,
2026,2,sii,2026-08-20,1470,大統新創,657112.0,549117.0,1206229.0,188829.0,9184,198013.0,857670,,7317,,-663,,,,,,1008216.0,,0,,11.76,,143892,1008216,0,,,,,,,,,,,,,,,,,,,,,,,,,,,,,,,,,,,,,,,,,,,,,,,,,,,,,,,,,,,,,,
2026,2,sii,2026-08-20,1471,首利,1399867.0,291459.0,1691326.0,83482.0,41069,124551.0,1504145,,0,,78518,,,,,106841,1566775.0,0,0,,9.71,,-122729,1459934,0,,,,,,,,,,,,,,,,,,,,,,,,,,,,,,,,,,,,,,,,,,,,,,,,,,,,,,,,,,,,,,
2026,2,sii,2026-08-20,1472,三洋實業,4239132.0,982782.0,5221914.0,2697901.0,273729,2971630.0,524881,,837670,,30173,,,,,74860,2250284.0,,0,,41.45,,782700,2175424,0,,,,,,,,,,,,,,,,,,,,,,,,,,,,,,,,,,,,,,,,,,,,,,,,,,,,,,,,,,,,,,
2026,2,sii,2026-08-20,1473,台南,3393722.0,2514684.0,5908406.0,1771129.0,277786,2048915.0,1461535,,824543,,43305,,,,,,3859491.0,0,0,,26.41,,1530108,3859491,0,,,,,,,,,,,,,,,,,,,,,,,,,,,,,,,,,,,,,,,,,,,,,,,,,,,,,,,,,,,,,,
2026,2,sii,2026-08-20,1474,弘裕,2050236.0,1721497.0,3771733.0,969022.0,603770,1572792.0,1298970,,66368,,-2084,,,,,16801,2198941.0,0,0,,16.8,,818886,2182140,0,,,,,,,,,,,,,,,,,,,,,,,,,,,,,,,,,,,,,,,,,,,,,,,,,,,,,,,,,,,,,,
2026,2,sii,2026-08-20,1475,業旺,1765818.0,392927.0,2158745.0,494735.0,139248,633983.0,660168,,128834,,4927,,,,,,1524762.0,0,0,,23.1,,730833,1524762,0,,,,,,,,,,,,,,,,,,,,,,,,,,,,,,,,,,,,,,,,,,,,,,,,,,,,,,,,,,,,,,
2026,2,sii,2026-08-20,1476,儒鴻,24664655.0,13518372.0,38183027.0,9003839.0,160506,9164345.0,2743671,,3769803,,296247,,,,,,29018682.0,,0,,105.77,,22208961,29018682,0,,,,,,,,,,,,,,,,,,,,,,,,,,,,,,,,,,,,,,,,,,,,,,,,,,,,,,,,,,,,,,
2026,2,sii,2026-08-20,1477,聚陽,16020657.0,7946047.0,23966704.0,8894674.0,1182508,10077182.0,2466937,,6166333,,138233,,,,,100877,13889522.0,0,0,,55.89,,5017142,13788645,0,,,,,,,,,,,,,,,,,,,,,,,,,,,,,,,,,,,,,,,,,,,,,,,,,,,,,,,,,,,,,,
2026,2,sii,2026-08-20,1503,士電,29775744.0,34211188.0,63986932.0,21926401.0,2465027,24391428.0,5209722,,2837634,,7684700,,,,,899527,39595504.0,,0,,74.28,,22963921,38695977,0,,,,,,,,,,,,,,,,,,,,,,,,,,,,,,,,,,,,,,,,,,,,,,,,,,,,,,,,,,,,,,
2026,2,sii,2026-08-20,1504,東元,65078785.0,91408640.0,156487425.0,29912737.0,23017678,52930415.0,23764407,,24217598,,13681896,-608077,,,,7343090,103557010.0,0,0,,41.02,,35158096,96213920,31060000,,,,,,,,,,,,,,,,,,,,,,,,,,,,,,,,,,,,,,,,,,,,,,,,,,,,,,,,,,,,,,
2026,2,sii,2026-08-20,1506,正道,809239.0,2504891.0,3314130.0,343902.0,89962,433864.0,3003885,,424736,,-117824,,,,,76263,2880266.0,,0,,9.33,,-506794,2804003,0,,,,,,,,,,,,,,,,,,,,,,,,,,,,,,,,,,,,,,,,,,,,,,,,,,,,,,,,,,,,,,
2026,2,sii,2026-08-20,1512,瑞利,1029738.0,1704062.0,2733800.0,401248.0,1661252,2062500.0,981835,,,,568702,,,,,,671300.0,0,0,,6.84,,-879237,671300,0,,,,,,,,,,,,,,,,,,,,,,,,,,,,,,,,,,,,,,,,,,,,,,,,,,,,,,,,,,,,,,
2026,2,sii,2026-08-20,1513,中興電,23129672.0,25344564.0,48474236.0,21825736.0,5467634,27293370.0,5031125,,3193671,,4137518,-116880,,,,358175,21180866.0,,0,,42.14,,8577257,20822691,9038676,,,,,,,,,,,,,,,,,,,,,,,,,,,,,,,,,,,,,,,,,,,,,,,,,,,,,,,,,,,,,,
2026,2,sii,2026-08-20,1514,亞力,10963202.0,3056490.0,14019692.0,6240677.0,1408501,7649178.0,2785707,,1113616,,39045,-30866,,,,69318,6370514.0,,0,,23.26,,2393694,6301196,2238551,,,,,,,,,,,,,,,,,,,,,,,,,,,,,,,,,,,,,,,,,,,,,,,,,,,,,,,,,,,,,,
2026,2,sii,2026-08-20,1515,力山,3466527.0,4675393.0,8141920.0,3597428.0,618447,4215875.0,1814735,,586,,-95175,,,,,24439,3926045.0,0,0,,21.5,,2181460,3901606,0,,,,,,,,,,,,,,,,,,,,,,,,,,,,,,,,,,,,,,,,,,,,,,,,,,,,,,,,,,,,,,
2026,2,sii,2026-08-20,1516,川飛,139331.0,64671.0,204002.0,2568.0,0,2568.0,400082,,20185,,-6022,,,,,,201434.0,,0,,5.03,,-212811,,0,,,,,,,,,,,,,,,,,,,,,,,,,,,,,,,,,,,,,,,,,,,,,,,,,,,,,,,,,,,,,,
2026,2,sii,2026-08-20,1517,利奇,3098208.0,1263960.0,4362168.0,777045.0,146844,923889.0,2200000,,68150,,37069,0,,,,86800,3438279.0,,0,,15.23,,1046260,3351479,0,,,,,,,,,,,,,,,,,,,,,,,,,,,,,,,,,,,,,,,,,,,,,,,,,,,,,,,,,,,,,,
2026,2,sii,2026-08-20,1519,華城,25524732.0,7563486.0,33088218.0,17442015.0,6248707,23690722.0,3474689,,130862,,-83079,,,,,192457,9397496.0,,0,,29.14,,5682567,9205039,0,,,,,,,,,,,,,,,,,,,,,,,,,,,,,,,,,,,,,,,,,,,,,,,,,,,,,,,,,,,,,,
2026,2,sii,2026-08-20,1521,大億,2184391.0,940654.0,3125045.0,1146409.0,98446,1244855.0,762300,,61500,,0,,,,,,1880190.0,0,0,,24.66,,1056390,1880190,0,,,,,,,,,,,,,,,,,,,,,,,,,,,,,,,,,,,,,,,,,,,,,,,,,,,,,,,,,,,,,,
2026,2,sii,2026-08-20,1522,堤維西,18306754.0,20552428.0,38859182.0,17061031.0,11819633,28880664.0,3428979,,2620231,,200629,-5996,,,,411582,9978518.0,0,0,,27.98,,3323093,9566936,939707,,,,,,,,,,,,,,,,,,,,,,,,,,,,,,,,,,,,,,,,,,,,,,,,,,,,,,,,,,,,,,
2026,2,sii,2026-08-20,1524,耿鼎,1639654.0,3632923.0,5272577.0,960805.0,1344305,2305110.0,1653104,,1147,,66157,0,,0,0,,2967467.0,0,0,,17.95,,1247059,,0,,,,,,,,,,,,,,,,,,,,,,,,,,,,,,,,,,,,,,,,,,,,,,,,,,,,,,,,,,,,,,
2026,2,sii,2026-08-20,1525,江申,2844101.0,3083005.0,5927106.0,652347.0,286672,939019.0,734001,,1251,,-80321,,,,,,4988087.0,,0,,67.96,,4333156,4988087,0,,,,,,,,,,,,,,,,,,,,,,,,,,,,,,,,,,,,,,,,,,,,,,,,,,,,,,,,,,,,,,
2026,2,sii,2026-08-20,1526,日馳,1427036.0,859762.0,2286798.0,817046.0,152624,969670.0,600000,,95120,,24842,,,,,,1317128.0,,0,,21.95,,597166,1317128,0,,,,,,,,,,,,,,,,,,,,,,,,,,,,,,,,,,,,,,,,,,,,,,,,,,,,,,,,,,,,,,
2026,2,sii,2026-08-20,1527,鑽全,4108728.0,1637477.0,5746205.0,876442.0,46222,922664.0,1385706,,26959,,56014,,,,,,4823541.0,,0,,34.81,,3354862,,0,,,,,,,,,,,,,,,,,,,,,,,,,,,,,,,,,,,,,,,,,,,,,,,,,,,,,,,,,,,,,,
2026,2,sii,2026-08-20,1528,恩德,3749011.0,1757027.0,5506038.0,2778377.0,557298,3335675.0,1913310,,199445,,1587,,,,,48155,2170363.0,,0,,11.09,,7866,2122208,0,,,,,,,,,,,,,,,,,,,,,,,,,,,,,,,,,,,,,,,,,,,,,,,,,,,,,,,,,,,,,,
2026,2,sii,2026-08-20,1529,樂事綠能,859295.0,2371796.0,3231091.0,463242.0,879722,1342964.0,1628498,,32943,,-9367,0,,0,,71550,1888127.0,,0,,11.71,,164503,1816577,0,,,,,,,,,,,,,,,,,,,,,,,,,,,,,,,,,,,,,,,,,,,,,,,,,,,,,,,,,,,,,,
2026,2,sii,2026-08-20,1530,亞崴,3284197.0,2498965.0,5783162.0,2156512.0,300825,2457337.0,1031076,,98599,,26340,0,,,,88870,3325825.0,0,0,,34.22,,2080940,3236955,0,,,,,,,,,,,,,,,,,,,,,,,,,,,,,,,,,,,,,,,,,,,,,,,,,,,,,,,,,,,,,,
2026,2,sii,2026-08-20,1531,高林股,3258516.0,1398249.0,4656765.0,885849.0,293123,1178972.0,1821081,,17296,,-45848,,,,,,3477793.0,0,0,,19.1,,1685264,3477793,0,,,,,,,,,,,,,,,,,,,,,,,,,,,,,,,,,,,,,,,,,,,,,,,,,,,,,,,,,,,,,,
2026,2,sii,2026-08-20,1532,勤美,36657257.0,18382851.0,55040108.0,25724135.0,9968542,35692677.0,4226043,,2534806,,554227,-163070,,,,4197232,19347431.0,0,0,,36.4,,7998193,15150199,6341000,,,,,,,,,,,,,,,,,,,,,,,,,,,,,,,,,,,,,,,,,,,,,,,,,,,,,,,,,,,,,,
2026,2,sii,2026-08-20,1533,車王電,6815378.0,3437919.0,10253297.0,4408280.0,2783780,7192060.0,985475,,367260,,-186198,,,,,582807,3061237.0,0,0,,25.15,,1311893,2478430,0,,,,,,,,,,,,,,,,,,,,,,,,,,,,,,,,,,,,,,,,,,,,,,,,,,,,,,,,,,,,,,
2026,2,sii,2026-08-20,1535,中宇,5090158.0,2417433.0,7507591.0,3536276.0,238507,3774783.0,1237426,,631028,,-63449,,,,,,3732808.0,,0,,30.17,,1927803,3732808,0,,,,,,,,,,,,,,,,,,,,,,,,,,,,,,,,,,,,,,,,,,,,,,,,,,,,,,,,,,,,,,
2026,2,sii,2026-08-20,1536,和大,5706496.0,15421908.0,21128404.0,7037115.0,6518204,13555319.0,2789595,,3896081,,-41787,0,,,,156251,7573085.0,,0,,26.59,,772945,7416834,0,,,,,,,,,,,,,,,,,,,,,,,,,,,,,,,,,,,,,,,,,,,,,,,,,,,,,,,,,,,,,,
2026,2,sii,2026-08-20,1537,廣隆,5119129.0,1122955.0,6242084.0,1604750.0,408856,2013606.0,820628,,701478,,217790,,,,,,4228478.0,0,0,,51.53,,2488582,4228478,0,,,,,,,,,,,,,,,,,,,,,,,,,,,,,,,,,,,,,,,,,,,,,,,,,,,,,,,,,,,,,,
2026,2,sii,2026-08-20,1538,正峰,98450.0,147306.0,245756.0,93553.0,34055,127608.0,323000,,10792,,-20687,,,,,744,118148.0,0,0,,3.63,,-195701,117404,0,,,,,,,,,,,,,,,,,,,,,,,,,,,,,,,,,,,,,,,,,,,,,,,,,,,,,,,,,,,,,,
2026,2,sii,2026-08-20,1539,巨庭,1117471.0,1128959.0,2246430.0,467240.0,168788,636028.0,653700,,0,,3076,,,,,0,1610402.0,0,0,,24.64,,953626,1610402,0,,,,,,,,,,,,,,,,,,,,,,,,,,,,,,,,,,,,,,,,,,,,,,,,,,,,,,,,,,,,,,
2026,2,sii,2026-08-20,1540,喬福,1311526.0,327325.0,1638851.0,217081.0,7359,224440.0,854736,,154252,,,,,,,,1414411.0,0,0,,16.55,,405423,,0,,,,,,,,,,,,,,,,,,,,,,,,,,,,,,,,,,,,,,,,,,,,,,,,,,,,,,,,,,,,,,
2026,2,sii,2026-08-20,1541,錩泰,1948195.0,1185985.0,3134180.0,546925.0,421581,968506.0,788000,,1364,,7461,0,,,,0,2165674.0,0,0,,27.48,,1368849,2165674,0,,,,,,,,,,,,,,,,,,,,,,,,,,,,,,,,,,,,,,,,,,,,,,,,,,,,,,,,,,,,,,
2026,2,sii,2026-08-20,1558,伸興,8181806.0,6002586.0,14184392.0,3105942.0,2388142,5494084.0,645356,,1731738,,-298782,0,,,,3488442,8690308.0,0,0,,80.6,,3123554,5201866,0,,,,,,,,,,,,,,,,,,,,,,,,,,,,,,,,,,,,,,,,,,,,,,,,,,,,,,,,,,,,,,
2026,2,sii,2026-08-20,1560,中砂,6508815.0,8385713.0,14894528.0,3919381.0,1538590,5457971.0,1502895,,2249217,,-70898,,,,,328519,9436557.0,,0,,60.6,,5426824,9108038,0,,,,,,,,,,,,,,,,,,,,,,,,,,,,,,,,,,,,,,,,,,,,,,,,,,,,,,,,,,,,,,
2026,2,sii,2026-08-20,1563,巧新,10756320.0,8993707.0,19750027.0,5645538.0,5778726,11424264.0,2256081,,2150485,,-6275,-515173,,,,45116,8325763.0,0,0,,38.14,,4395529,8280647,8520000,,,,,,,,,,,,,,,,,,,,,,,,,,,,,,,,,,,,,,,,,,,,,,,,,,,,,,,,,,,,,,
2026,2,sii,2026-08-20,1568,倉佑,1010212.0,1566683.0,2576895.0,405546.0,28939,434485.0,1030865,,159517,,-2480,0,,0,,243406,2142410.0,,0,,18.42,0,711102,1899004,0,,,,,,,,,,,,,,,,,,,,,,,,,,,,,,,,,,,,,,,,,,,,,,,,,,,,,,,,,,,,,,
2026,2,sii,2026-08-20,1582,信錦,9673111.0,3642989.0,13316100.0,4945667.0,783563,5729230.0,1442686,,3366996,,-133456,,,,,211029,7586870.0,,0,,51.13,,2699615,7375841,0,,,,,,,,,,,,,,,,,,,,,,,,,,,,,,,,,,,,,,,,,,,,,,,,,,,,,,,,,,,,,,
2026,2,sii,2026-08-20,1583,程泰,9054115.0,5114044.0,14168159.0,5357782.0,1568297,6926079.0,1192464,,325655,,-41316,0,,,,1572834,7242080.0,0,0,,51.82,,4192443,5669246,0,,,,,,,,,,,,,,,,,,,,,,,,,,,,,,,,,,,,,,,,,,,,,,,,,,,,,,,,,,,,,,
2026,2,sii,2026-08-20,1587,吉茂,2250512.0,1367559.0,3618071.0,1804579.0,195945,2000524.0,800556,,546969,,26339,,,,,,1617547.0,0,0,,20.21,,243683,1617547,0,,,,,,,,,,,,,,,,,,,,,,,,,,,,,,,,,,,,,,,,,,,,,,,,,,,,,,,,,,,,,,
2026,2,sii,2026-08-20,1590,亞德客-KY,33420004.0,32610552.0,66030556.0,10942329.0,265419,11207748.0,2000000,,14847244,,2132886,,,,,6048,54822808.0,,0,,274.08,,35836630,54816760,0,,,,,,,,,,,,,,,,,,,,,,,,,,,,,,,,,,,,,,,,,,,,,,,,,,,,,,,,,,,,,,
2026,2,sii,2026-08-20,1597,直得,2063716.0,2225400.0,4289116.0,845659.0,973490,1819149.0,892619,,446121,,5787,-147570,,,,,2469967.0,0,0,,28.31,,1273010,2469967,2000000,,,,,,,,,,,,,,,,,,,,,,,,,,,,,,,,,,,,,,,,,,,,,,,,,,,,,,,,,,,,,,
2026,2,sii,2026-08-20,1598,岱宇,4305180.0,5355254.0,9660434.0,3832044.0,1369887,5201931.0,1791420,,2795446,,-50844,-499354,,,,332766,4458503.0,0,0,,25.24,,89069,4125737,15706000,,,,,,,,,,,,,,,,,,,,,,,,,,,,,,,,,,,,,,,,,,,,,,,,,,,,,,,,,,,,,,
2026,2,sii,2026-08-20,1603,華電,7996148.0,4575056.0,12571204.0,3640248.0,750977,4391225.0,1916880,,654215,,1180334,-2244172,,,,144317,8179979.0,,0,,50.59,,6528405,8035662,32841809,,,,,,,,,,,,,,,,,,,,,,,,,,,,,,,,,,,,,,,,,,,,,,,,,,,,,,,,,,,,,,
2026,2,sii,2026-08-20,1604,聲寶,4507351.0,16027776.0,20535127.0,3896376.0,7144782,11041158.0,3842000,,284522,,448088,-777873,,,,497576,9493969.0,0,0,,24.73,,5199656,8996393,20431605,,,,,,,,,,,,,,,,,,,,,,,,,,,,,,,,,,,,,,,,,,,,,,,,,,,,,,,,,,,,,,
2026,2,sii,2026-08-20,1605,華新,97954141.0,252439577.0,350393718.0,66432098.0,69494800,135926898.0,44313329,,37901904,,51073225,,,,,10072553,214466820.0,,0,,46.12,,71105809,204394267,0,,,,,,,,,,,,,,,,,,,,,,,,,,,,,,,,,,,,,,,,,,,,,,,,,,,,,,,,,,,,,,
2026,2,sii,2026-08-20,1608,華榮,10372490.0,9639655.0,20012145.0,6546921.0,937097,7484018.0,6327735,,435453,,-18130,-968671,,,,1225895,12528127.0,,0,,26.64,,5525845,11302232,208563824,,,,,,,,,,,,,,,,,,,,,,,,,,,,,,,,,,,,,,,,,,,,,,,,,,,,,,,,,,,,,,
2026,2,sii,2026-08-20,1609,大亞,28766656.0,38390036.0,67156692.0,18974323.0,26895931,45870254.0,7852619,,2344411,,1168472,-12787,,0,,2655796,21286438.0,,0,,23.8,0,7277927,18630642,2317419,,,,,,,,,,,,,,,,,,,,,,,,,,,,,,,,,,,,,,,,,,,,,,,,,,,,,,,,,,,,,,
2026,2,sii,2026-08-20,1611,中電,1766772.0,3300267.0,5067039.0,802357.0,223366,1025723.0,3227358,,8649,,108001,,,,,,4041316.0,,0,,12.52,,697308,4041316,0,,,,,,,,,,,,,,,,,,,,,,,,,,,,,,,,,,,,,,,,,,,,,,,,,,,,,,,,,,,,,,
2026,2,sii,2026-08-20,1612,宏泰,6287571.0,5105116.0,11392687.0,1880703.0,147173,2027876.0,3160801,,200074,,1163490,,,,,1323,9364811.0,,0,,29.62,,4839123,9363488,0,,,,,,,,,,,,,,,,,,,,,,,,,,,,,,,,,,,,,,,,,,,,,,,,,,,,,,,,,,,,,,
2026,2,sii,2026-08-20,1614,三洋電,2824462.0,4639039.0,7463501.0,1311395.0,450746,1762141.0,2691134,,309456,,220375,-132298,,,,44889,5701360.0,0,0,,21.85,,2567804,5656471,10182744,,,,,,,,,,,,,,,,,,,,,,,,,,,,,,,,,,,,,,,,,,,,,,,,,,,,,,,,,,,,,,
2026,2,sii,2026-08-20,1615,大山,3932434.0,2683523.0,6615957.0,1736165.0,183195,1919360.0,1986303,,0,,579969,,,,,,4696597.0,,0,,23.88,,2130325,4696597,0,,,,,,,,,,,,,,,,,,,,,,,,,,,,,,,,,,,,,,,,,,,,,,,,,,,,,,,,,,,,,,
2026,2,sii,2026-08-20,1616,億泰,3526510.0,951039.0,4477549.0,2406488.0,13690,2420178.0,1941485,,10869,,11187,-85077,,,,,2057371.0,,0,,10.86,,178907,2057371,4654499,,,,,,,,,,,,,,,,,,,,,,,,,,,,,,,,,,,,,,,,,,,,,,,,,,,,,,,,,,,,,,
2026,2,sii,2026-08-20,1617,榮星,2235423.0,1134782.0,3370205.0,961969.0,76326,1038295.0,1695147,,257098,,-38982,0,,,,5559,2331910.0,0,0,,13.72,,413088,2326351,0,,,,,,,,,,,,,,,,,,,,,,,,,,,,,,,,,,,,,,,,,,,,,,,,,,,,,,,,,,,,,,
2026,2,sii,2026-08-20,1618,合機,4983144.0,4046213.0,9029357.0,2171361.0,67827,2239188.0,1926917,,61488,,1090842,,,,,,6790169.0,,0,,35.24,,3710922,6790169,0,,,,,,,,,,,,,,,,,,,,,,,,,,,,,,,,,,,,,,,,,,,,,,,,,,,,,,,,,,,,,,
2026,2,sii,2026-08-20,1623,大東電,6296646.0,1637492.0,7934138.0,2933451.0,898381,3831832.0,660000,,1960947,,39333,,,,,,4102306.0,0,0,,62.16,,1442026,,0,,,,,,,,,,,,,,,,,,,,,,,,,,,,,,,,,,,,,,,,,,,,,,,,,,,,,,,,,,,,,,
2026,2,sii,2026-08-20,1626,艾美特-KY,6855773.0,3117032.0,9972805.0,6924746.0,340450,7265196.0,1498217,,1198630,,-102738,,,,,,2707609.0,0,0,,18.07,,113500,2707609,0,,,,,,,,,,,,,,,,,,,,,,,,,,,,,,,,,,,,,,,,,,,,,,,,,,,,,,,,,,,,,,
2026,2,sii,2026-08-20,1702,南僑,14275730.0,19302348.0,33578078.0,10145282.0,7809793,17955075.0,2941330,,5293396,,349307,-530114,,,,3608398,15623003.0,,0,,48.43,,3960686,12014605,46041259,,,,,,,,,,,,,,,,,,,,,,,,,,,,,,,,,,,,,,,,,,,,,,,,,,,,,,,,,,,,,,
2026,2,sii,2026-08-20,1707,葡萄王,5034072.0,9968115.0,15002187.0,3170198.0,228188,3398386.0,1481374,,2883906,,25823,,,,,1365757,11603801.0,,0,,69.11,,5846941,10238044,0,,,,,,,,,,,,,,,,,,,,,,,,,,,,,,,,,,,,,,,,,,,,,,,,,,,,,,,,,,,,,,
2026,2,sii,2026-08-20,1708,東鹼,3399209.0,9176159.0,12575368.0,3258071.0,1698906,4956977.0,2490017,,57838,,195631,,,,,,7618391.0,,0,,30.6,,4874905,7618391,0,,,,,,,,,,,,,,,,,,,,,,,,,,,,,,,,,,,,,,,,,,,,,,,,,,,,,,,,,,,,,,
2026,2,sii,2026-08-20,1709,和益,6380570.0,5960663.0,12341233.0,2192250.0,897061,3089311.0,4770163,,76141,,518485,,,,,254020,9251922.0,,0,,18.86,,3633113,8997902,0,,,,,,,,,,,,,,,,,,,,,,,,,,,,,,,,,,,,,,,,,,,,,,,,,,,,,,,,,,,,,,
2026,2,sii,2026-08-20,1710,東聯,5915494.0,29527464.0,35442958.0,10892322.0,11312161,22204483.0,8857031,,1091942,,-3511761,-118460,,,,2148323,13238475.0,,0,,12.65,,4771400,11090152,8675554,,,,,,,,,,,,,,,,,,,,,,,,,,,,,,,,,,,,,,,,,,,,,,,,,,,,,,,,,,,,,,
2026,2,sii,2026-08-20,1711,永光,6705005.0,7320887.0,14025892.0,3724069.0,1130585,4854654.0,5477522,,476418,,509639,,,,,258041,9171238.0,0,0,,16.27,,2449618,8913197,0,,,,,,,,,,,,,,,,,,,,,,,,,,,,,,,,,,,,,,,,,,,,,,,,,,,,,,,,,,,,,,
2026,2,sii,2026-08-20,1712,興農,8301936.0,7568590.0,15870526.0,5857190.0,1734772,7591962.0,4204926,,466931,,-102742,,,,,58172,8278564.0,,0,,19.55,,3651277,8220392,0,,,,,,,,,,,,,,,,,,,,,,,,,,,,,,,,,,,,,,,,,,,,,,,,,,,,,,,,,,,,,,
2026,2,sii,2026-08-20,1713,國化,967485.0,3322762.0,4290247.0,527633.0,84101,611734.0,1509517,,92930,,182844,0,,,,,3678513.0,0,0,,24.37,,1893222,,0,,,,,,,,,,,,,,,,,,,,,,,,,,,,,,,,,,,,,,,,,,,,,,,,,,,,,,,,,,,,,,
2026,2,sii,2026-08-20,1714,和桐,18822193.0,8383707.0,27205900.0,5602067.0,2451439,8053506.0,9918248,,121347,,-912149,-78973,,,,5878443,19152394.0,0,0,,13.52,,4225478,13273951,10141558,,,,,,,,,,,,,,,,,,,,,,,,,,,,,,,,,,,,,,,,,,,,,,,,,,,,,,,,,,,,,,
2026,2,sii,2026-08-20,1717,長興,36214100.0,30792316.0,67006416.0,20825986.0,13865783,34691769.0,11722455,,2516504,,1153840,0,,,,1190330,32314647.0,,0,,26.55,,15731518,31124317,0,,,,,,,,,,,,,,,,,,,,,,,,,,,,,,,,,,,,,,,,,,,,,,,,,,,,,,,,,,,,,,
2026,2,sii,2026-08-20,1718,中纖,806550248.0,240664803.0,1047215051.0,914874273.0,35139904,950014177.0,16859057,,1751559,,2630444,-1207289,,,,73612150,,,0,,17.79,,3554953,23588724,360134645,,,,,,,,,,,,,,,,,,,,,,,,,,,,,,,,,,,,,,,,,,,,,97200874.0,,,,,,,,,,,,,,,,,
2026,2,sii,2026-08-20,1720,生達,5775065.0,6540836.0,12315901.0,2647188.0,345081,2992269.0,1965657,,299466,,-170824,,,,,3132537,9323632.0,0,0,,34.65,,4096796,6191095,0,,,,,,,,,,,,,,,,,,,,,,,,,,,,,,,,,,,,,,,,,,,,,,,,,,,,,,,,,,,,,,
2026,2,sii,2026-08-20,1721,三晃,1265352.0,1547111.0,2812463.0,625492.0,577934,1203426.0,1848841,,42255,,35957,,,,,,1609037.0,,0,,8.7,,-318016,1609037,0,,,,,,,,,,,,,,,,,,,,,,,,,,,,,,,,,,,,,,,,,,,,,,,,,,,,,,,,,,,,,,
2026,2,sii,2026-08-20,1722,台肥,9745369.0,73417664.0,83163033.0,4260741.0,25949602,30210343.0,9800000,,2246165,,4284731,0,,0,,0,52952690.0,0,0,,54.03,0,36621794,52952690,0,,,,,,,,,,,,,,,,,,,,,,,,,,,,,,,,,,,,,,,,,,,,,,,,,,,,,,,,,,,,,,
2026,2,sii,2026-08-20,1723,中碳,3561726.0,8234962.0,11796688.0,2016499.0,1765681,3782180.0,2369044,,988571,,-188640,-117638,,,,,8014508.0,,0,,34.52,,4963171,8014508,4753537,,,,,,,,,,,,,,,,,,,,,,,,,,,,,,,,,,,,,,,,,,,,,,,,,,,,,,,,,,,,,,
2026,2,sii,2026-08-20,1725,元禎,9938198.0,1085613.0,11023811.0,2335925.0,89318,2425243.0,1818300,,2287,,5418992,0,,,,1,8598568.0,,0,,47.29,,1358988,8598567,0,,,,,,,,,,,,,,,,,,,,,,,,,,,,,,,,,,,,,,,,,,,,,,,,,,,,,,,,,,,,,,
2026,2,sii,2026-08-20,1726,永記,9069286.0,3860172.0,12929458.0,2237054.0,108794,2345848.0,1620000,,109964,,-82873,,,,,,10583610.0,,0,,65.33,,8936519,10583610,0,,,,,,,,,,,,,,,,,,,,,,,,,,,,,,,,,,,,,,,,,,,,,,,,,,,,,,,,,,,,,,
2026,2,sii,2026-08-20,1727,中華化,1299120.0,2503122.0,3802242.0,1265198.0,377513,1642711.0,1280196,,420275,,,,,,,,2159531.0,,0,,16.87,,459060,,0,,,,,,,,,,,,,,,,,,,,,,,,,,,,,,,,,,,,,,,,,,,,,,,,,,,,,,,,,,,,,,
2026,2,sii,2026-08-20,1730,花仙子,1793177.0,1506204.0,3299381.0,755549.0,376041,1131590.0,632339,,234657,,-1832,,,,,139347,2167791.0,,0,,32.08,,1163280,2028444,0,,,,,,,,,,,,,,,,,,,,,,,,,,,,,,,,,,,,,,,,,,,,,,,,,,,,,,,,,,,,,,
2026,2,sii,2026-08-20,1731,美吾華,1337636.0,2143915.0,3481551.0,648176.0,640390,1288566.0,1329152,,192352,,20099,,,,,,2192985.0,,0,,16.5,,651382,2192985,0,,,,,,,,,,,,,,,,,,,,,,,,,,,,,,,,,,,,,,,,,,,,,,,,,,,,,,,,,,,,,,
2026,2,sii,2026-08-20,1732,毛寶,478610.0,227932.0,706542.0,175009.0,26790,201799.0,424439,,2704,,-1051,,,,,,504743.0,0,0,,11.89,,78651,504743,0,,,,,,,,,,,,,,,,,,,,,,,,,,,,,,,,,,,,,,,,,,,,,,,,,,,,,,,,,,,,,,
2026,2,sii,2026-08-20,1733,五鼎,1831646.0,719008.0,2550654.0,588908.0,102019,690927.0,999502,,68368,,11543,,,,,960,1859727.0,,0,,18.6,,779354,1858767,0,,,,,,,,,,,,,,,,,,,,,,,,,,,,,,,,,,,,,,,,,,,,,,,,,,,,,,,,,,,,,,
2026,2,sii,2026-08-20,1734,杏輝,3188316.0,3655846.0,6844162.0,1560770.0,1562349,3123119.0,2016086,,924140,,-66135,,,,,271880,3721043.0,,0,,18.13,,575072,3449163,0,,,,,,,,,,,,,,,,,,,,,,,,,,,,,,,,,,,,,,,,,,,,,,,,,,,,,,,,,,,,,,
2026,2,sii,2026-08-20,1735,日勝化,1693708.0,1406662.0,3100370.0,1401003.0,157829,1558832.0,993880,,98017,,10855,,,,,,1541538.0,,0,,15.51,,438786,1541538,0,,,,,,,,,,,,,,,,,,,,,,,,,,,,,,,,,,,,,,,,,,,,,,,,,,,,,,,,,,,,,,
2026,2,sii,2026-08-20,1736,喬山,31279508.0,15792989.0,47072497.0,24842032.0,8508509,33350541.0,3033946,,449167,,-1258118,0,,,,8312,13721956.0,0,0,,45.2,,11488649,13713644,0,,,,,,,,,,,,,,,,,,,,,,,,,,,,,,,,,,,,,,,,,,,,,,,,,,,,,,,,,,,,,,
2026,2,sii,2026-08-20,1737,臺鹽,2876785.0,5501844.0,8378629.0,1161596.0,507842,1669438.0,2000000,,2490916,,-1115,,,,,0,6709191.0,,0,,33.55,,2219390,6709191,0,,,,,,,,,,,,,,,,,,,,,,,,,,,,,,,,,,,,,,,,,,,,,,,,,,,,,,,,,,,,,,
2026,2,sii,2026-08-20,1752,南光,1604570.0,2336491.0,3941061.0,1141255.0,387955,1529210.0,1009885,,164221,,-35,,,,,4362,2411851.0,0,0,,23.84,,1233418,2407489,0,,,,,,,,,,,,,,,,,,,,,,,,,,,,,,,,,,,,,,,,,,,,,,,,,,,,,,,,,,,,,,
2026,2,sii,2026-08-20,1760,寶齡富錦,1470839.0,1752252.0,3223091.0,1115284.0,233443,1348727.0,857391,,753711,,-20906,,,,,,1874364.0,0,0,,21.86,,284168,1874364,0,,,,,,,,,,,,,,,,,,,,,,,,,,,,,,,,,,,,,,,,,,,,,,,,,,,,,,,,,,,,,,
2026,2,sii,2026-08-20,1762,中化生,1154376.0,3204919.0,4359295.0,284140.0,872063,1156203.0,769180,,331763,,-47948,0,,,,,3203092.0,0,0,,41.64,,2150097,3203092,0,,,,,,,,,,,,,,,,,,,,,,,,,,,,,,,,,,,,,,,,,,,,,,,,,,,,,,,,,,,,,,
2026,2,sii,2026-08-20,1773,勝一,4780343.0,13890413.0,18670756.0,4591488.0,2491057,7082545.0,3000000,,103724,,95379,0,,,,152888,11588211.0,,0,,38.12,,8236220,11435323,0,,,,,,,,,,,,,,,,,,,,,,,,,,,,,,,,,,,,,,,,,,,,,,,,,,,,,,,,,,,,,,
2026,2,sii,2026-08-20,1776,展宇,1042311.0,417416.0,1459727.0,291759.0,218986,510745.0,601070,,13104,,-53579,,,,,63213,948982.0,,0,,14.74,,325174,885769,0,,,,,,,,,,,,,,,,,,,,,,,,,,,,,,,,,,,,,,,,,,,,,,,,,,,,,,,,,,,,,,
2026,2,sii,2026-08-20,1783,和康生,1236153.0,796780.0,2032933.0,529802.0,4220,534022.0,896981,,331644,,-216742,,,,,,1498911.0,0,0,,16.71,,487028,1498911,0,,,,,,,,,,,,,,,,,,,,,,,,,,,,,,,,,,,,,,,,,,,,,,,,,,,,,,,,,,,,,,
2026,2,sii,2026-08-20,1786,科妍,1299331.0,1208714.0,2508045.0,201046.0,519986,721032.0,748276,,960310,,-750,-107060,,,,,1787013.0,0,0,,24.49,,186237,1787013,1847000,,,,,,,,,,,,,,,,,,,,,,,,,,,,,,,,,,,,,,,,,,,,,,,,,,,,,,,,,,,,,,
2026,2,sii,2026-08-20,1789,神隆,5826971.0,6533042.0,12360013.0,1228709.0,669890,1898599.0,7907392,,1294689,,197305,,,,,,10461414.0,0,0,,13.23,,1062028,10461414,0,,,,,,,,,,,,,,,,,,,,,,,,,,,,,,,,,,,,,,,,,,,,,,,,,,,,,,,,,,,,,,
2026,2,sii,2026-08-20,1795,美時,25659301.0,82926329.0,108585630.0,17522064.0,66758204,84280268.0,2702903,,7631246,,-1609696,-824196,,,,,24305362.0,0,0,,91.3,,16405105,24305362,4067583,,,,,,,,,,,,,,,,,,,,,,,,,,,,,,,,,,,,,,,,,,,,,,,,,,,,,,,,,,,,,,
2026,2,sii,2026-08-20,1802,台玻,36756843.0,56943804.0,93700647.0,27181310.0,11957520,39138830.0,29080608,,1895238,,-33148,,,,,2874899,54561817.0,,0,,17.77,,20744220,51686918,0,,,,,,,,,,,,,,,,,,,,,,,,,,,,,,,,,,,,,,,,,,,,,,,,,,,,,,,,,,,,,,
2026,2,sii,2026-08-20,1805,寶徠,1772478.0,231234.0,2003712.0,342373.0,26902,369275.0,1349705,,227353,,-8491,0,,,,0,1634437.0,,0,,12.11,,65870,1634437,0,,,,,,,,,,,,,,,,,,,,,,,,,,,,,,,,,,,,,,,,,,,,,,,,,,,,,,,,,,,,,,
2026,2,sii,2026-08-20,1806,冠軍,3788259.0,4164441.0,7952700.0,1232579.0,1457657,2690236.0,3904039,,157999,,403977,-46592,,,,0,5262464.0,0,0,,13.62,,843041,5262464,3887000,,,,,,,,,,,,,,,,,,,,,,,,,,,,,,,,,,,,,,,,,,,,,,,,,,,,,,,,,,,,,,
2026,2,sii,2026-08-20,1808,潤隆,48263631.0,3935190.0,52198821.0,29070575.0,9323112,38393687.0,8930317,,27220,,340159,,,,,,13805134.0,,0,,15.46,,4507438,13805134,0,,,,,,,,,,,,,,,,,,,,,,,,,,,,,,,,,,,,,,,,,,,,,,,,,,,,,,,,,,,,,,
2026,2,sii,2026-08-20,1809,中釉,2203391.0,2347850.0,4551241.0,1055950.0,191406,1247356.0,1670419,,128560,,-95091,,,,,374675,3303885.0,,0,,17.54,,1225322,2929210,0,,,,,,,,,,,,,,,,,,,,,,,,,,,,,,,,,,,,,,,,,,,,,,,,,,,,,,,,,,,,,,
2026,2,sii,2026-08-20,1810,和成,4640671.0,6122747.0,10763418.0,1467432.0,702266,2169698.0,3023037,,17046,,1105170,-4781,,,,56963,8593720.0,,0,,28.28,,4396285,8536757,445484,,,,,,,,,,,,,,,,,,,,,,,,,,,,,,,,,,,,,,,,,,,,,,,,,,,,,,,,,,,,,,
2026,2,sii,2026-08-20,1817,凱撒衛,2075190.0,1080208.0,3155398.0,537035.0,256055,793090.0,726000,,258899,,-264338,,,,,44630,2362308.0,,0,,31.92,,1597117,2317678,0,,,,,,,,,,,,,,,,,,,,,,,,,,,,,,,,,,,,,,,,,,,,,,,,,,,,,,,,,,,,,,
2026,2,sii,2026-08-20,1903,士紙,3527024.0,7068409.0,10595433.0,3496765.0,1590823,5087588.0,2600391,,0,,2494497,,,,,0,5507845.0,0,0,,21.18,,412957,5507845,0,,,,,,,,,,,,,,,,,,,,,,,,,,,,,,,,,,,,,,,,,,,,,,,,,,,,,,,,,,,,,,
2026,2,sii,2026-08-20,1904,正隆,26949559.0,49641102.0,76590661.0,22233112.0,22898562,45131674.0,11082745,,1166581,,-723636,,,,,853076,31458987.0,,0,,27.62,,19080221,30605911,0,,,,,,,,,,,,,,,,,,,,,,,,,,,,,,,,,,,,,,,,,,,,,,,,,,,,,,,,,,,,,,
2026,2,sii,2026-08-20,1905,華紙,21369627.0,20751007.0,42120634.0,16192788.0,6284811,22477599.0,11028353,,172814,,4235492,0,,,,2547550,19643035.0,,0,,15.5,,1658826,17095485,0,,,,,,,,,,,,,,,,,,,,,,,,,,,,,,,,,,,,,,,,,,,,,,,,,,,,,,,,,,,,,,
2026,2,sii,2026-08-20,1906,寶隆,416979.0,5068605.0,5485584.0,2424825.0,323566,2748391.0,1510000,,18303,,-1439096,,,,,,2737193.0,,0,,18.13,,2647986,,0,,,,,,,,,,,,,,,,,,,,,,,,,,,,,,,,,,,,,,,,,,,,,,,,,,,,,,,,,,,,,,
2026,2,sii,2026-08-20,1907,永豐餘,75898044.0,117767580.0,193665624.0,59786602.0,25046335,84832937.0,16603715,,4024960,,46397096,,,,,17718585,108832687.0,,0,,54.88,,24088331,91114102,0,,,,,,,,,,,,,,,,,,,,,,,,,,,,,,,,,,,,,,,,,,,,,,,,,,,,,,,,,,,,,,
2026,2,sii,2026-08-20,1909,榮成,14168209.0,55447982.0,69616191.0,20922079.0,27872720,48794799.0,13276857,,4346976,,-1480551,-347809,,,,31317,20821392.0,,0,,16.1,,4994602,20790075,36699000,,,,,,,,,,,,,,,,,,,,,,,,,,,,,,,,,,,,,,,,,,,,,,,,,,,,,,,,,,,,,,
2026,2,sii,2026-08-20,2002,中鋼,198196118.0,487680946.0,685877064.0,157179355.0,193639184,350818539.0,157731290,,41211452,,3840421,-13118233,,,,37732056,335058525.0,,0,,19.69,,107661539,297326469,674286000,,,,,,,,,,,,,,,,,,,,,,,,,,,,,,,,,,,,,,,,,,,,,,,,,,,,,,,,,,,,,,
2026,2,sii,2026-08-20,2006,東和鋼鐵,29738082.0,23617795.0,53355877.0,17955443.0,1132381,19087824.0,7302138,,7745045,,-412059,,,,,98040,34268053.0,,0,,46.79,,19534889,34170013,0,,,,,,,,,,,,,,,,,,,,,,,,,,,,,,,,,,,,,,,,,,,,,,,,,,,,,,,,,,,,,,
2026,2,sii,2026-08-20,2007,燁興,1729117.0,10304432.0,12033549.0,4567980.0,3541336,8109316.0,5306516,,427963,,7411,0,,,,,3924233.0,,0,,7.4,,-1817657,,0,,,,,,,,,,,,,,,,,,,,,,,,,,,,,,,,,,,,,,,,,,,,,,,,,,,,,,,,,,,,,,
2026,2,sii,2026-08-20,2008,高興昌,2802360.0,5935227.0,8737587.0,2004698.0,2611179,4615877.0,1908523,,0,,658387,,,,,,4121710.0,,0,,21.6,,1554800,,0,,,,,,,,,,,,,,,,,,,,,,,,,,,,,,,,,,,,,,,,,,,,,,,,,,,,,,,,,,,,,,
2026,2,sii,2026-08-20,2009,第一銅,2792192.0,8388727.0,11180919.0,2147977.0,268480,2416457.0,3596222,,0,,4562109,,,,,,8764462.0,,0,,24.37,,606131,,0,,,,,,,,,,,,,,,,,,,,,,,,,,,,,,,,,,,,,,,,,,,,,,,,,,,,,,,,,,,,,,
2026,2,sii,2026-08-20,2010,春源,15068748.0,8597444.0,23666192.0,8513801.0,2215654,10729455.0,6476554,,178331,,-175573,,,,,399502,12936737.0,,0,,19.36,,6057923,12537235,0,,,,,,,,,,,,,,,,,,,,,,,,,,,,,,,,,,,,,,,,,,,,,,,,,,,,,,,,,,,,,,
2026,2,sii,2026-08-20,2012,春雨,7072076.0,4405768.0,11477844.0,3081896.0,3963150,7045046.0,3021627,,566733,,-608654,-267195,,,,687220,4432798.0,0,0,,13.44,,1033067,3745578,23430173,,,,,,,,,,,,,,,,,,,,,,,,,,,,,,,,,,,,,,,,,,,,,,,,,,,,,,,,,,,,,,
2026,2,sii,2026-08-20,2013,中鋼構,11194392.0,4667281.0,15861673.0,9518257.0,826942,10345199.0,2000000,,1383390,,-140528,,,,,,5516474.0,,0,,27.58,,2273612,5516474,0,,,,,,,,,,,,,,,,,,,,,,,,,,,,,,,,,,,,,,,,,,,,,,,,,,,,,,,,,,,,,,
2026,2,sii,2026-08-20,2014,中鴻,7934533.0,18448123.0,26382656.0,5684769.0,8412641,14097410.0,14355444,,903,,-1246811,,,,,,12285246.0,,0,,8.56,,-824290,12285246,0,,,,,,,,,,,,,,,,,,,,,,,,,,,,,,,,,,,,,,,,,,,,,,,,,,,,,,,,,,,,,,
2026,2,sii,2026-08-20,2015,豐興,11915729.0,14295950.0,26211679.0,3482146.0,661489,4143635.0,5815994,,457109,,-206723,,,,,11476,22068044.0,,0,,37.92,,15990188,22056568,0,,,,,,,,,,,,,,,,,,,,,,,,,,,,,,,,,,,,,,,,,,,,,,,,,,,,,,,,,,,,,,
2026,2,sii,2026-08-20,2017,官田鋼,6502551.0,10614863.0,17117414.0,4478190.0,4184609,8662799.0,4468747,,575758,,1927354,-279273,,,,1986697,8454615.0,,0,,15.18,,-224668,6467918,20672124,,,,,,,,,,,,,,,,,,,,,,,,,,,,,,,,,,,,,,,,,,,,,,,,,,,,,,,,,,,,,,
2026,2,sii,2026-08-20,2020,美亞,6404668.0,2984132.0,9388800.0,4401007.0,718101,5119108.0,2670313,,281622,,1516,,,,,12747,4269692.0,,0,,15.94,,1303494,4256945,0,,,,,,,,,,,,,,,,,,,,,,,,,,,,,,,,,,,,,,,,,,,,,,,,,,,,,,,,,,,,,,
2026,2,sii,2026-08-20,2022,聚亨,6427242.0,4864860.0,11292102.0,3730248.0,768089,4498337.0,3371682,,113814,,68595,,,,,3455026,6793765.0,,0,,9.9,,-215352,3338739,0,,,,,,,,,,,,,,,,,,,,,,,,,,,,,,,,,,,,,,,,,,,,,,,,,,,,,,,,,,,,,,
2026,2,sii,2026-08-20,2023,燁輝,27461906.0,74255657.0,101717563.0,27155565.0,42947725,70103290.0,18412402,,4331171,,-167092,-421198,,,,266125,31614273.0,,0,,17.31,,9192865,31348148,30533000,,,,,,,,,,,,,,,,,,,,,,,,,,,,,,,,,,,,,,,,,,,,,,,,,,,,,,,,,,,,,,
2026,2,sii,2026-08-20,2024,志聯,728345.0,919372.0,1647717.0,341998.0,164869,506867.0,975000,,10736,,0,0,,0,,,1140850.0,,0,,11.7,,155114,,0,,,,,,,,,,,,,,,,,,,,,,,,,,,,,,,,,,,,,,,,,,,,,,,,,,,,,,,,,,,,,,
2026,2,sii,2026-08-20,2025,千興,1396665.0,1297313.0,2693978.0,606004.0,1644,607648.0,1726605,,,,491071,,,,,,2086330.0,,0,,12.08,,-131346,,0,,,,,,,,,,,,,,,,,,,,,,,,,,,,,,,,,,,,,,,,,,,,,,,,,,,,,,,,,,,,,,
2026,2,sii,2026-08-20,2027,大成鋼,95149325.0,70370942.0,165520267.0,32196124.0,40095165,72291289.0,25842606,,26555044,,4074524,-3744514,,,,13661675,93228978.0,,0,,33.98,,26839643,79567303,242638155,,,,,,,,,,,,,,,,,,,,,,,,,,,,,,,,,,,,,,,,,,,,,,,,,,,,,,,,,,,,,,
2026,2,sii,2026-08-20,2028,威致,4042125.0,4535207.0,8577332.0,2482795.0,1308399,3791194.0,3257148,,,,343865,-40711,,,,,4786138.0,,0,,14.77,,1225836,,1693000,,,,,,,,,,,,,,,,,,,,,,,,,,,,,,,,,,,,,,,,,,,,,,,,,,,,,,,,,,,,,,
2026,2,sii,2026-08-20,2029,盛餘,8537573.0,3198076.0,11735649.0,1335023.0,107525,1442548.0,3211800,,1557969,,10658,,,,,92713,10293101.0,,0,,31.76,,5419961,10200388,0,,,,,,,,,,,,,,,,,,,,,,,,,,,,,,,,,,,,,,,,,,,,,,,,,,,,,,,,,,,,,,
2026,2,sii,2026-08-20,2030,彰源,7506722.0,5695843.0,13202565.0,5257581.0,2618998,7876579.0,2805260,,463471,,46825,-75919,,,,,5325986.0,,0,,19.3,,2086349,5325986,4560000,,,,,,,,,,,,,,,,,,,,,,,,,,,,,,,,,,,,,,,,,,,,,,,,,,,,,,,,,,,,,,
2026,2,sii,2026-08-20,2031,新光鋼,18013652.0,13166797.0,31180449.0,11641701.0,6840353,18482054.0,3211463,,945730,,101563,,,,,726778,12698395.0,,0,,37.28,,7712861,11971617,0,,,,,,,,,,,,,,,,,,,,,,,,,,,,,,,,,,,,,,,,,,,,,,,,,,,,,,,,,,,,,,
2026,2,sii,2026-08-20,2032,新鋼,1456701.0,906745.0,2363446.0,418327.0,138174,556501.0,1305215,,107011,,-5797,,,,,,1806945.0,0,0,,13.84,,400516,,0,,,,,,,,,,,,,,,,,,,,,,,,,,,,,,,,,,,,,,,,,,,,,,,,,,,,,,,,,,,,,,
2026,2,sii,2026-08-20,2033,佳大,400798.0,860125.0,1260923.0,174081.0,18008,192089.0,806945,,18038,,71966,0,,,,,1068834.0,0,0,,13.25,,171885,,0,,,,,,,,,,,,,,,,,,,,,,,,,,,,,,,,,,,,,,,,,,,,,,,,,,,,,,,,,,,,,,
2026,2,sii,2026-08-20,2034,允強,11362168.0,12576954.0,23939122.0,10403767.0,4533182,14936949.0,5289956,,1601590,,650873,,,,,,9002173.0,,0,,17.02,,1459754,9002173,0,,,,,,,,,,,,,,,,,,,,,,,,,,,,,,,,,,,,,,,,,,,,,,,,,,,,,,,,,,,,,,
2026,2,sii,2026-08-20,2038,海光,3594320.0,5487674.0,9081994.0,2391947.0,2694087,5086034.0,1941343,,406218,,997060,,,,,185080,3995960.0,,0,,19.63,,466259,3810880,0,,,,,,,,,,,,,,,,,,,,,,,,,,,,,,,,,,,,,,,,,,,,,,,,,,,,,,,,,,,,,,
2026,2,sii,2026-08-20,2049,上銀,21938744.0,35084114.0,57022858.0,9710072.0,8075220,17785292.0,3537923,,7479735,,2271352,,,,,66399,39237566.0,,0,,110.72,,25882157,39171167,0,,,,,,,,,,,,,,,,,,,,,,,,,,,,,,,,,,,,,,,,,,,,,,,,,,,,,,,,,,,,,,
2026,2,sii,2026-08-20,2059,川湖,41658722.0,5451958.0,47110680.0,11697883.0,1658959,13356842.0,952971,,796691,,26807,,,,,,33753838.0,,0,,354.2,,31977369,33753838,0,,,,,,,,,,,,,,,,,,,,,,,,,,,,,,,,,,,,,,,,,,,,,,,,,,,,,,,,,,,,,,
2026,2,sii,2026-08-20,2062,橋椿,5247667.0,6425137.0,11672804.0,2646241.0,1363356,4009597.0,1999942,,1911126,,31513,,,,,1517,7663207.0,,0,,38.31,,3719109,7661690,0,,,,,,,,,,,,,,,,,,,,,,,,,,,,,,,,,,,,,,,,,,,,,,,,,,,,,,,,,,,,,,
2026,2,sii,2026-08-20,2069,運錩,4881357.0,5602612.0,10483969.0,4524939.0,1561195,6086134.0,1663868,,1243130,,29761,0,,,,,4397835.0,,0,,26.43,,1461076,4397835,0,,,,,,,,,,,,,,,,,,,,,,,,,,,,,,,,,,,,,,,,,,,,,,,,,,,,,,,,,,,,,,
2026,2,sii,2026-08-20,2072,世紀風電,15556610.0,18699842.0,34256452.0,6785629.0,3319626,10105255.0,1920000,,18838007,,,,,,,3224,24151197.0,,0,,125.77,,3389966,24147973,0,,,,,,,,,,,,,,,,,,,,,,,,,,,,,,,,,,,,,,,,,,,,,,,,,,,,,,,,,,,,,,
2026,2,sii,2026-08-20,2101,南港,30253182.0,15581545.0,45834727.0,29816577.0,981983,30798560.0,7339349,,293222,,474257,-487475,,,,,15036167.0,,0,,20.86,,7416814,15036167,13065595,,,,,,,,,,,,,,,,,,,,,,,,,,,,,,,,,,,,,,,,,,,,,,,,,,,,,,,,,,,,,,
2026,2,sii,2026-08-20,2102,泰豐,2864195.0,9183452.0,12047647.0,118353.0,2319767,2438120.0,4733292,,0,,4775579,-183035,,,,,9609527.0,,0,,20.91,,283691,9609527,13755607,,,,,,,,,,,,,,,,,,,,,,,,,,,,,,,,,,,,,,,,,,,,,,,,,,,,,,,,,,,,,,
2026,2,sii,2026-08-20,2103,台橡,22935160.0,25083378.0,48018538.0,12606458.0,11528471,24134929.0,8257099,,57766,,2735628,,,,,1802420,23883609.0,,0,,26.74,,11030696,22081189,0,,,,,,,,,,,,,,,,,,,,,,,,,,,,,,,,,,,,,,,,,,,,,,,,,,,,,,,,,,,,,,
2026,2,sii,2026-08-20,2104,國際中橡,21464939.0,26739775.0,48204714.0,17052317.0,7017327,24069644.0,9847336,,9237013,,1698020,-290088,,,,1101027,24135070.0,,0,,23.75,,2541762,23034043,14734663,,,,,,,,,,,,,,,,,,,,,,,,,,,,,,,,,,,,,,,,,,,,,,,,,,,,,,,,,,,,,,
2026,2,sii,2026-08-20,2105,正新,79408287.0,69072130.0,148480417.0,28879853.0,31910498,60790351.0,32414155,,116462,,-1608249,,,,,567446,87690066.0,0,0,,26.88,,56200252,87122620,0,,,,,,,,,,,,,,,,,,,,,,,,,,,,,,,,,,,,,,,,,,,,,,,,,,,,,,,,,,,,,,
2026,2,sii,2026-08-20,2106,建大,26038963.0,21690487.0,47729450.0,10597847.0,17285570,27883417.0,9548900,,41,,81044,,,,,,19846033.0,,0,,20.78,,10216048,19846033,0,,,,,,,,,,,,,,,,,,,,,,,,,,,,,,,,,,,,,,,,,,,,,,,,,,,,,,,,,,,,,,
2026,2,sii,2026-08-20,2107,厚生,12667473.0,4732824.0,17400297.0,1796286.0,484182,2280468.0,3035934,,449745,,2358563,,,,,,15119829.0,,0,,49.8,,9275587,15119829,0,,,,,,,,,,,,,,,,,,,,,,,,,,,,,,,,,,,,,,,,,,,,,,,,,,,,,,,,,,,,,,
2026,2,sii,2026-08-20,2108,南帝,14593032.0,4606028.0,19199060.0,1795250.0,577382,2372632.0,4924167,,51421,,313404,,,,,2074532,16826428.0,0,0,,29.96,,9462904,14751896,0,,,,,,,,,,,,,,,,,,,,,,,,,,,,,,,,,,,,,,,,,,,,,,,,,,,,,,,,,,,,,,
2026,2,sii,2026-08-20,2109,華豐,4100552.0,4647471.0,8748023.0,2501783.0,1260097,3761880.0,2793492,,118648,,-21365,,,,,1444548,4986143.0,0,0,,12.68,,650820,3541595,0,,,,,,,,,,,,,,,,,,,,,,,,,,,,,,,,,,,,,,,,,,,,,,,,,,,,,,,,,,,,,,
2026,2,sii,2026-08-20,2114,鑫永銓,2568069.0,1405911.0,3973980.0,756456.0,192420,948876.0,779918,,271375,,,,,,,,3025104.0,0,0,,38.79,,1973811,,0,,,,,,,,,,,,,,,,,,,,,,,,,,,,,,,,,,,,,,,,,,,,,,,,,,,,,,,,,,,,,,
2026,2,sii,2026-08-20,2115,六暉-KY,2664854.0,2420747.0,5085601.0,1005943.0,782977,1788920.0,1043732,,394003,,-227499,,,,,15462,3296681.0,0,0,,31.44,,2070983,3281219,0,,,,,,,,,,,,,,,,,,,,,,,,,,,,,,,,,,,,,,,,,,,,,,,,,,,,,,,,,,,,,,
2026,2,sii,2026-08-20,2201,裕隆,257598559.0,110957120.0,368555679.0,259296772.0,14126750,273423522.0,10700013,,16098491,,2407206,-376301,,,,30697568,95132157.0,,0,,60.65,,35605180,64434589,7526431,,,,,,,,,,,,,,,,,,,,,,,,,,,,,,,,,,,,,,,,,,,,,,,,,,,,,,,,,,,,,,
2026,2,sii,2026-08-20,2204,中華,15302781.0,40171737.0,55474518.0,12379907.0,943713,13323620.0,5536203,,7461754,,501960,,,,,3796992,42150898.0,,0,,69.28,,24853989,38353906,0,,,,,,,,,,,,,,,,,,,,,,,,,,,,,,,,,,,,,,,,,,,,,,,,,,,,,,,,,,,,,,
2026,2,sii,2026-08-20,2206,三陽工業,38214707.0,59430109.0,97644816.0,26766351.0,28933071,55699422.0,7736756,,1709522,,-399092,-694668,,,,16102572,41945394.0,0,0,,34.04,,17490304,25842822,14533452,,,,,,,,,,,,,,,,,,,,,,,,,,,,,,,,,,,,,,,,,,,,,,,,,,,,,,,,,,,,,,
2026,2,sii,2026-08-20,2207,和泰車,385025361.0,169737406.0,554762767.0,385976928.0,44420023,430396951.0,5571028,,2919185,,4960113,,,,,38706118,,0,0,,153.76,,72209372,85659698,0,,,,,,,,,,,,,,,,,,,,,,,,,,,,,,,,,,,,,,,,,,,,,124365816.0,,,,,,,,,,,,,,,,,
2026,2,sii,2026-08-20,2208,台船,32347968.0,20996980.0,53344948.0,29945783.0,15859236,45805019.0,12745394,,0,,127573,,,,,-50010,7539929.0,0,0,,5.96,,-5283028,7589939,0,,,,,,,,,,,,,,,,,,,,,,,,,,,,,,,,,,,,,,,,,,,,,,,,,,,,,,,,,,,,,,
2026,2,sii,2026-08-20,2211,長榮鋼,16352777.0,25448268.0,41801045.0,8273426.0,2427658,10701084.0,4170915,,1319807,,9948909,,,,,3432722,31099961.0,,0,,66.33,,12227608,27667239,0,,,,,,,,,,,,,,,,,,,,,,,,,,,,,,,,,,,,,,,,,,,,,,,,,,,,,,,,,,,,,,
2026,2,sii,2026-08-20,2227,裕日車,7241840.0,15401625.0,22643465.0,2174389.0,2730531,4904920.0,3000000,,5988968,,-286056,,,,,,17738545.0,,0,,59.13,,9035633,17738545,0,,,,,,,,,,,,,,,,,,,,,,,,,,,,,,,,,,,,,,,,,,,,,,,,,,,,,,,,,,,,,,
2026,2,sii,2026-08-20,2228,劍麟,4452670.0,2489703.0,6942373.0,971678.0,1020053,1991731.0,797797,,1199549,,-6959,,,,,,4950642.0,0,0,,62.05,,2960255,4950642,0,,,,,,,,,,,,,,,,,,,,,,,,,,,,,,,,,,,,,,,,,,,,,,,,,,,,,,,,,,,,,,
2026,2,sii,2026-08-20,2231,為升,5595140.0,5085486.0,10680626.0,4334900.0,1961932,6296832.0,1359319,,348519,,18469,0,,,,996441,4383794.0,0,0,,24.92,,1661046,3387353,0,,,,,,,,,,,,,,,,,,,,,,,,,,,,,,,,,,,,,,,,,,,,,,,,,,,,,,,,,,,,,,
2026,2,sii,2026-08-20,2233,宇隆,4602962.0,2785528.0,7388490.0,1404670.0,1829590,3234260.0,602889,,907986,,18808,,,,,15256,4154230.0,,0,,68.65,,2609291,4138974,0,,,,,,,,,,,,,,,,,,,,,,,,,,,,,,,,,,,,,,,,,,,,,,,,,,,,,,,,,,,,,,
2026,2,sii,2026-08-20,2237,華德動能-創,3872772.0,715077.0,4587849.0,2726027.0,375164,3101191.0,1217429,,16738,,-27175,,,,,,1486658.0,0,0,,12.21,,279666,1486658,0,,,,,,,,,,,,,,,,,,,,,,,,,,,,,,,,,,,,,,,,,,,,,,,,,,,,,,,,,,,,,,
2026,2,sii,2026-08-20,2241,艾姆勒,830143.0,1466223.0,2296366.0,349877.0,446933,796810.0,1046023,,1098298,,14255,,,,,188529,1499556.0,0,0,,12.53,,-847549,1311027,0,,,,,,,,,,,,,,,,,,,,,,,,,,,,,,,,,,,,,,,,,,,,,,,,,,,,,,,,,,,,,,
2026,2,sii,2026-08-20,2247,汎德永業,11639009.0,9976246.0,21615255.0,4313800.0,4570611,8884411.0,807109,,4355240,,33851,,,,,,12730844.0,,0,,157.74,,7534644,12730844,0,,,,,,,,,,,,,,,,,,,,,,,,,,,,,,,,,,,,,,,,,,,,,,,,,,,,,,,,,,,,,,
2026,2,sii,2026-08-20,2250,IKKA-KY,2535936.0,1098701.0,3634637.0,1105219.0,513806,1619025.0,363882,,1110072,,-162606,,,0,,0,2015612.0,0,0,,55.39,,704264,2015612,0,,,,,,,,,,,,,,,,,,,,,,,,,,,,,,,,,,,,,,,,,,,,,,,,,,,,,,,,,,,,,,
2026,2,sii,2026-08-20,2254,巨鎧精密-創,234225.0,1957794.0,2192019.0,756907.0,468094,1225001.0,639077,,236872,,235872,-9942,,,,,967018.0,0,0,,15.17,,-134861,967018,153000,,,,,,,,,,,,,,,,,,,,,,,,,,,,,,,,,,,,,,,,,,,,,,,,,,,,,,,,,,,,,,
2026,2,sii,2026-08-20,2258,鴻華先進-創,6453739.0,14909579.0,21363318.0,8372613.0,1594780,9967393.0,17512673,,6076409,,1287,,,,,,11395925.0,0,190500,,6.51,,-12194444,11395925,0,,,,,,,,,,,,,,,,,,,,,,,,,,,,,,,,,,,,,,,,,,,,,,,,,,,,,,,,,,,,,,
2026,2,sii,2026-08-20,2301,光寶科,190058403.0,49106010.0,239164413.0,137099769.0,5452678,142552447.0,23161078,,21582720,,-137874,-2726963,,,,808372,96611966.0,,0,,42.22,,53924633,95803594,47004221,,,,,,,,,,,,,,,,,,,,,,,,,,,,,,,,,,,,,,,,,,,,,,,,,,,,,,,,,,,,,,
2026,2,sii,2026-08-20,2302,麗正,1316572.0,1479454.0,2796026.0,888484.0,70312,958796.0,1663029,,9,,-132484,,,,,0,1837230.0,,0,,11.05,,306676,1837230,0,,,,,,,,,,,,,,,,,,,,,,,,,,,,,,,,,,,,,,,,,,,,,,,,,,,,,,,,,,,,,,
2026,2,sii,2026-08-20,2303,聯電,230259789.0,435713094.0,665972883.0,106305702.0,115742881,222048583.0,125769849,,15871319,,42609887,-3095666,,,,4051,443924300.0,,0,,35.38,,262764860,443920249,30551000,,,,,,,,,,,,,,,,,,,,,,,,,,,,,,,,,,,,,,,,,,,,,,,,,,,,,,,,,,,,,,
2026,2,sii,2026-08-20,2305,全友,1905978.0,1558469.0,3464447.0,511813.0,335286,847099.0,2056608,,0,,313890,-49781,,,,179772,2617348.0,,0,,12.02,,116859,2437576,2934365,,,,,,,,,,,,,,,,,,,,,,,,,,,,,,,,,,,,,,,,,,,,,,,,,,,,,,,,,,,,,,
2026,2,sii,2026-08-20,2308,台達電,487049600.0,267383732.0,754433332.0,304502192.0,99706248,404208440.0,25975433,,61035518,,7573776,,,,,56514152,350224892.0,0,0,,113.07,,199126013,293710740,0,,,,,,,,,,,,,,,,,,,,,,,,,,,,,,,,,,,,,,,,,,,,,,,,,,,,,,,,,,,,,,
2026,2,sii,2026-08-20,2312,金寶,101417662.0,42854587.0,144272249.0,81828349.0,23854048,105682397.0,15059532,,1606438,,4140080,0,,,,14333501,38589852.0,,0,,16.11,,3450301,24256351,0,,,,,,,,,,,,,,,,,,,,,,,,,,,,,,,,,,,,,,,,,,,,,,,,,,,,,,,,,,,,,,
2026,2,sii,2026-08-20,2313,華通,57690356.0,43233025.0,100923381.0,34785114.0,17559839,52344953.0,11918206,,1060226,,1796333,,,,,0,48578428.0,,0,,40.76,,33803663,48578428,0,,,,,,,,,,,,,,,,,,,,,,,,,,,,,,,,,,,,,,,,,,,,,,,,,,,,,,,,,,,,,,
2026,2,sii,2026-08-20,2314,台揚,1690313.0,1390083.0,3080396.0,2259568.0,791581,3051149.0,1085964,,5311,,-245749,,,,,,29247.0,0,0,,0.27,,-816279,29247,0,,,,,,,,,,,,,,,,,,,,,,,,,,,,,,,,,,,,,,,,,,,,,,,,,,,,,,,,,,,,,,
2026,2,sii,2026-08-20,2316,楠梓電,7732650.0,13464799.0,21197449.0,3430053.0,3334230,6764283.0,1827405,,874477,,647051,-93017,,,,,14433166.0,,0,,79.55,,11177250,14433166,1306059,,,,,,,,,,,,,,,,,,,,,,,,,,,,,,,,,,,,,,,,,,,,,,,,,,,,,,,,,,,,,,
2026,2,sii,2026-08-20,2317,鴻海,4378473822.0,1244102652.0,5622576474.0,3077477192.0,425511698,3502988890.0,140734239,,241985664,,50979768,-15194,,,,211650977,2119587584.0,0,0,,136.02,,1474252130,1907936607,1483078,,,,,,,,,,,,,,,,,,,,,,,,,,,,,,,,,,,,,,,,,,,,,,,,,,,,,,,,,,,,,,
2026,2,sii,2026-08-20,2321,東訊,630696.0,588753.0,1219449.0,383662.0,383056,766718.0,302719,,0,,14944,0,,,,263938,452731.0,0,0,,6.24,,-128870,188793,0,,,,,,,,,,,,,,,,,,,,,,,,,,,,,,,,,,,,,,,,,,,,,,,,,,,,,,,,,,,,,,
2026,2,sii,2026-08-20,2323,中環,19951531.0,12134195.0,32085726.0,7221088.0,4457091,11678179.0,10893483,,6434437,,132051,,,,,353164,20407547.0,0,0,,18.41,,2594412,20054383,0,,,,,,,,,,,,,,,,,,,,,,,,,,,,,,,,,,,,,,,,,,,,,,,,,,,,,,,,,,,,,,
2026,2,sii,2026-08-20,2324,仁寶,423759334.0,98023406.0,521782740.0,345137624.0,23083053,368220677.0,44071466,,3802124,,15933331,-4297954,,,,15442307,153562063.0,,0,,32.44,,78610789,138119756,150017431,,,,,,,,,,,,,,,,,,,,,,,,,,,,,,,,,,,,,,,,,,,,,,,,,,,,,,,,,,,,,,
2026,2,sii,2026-08-20,2327,國巨*,277576009.0,229766227.0,507342236.0,211576230.0,116817519,328393749.0,5146827,,47398408,,8491943,-535053,,,,2197177,178948487.0,,0,,86.01,,116249185,176751310,3833324,,,,,,,,,,,,,,,,,,,,,,,,,,,,,,,,,,,,,,,,,,,,,,,,,,,,,,,,,,,,,,
2026,2,sii,2026-08-20,2328,廣宇,17734903.0,7487223.0,25222126.0,7509140.0,454228,7963368.0,5183462,,1503606,,-663324,,,,,2643787,17258758.0,0,0,,28.2,,8591227,14614971,0,,,,,,,,,,,,,,,,,,,,,,,,,,,,,,,,,,,,,,,,,,,,,,,,,,,,,,,,,,,,,,
2026,2,sii,2026-08-20,2329,華泰,10651316.0,16003442.0,26654758.0,7534872.0,2710296,10245168.0,6589483,,578362,,4486994,,,,,,16409590.0,0,0,,24.9,,4754751,16409590,0,,,,,,,,,,,,,,,,,,,,,,,,,,,,,,,,,,,,,,,,,,,,,,,,,,,,,,,,,,,,,,
2026,2,sii,2026-08-20,2330,台積電,4565700742.0,4809953985.0,9375654727.0,1857761825.0,1043421921,2901183746.0,259323701,,72290839,,49790695,,,,,41952647,6474470981.0,,0,,248.05,,6051113099,6432518334,0,,,,,,,,,,,,,,,,,,,,,,,,,,,,,,,,,,,,,,,,,,,,,,,,,,,,,,,,,,,,,,
2026,2,sii,2026-08-20,2331,精英,14487993.0,7052353.0,21540346.0,9877356.0,837930,10715286.0,5574030,,5437323,,-2399989,,,,,9565,10825060.0,0,0,,19.4,,2204131,10815495,0,,,,,,,,,,,,,,,,,,,,,,,,,,,,,,,,,,,,,,,,,,,,,,,,,,,,,,,,,,,,,,
2026,2,sii,2026-08-20,2332,友訊,10700527.0,5176219.0,15876746.0,4343363.0,856450,5199813.0,6021704,,1348556,,-1559668,-82823,,,,2466584,10676933.0,0,0,,13.76,,2482580,8210349,5434609,,,,,,,,,,,,,,,,,,,,,,,,,,,,,,,,,,,,,,,,,,,,,,,,,,,,,,,,,,,,,,
2026,2,sii,2026-08-20,2337,旺宏,43838444.0,52608043.0,96446487.0,18583906.0,15918101,34502007.0,19818566,,2083345,,10551698,-159061,,,,12367,61944480.0,,547818,,31.28,,29637565,61932113,1956619,,,,,,,,,,,,,,,,,,,,,,,,,,,,,,,,,,,,,,,,,,,,,,,,,,,,,,,,,,,,,,
2026,2,sii,2026-08-20,2338,光罩,7256304.0,11108663.0,18364967.0,8379245.0,3717052,12096297.0,3668492,,3508610,,37982,-891759,,0,,114790,6268670.0,0,0,,18.82,,-169445,6153880,39816440,,,,,,,,,,,,,,,,,,,,,,,,,,,,,,,,,,,,,,,,,,,,,,,,,,,,,,,,,,,,,,
2026,2,sii,2026-08-20,2340,台亞,6147813.0,8842804.0,14990617.0,4639083.0,3595895,8234978.0,4386228,,1856930,,-201746,-23172,,,,405028,6755639.0,,0,,14.5,,332371,6350611,754543,,,,,,,,,,,,,,,,,,,,,,,,,,,,,,,,,,,,,,,,,,,,,,,,,,,,,,,,,,,,,,
2026,2,sii,2026-08-20,2342,茂矽,1348506.0,1726325.0,3074831.0,476140.0,275965,752105.0,1574747,,600457,,-86697,,,,,21197,2322726.0,0,0,,14.62,,213022,2301529,0,,,,,,,,,,,,,,,,,,,,,,,,,,,,,,,,,,,,,,,,,,,,,,,,,,,,,,,,,,,,,,
2026,2,sii,2026-08-20,2344,華邦電,147164785.0,145869534.0,293034319.0,92104416.0,27387386,119491802.0,45000002,,15974646,,39823925,,,,,8532889,173542517.0,,0,,36.67,,64211055,165009628,0,,,,,,,,,,,,,,,,,,,,,,,,,,,,,,,,,,,,,,,,,,,,,,,,,,,,,,,,,,,,,,
2026,2,sii,2026-08-20,2345,智邦,178203985.0,21136824.0,199340809.0,125103174.0,5114756,130217930.0,5611179,,948220,,86055,-50999,,,,84797,69122879.0,,0,,123.52,,62443627,69038082,2209867,,,,,,,,,,,,,,,,,,,,,,,,,,,,,,,,,,,,,,,,,,,,,,,,,,,,,,,,,,,,,,
2026,2,sii,2026-08-20,2347,聯強,258158967.0,43195720.0,301354687.0,181072018.0,30863604,211935622.0,16679470,,13483094,,-819283,,,,,2857125,89419065.0,0,0,,51.9,,57218659,86561940,0,,,,,,,,,,,,,,,,,,,,,,,,,,,,,,,,,,,,,,,,,,,,,,,,,,,,,,,,,,,,,,
2026,2,sii,2026-08-20,2348,海悅,37531323.0,12713964.0,50245287.0,16437706.0,23942606,40380312.0,1894856,,1353937,,338989,-10295,,,,2139522,9864975.0,0,0,,42.51,,4147966,7725453,164000,,,,,,,,,,,,,,,,,,,,,,,,,,,,,,,,,,,,,,,,,,,,,,,,,,,,,,,,,,,,,,
2026,2,sii,2026-08-20,2349,錸德,7383377.0,11078831.0,18462208.0,5028134.0,3455710,8483844.0,6936797,,1250679,,-653386,,,,,4367313,9978364.0,0,0,,8.09,,-1923039,5611051,0,,,,,,,,,,,,,,,,,,,,,,,,,,,,,,,,,,,,,,,,,,,,,,,,,,,,,,,,,,,,,,
2026,2,sii,2026-08-20,2351,順德,8960504.0,5725128.0,14685632.0,4562007.0,1553622,6115629.0,1937340,,1282370,,-24504,,,,,394669,8570003.0,,0,,42.2,,4980128,8175334,0,,,,,,,,,,,,,,,,,,,,,,,,,,,,,,,,,,,,,,,,,,,,,,,,,,,,,,,,,,,,,,
2026,2,sii,2026-08-20,2352,佳世達,131882616.0,98666195.0,230548811.0,114269329.0,45060352,159329681.0,15805065,,2449881,,5690558,,,,,31429485,71219130.0,,0,,25.18,,15844141,39789645,0,,,,,,,,,,,,,,,,,,,,,,,,,,,,,,,,,,,,,,,,,,,,,,,,,,,,,,,,,,,,,,
2026,2,sii,2026-08-20,2353,宏碁,222531339.0,86150968.0,308682307.0,182478622.0,26409102,208887724.0,30478538,,28218084,,3741546,-2712774,,,,22620709,99794583.0,0,0,,25.67,,17448480,77173874,41646290,,,,,,,,,,,,,,,,,,,,,,,,,,,,,,,,,,,,,,,,,,,,,,,,,,,,,,,,,,,,,,
2026,2,sii,2026-08-20,2354,鴻準,139272785.0,39414279.0,178687064.0,63337508.0,1502972,64840480.0,14144852,,7676771,,-3352220,,,,,39369,113846584.0,0,0,,80.46,,95337812,113807215,0,,,,,,,,,,,,,,,,,,,,,,,,,,,,,,,,,,,,,,,,,,,,,,,,,,,,,,,,,,,,,,
2026,2,sii,2026-08-20,2355,敬鵬,14857213.0,10652529.0,25509742.0,6695673.0,1291403,7987076.0,3974954,,1580768,,336225,-6333,,,,663,17522666.0,0,0,,44.1,,11636389,17522003,150000,,,,,,,,,,,,,,,,,,,,,,,,,,,,,,,,,,,,,,,,,,,,,,,,,,,,,,,,,,,,,,
2026,2,sii,2026-08-20,2356,英業達,402808437.0,72522588.0,475331025.0,372242014.0,25125399,397367413.0,35874751,,2892750,,1241513,,,,,294578,77963612.0,0,0,,21.65,,37660020,77669034,0,,,,,,,,,,,,,,,,,,,,,,,,,,,,,,,,,,,,,,,,,,,,,,,,,,,,,,,,,,,,,,
2026,2,sii,2026-08-20,2357,華碩,654227276.0,214314681.0,868541957.0,511107464.0,27448806,538556270.0,7427603,,16823343,,77453680,,,,,28628238,329985687.0,,0,,405.73,,199652823,301357449,0,,,,,,,,,,,,,,,,,,,,,,,,,,,,,,,,,,,,,,,,,,,,,,,,,,,,,,,,,,,,,,
2026,2,sii,2026-08-20,2359,所羅門,9016213.0,2260124.0,11276337.0,4030540.0,278638,4309178.0,1714711,,911351,,-117034,-6042,,,,571652,6967159.0,0,0,,37.32,,3892521,6395507,100432,,,,,,,,,,,,,,,,,,,,,,,,,,,,,,,,,,,,,,,,,,,,,,,,,,,,,,,,,,,,,,
2026,2,sii,2026-08-20,2360,致茂,41211672.0,22489636.0,63701308.0,24636688.0,5354848,29991536.0,4252457,,4286945,,1228585,-30868,,,,719960,33709772.0,,0,,77.88,,23252693,32989812,1654579,,,,,,,,,,,,,,,,,,,,,,,,,,,,,,,,,,,,,,,,,,,,,,,,,,,,,,,,,,,,,,
2026,2,sii,2026-08-20,2362,藍天,25337313.0,84732945.0,110070258.0,22129977.0,41018686,63148663.0,6222630,,179435,,-268797,-873442,,,,,46921595.0,0,0,,81.18,,41661769,46921595,44263265,,,,,,,,,,,,,,,,,,,,,,,,,,,,,,,,,,,,,,,,,,,,,,,,,,,,,,,,,,,,,,
2026,2,sii,2026-08-20,2363,矽統,4082559.0,47996950.0,52079509.0,2318215.0,770633,3088848.0,5149882,,1777930,,37294523,-155570,,,,126191,48990661.0,,0,,95.34,,4797705,48864470,2455001,,,,,,,,,,,,,,,,,,,,,,,,,,,,,,,,,,,,,,,,,,,,,,,,,,,,,,,,,,,,,,
2026,2,sii,2026-08-20,2364,倫飛,1371619.0,590545.0,1962164.0,1044197.0,49502,1093699.0,576286,,157,,31318,,,,,-28906,868465.0,0,0,,17.13,,289610,897371,0,,,,,,,,,,,,,,,,,,,,,,,,,,,,,,,,,,,,,,,,,,,,,,,,,,,,,,,,,,,,,,
2026,2,sii,2026-08-20,2365,昆盈,1817118.0,1810101.0,3627219.0,259147.0,247175,506322.0,2215285,,227079,,-553165,,,,,43386,3120897.0,,0,,13.89,,1188312,3077511,0,,,,,,,,,,,,,,,,,,,,,,,,,,,,,,,,,,,,,,,,,,,,,,,,,,,,,,,,,,,,,,
2026,2,sii,2026-08-20,2367,燿華,9099278.0,18934286.0,28033564.0,9508691.0,6204983,15713674.0,7062532,,4045923,,81373,0,,,,,12319890.0,0,0,,17.44,,1130062,12319890,0,,,,,,,,,,,,,,,,,,,,,,,,,,,,,,,,,,,,,,,,,,,,,,,,,,,,,,,,,,,,,,
2026,2,sii,2026-08-20,2368,金像電,73410496.0,23651985.0,97062481.0,44285195.0,10584360,54869555.0,5229330,,12642710,,902828,-92754,,,,,42192926.0,,5886037,,81.49,,23510812,42192926,5151375,,,,,,,,,,,,,,,,,,,,,,,,,,,,,,,,,,,,,,,,,,,,,,,,,,,,,,,,,,,,,,
2026,2,sii,2026-08-20,2369,菱生,4047131.0,3718903.0,7766034.0,1691059.0,981180,2672239.0,3801023,,1007305,,-17872,-176415,,,,177284,5093795.0,,0,,13.13,,302470,4916511,5658911,,,,,,,,,,,,,,,,,,,,,,,,,,,,,,,,,,,,,,,,,,,,,,,,,,,,,,,,,,,,,,
2026,2,sii,2026-08-20,2371,大同,70411870.0,72497048.0,142908918.0,36029054.0,50701408,86730462.0,21508349,,3791713,,4514893,-2215590,,,,7960852,56178456.0,0,0,,23.57,,20618239,48217604,104778243,,,,,,,,,,,,,,,,,,,,,,,,,,,,,,,,,,,,,,,,,,,,,,,,,,,,,,,,,,,,,,
2026,2,sii,2026-08-20,2373,震旦行,9575265.0,8198515.0,17773780.0,7133989.0,1942823,9076812.0,2362025,,1963831,,174062,-791826,,,,1326057,8696968.0,,0,,32.95,,3662819,7370911,12496797,,,,,,,,,,,,,,,,,,,,,,,,,,,,,,,,,,,,,,,,,,,,,,,,,,,,,,,,,,,,,,
2026,2,sii,2026-08-20,2374,佳能,8439224.0,6398432.0,14837656.0,5320618.0,301162,5621780.0,3379921,,2189730,,233010,-156,,,,290526,9215876.0,,0,,26.41,,3122845,8925350,15600,,,,,,,,,,,,,,,,,,,,,,,,,,,,,,,,,,,,,,,,,,,,,,,,,,,,,,,,,,,,,,
2026,2,sii,2026-08-20,2375,凱美,7005163.0,7949232.0,14954395.0,3675020.0,645498,4320518.0,1086753,,4733532,,521580,,,,,,10633877.0,0,0,,97.85,,4292012,10633877,0,,,,,,,,,,,,,,,,,,,,,,,,,,,,,,,,,,,,,,,,,,,,,,,,,,,,,,,,,,,,,,
2026,2,sii,2026-08-20,2376,技嘉,253932735.0,17324134.0,271256869.0,175770017.0,26213280,201983297.0,6698889,,14047756,,3942424,,,,,2752898,69273572.0,0,0,,99.3,,41831605,66520674,0,,,,,,,,,,,,,,,,,,,,,,,,,,,,,,,,,,,,,,,,,,,,,,,,,,,,,,,,,,,,,,
2026,2,sii,2026-08-20,2377,微星,115611953.0,13000425.0,128612378.0,63245460.0,7308613,70554073.0,8448562,,807315,,318465,,,,,,58058305.0,0,0,,68.72,,48483963,58058305,0,,,,,,,,,,,,,,,,,,,,,,,,,,,,,,,,,,,,,,,,,,,,,,,,,,,,,,,,,,,,,,
2026,2,sii,2026-08-20,2379,瑞昱,111218632.0,36050678.0,147269310.0,93546620.0,3280534,96827154.0,5155126,,1630905,,5783732,,,,,9727,50442156.0,0,0,,97.83,,37862666,50432429,0,,,,,,,,,,,,,,,,,,,,,,,,,,,,,,,,,,,,,,,,,,,,,,,,,,,,,,,,,,,,,,
2026,2,sii,2026-08-20,2380,虹光,1721241.0,802714.0,2523955.0,1680078.0,251848,1931926.0,600000,,109311,,-25208,-6669,,,,2403,592029.0,0,0,,9.84,,-87808,589626,54176,,,,,,,,,,,,,,,,,,,,,,,,,,,,,,,,,,,,,,,,,,,,,,,,,,,,,,,,,,,,,,
2026,2,sii,2026-08-20,2382,廣達,1922808876.0,139718073.0,2062526949.0,1705318297.0,101392322,1806710619.0,38626274,,21149988,,9271741,-333094,,,,12191719,255816330.0,0,0,,63.2,,174909702,243624611,8108885,,,,,,,,,,,,,,,,,,,,,,,,,,,,,,,,,,,,,,,,,,,,,,,,,,,,,,,,,,,,,,
2026,2,sii,2026-08-20,2383,台光電,113288915.0,45288529.0,158577444.0,83610781.0,16654586,100265367.0,3583211,,11521350,,2231344,,,,,-23361,58312077.0,0,0,,162.8,,40999533,58335438,0,,,,,,,,,,,,,,,,,,,,,,,,,,,,,,,,,,,,,,,,,,,,,,,,,,,,,,,,,,,,,,
2026,2,sii,2026-08-20,2385,群光,81194949.0,29038678.0,110233627.0,56621747.0,741484,57363231.0,7657212,,11547944,,932149,-273574,,,,8000122,52870396.0,0,0,,61.18,,25006543,44870274,32363233,,,,,,,,,,,,,,,,,,,,,,,,,,,,,,,,,,,,,,,,,,,,,,,,,,,,,,,,,,,,,,
2026,2,sii,2026-08-20,2387,精元,14573958.0,5531906.0,20105864.0,7891921.0,680712,8572633.0,1952510,,139942,,-205920,-23737,,,,1154301,11533231.0,1730000,0,,54.12,,8516135,10378930,1730000,,,,,,,,,,,,,,,,,,,,,,,,,,,,,,,,,,,,,,,,,,,,,,,,,,,,,,,,,,,,,,
2026,2,sii,2026-08-20,2388,威盛,26565935.0,12977104.0,39543039.0,13968386.0,1372255,15340641.0,5559709,,7250607,,1274400,,,,,1977760,24202398.0,,20000,,39.98,,8139922,22224638,0,,,,,,,,,,,,,,,,,,,,,,,,,,,,,,,,,,,,,,,,,,,,,,,,,,,,,,,,,,,,,,
2026,2,sii,2026-08-20,2390,云辰,1672804.0,1054905.0,2727709.0,358854.0,12505,371359.0,1926194,,619157,,-27126,,,,,,2356350.0,,0,,12.23,,-161875,2356350,0,,,,,,,,,,,,,,,,,,,,,,,,,,,,,,,,,,,,,,,,,,,,,,,,,,,,,,,,,,,,,,
2026,2,sii,2026-08-20,2392,正崴,69446327.0,54059388.0,123505715.0,63264299.0,27872713,91137012.0,5123269,,11335250,,-600142,-622774,,,,3866653,32368703.0,0,0,,61.58,,13266447,28502050,49503000,,,,,,,,,,,,,,,,,,,,,,,,,,,,,,,,,,,,,,,,,,,,,,,,,,,,,,,,,,,,,,
2026,2,sii,2026-08-20,2393,億光,21008652.0,10449804.0,31458456.0,10759745.0,909833,11669578.0,4433931,,8659489,,-337547,,,,,571131,19788878.0,,0,,43.34,,6461874,19217747,0,,,,,,,,,,,,,,,,,,,,,,,,,,,,,,,,,,,,,,,,,,,,,,,,,,,,,,,,,,,,,,
2026,2,sii,2026-08-20,2395,研華,57103277.0,36100533.0,93203810.0,33371279.0,4378282,37749561.0,8690460,,10951815,,2533035,,,,,118971,55454249.0,,791521,,63.67,,33159968,55335278,0,,,,,,,,,,,,,,,,,,,,,,,,,,,,,,,,,,,,,,,,,,,,,,,,,,,,,,,,,,,,,,
2026,2,sii,2026-08-20,2397,友通,9551969.0,5128133.0,14680102.0,6762469.0,2223971,8986440.0,1144889,,899615,,-59779,,,,,2321692,5693662.0,0,0,,29.45,,1387245,3371970,0,,,,,,,,,,,,,,,,,,,,,,,,,,,,,,,,,,,,,,,,,,,,,,,,,,,,,,,,,,,,,,
2026,2,sii,2026-08-20,2399,映泰,3030585.0,658366.0,3688951.0,814759.0,43211,857970.0,1781000,,66778,,13302,,,,,,2830981.0,,0,,15.9,,969901,2830981,0,,,,,,,,,,,,,,,,,,,,,,,,,,,,,,,,,,,,,,,,,,,,,,,,,,,,,,,,,,,,,,
2026,2,sii,2026-08-20,2401,凌陽,9357125.0,5601483.0,14958608.0,2600031.0,1550444,4150475.0,5919949,,1162711,,-483651,-63401,,,,2350417,10808133.0,,0,,14.37,,1922108,8457716,3559996,,,,,,,,,,,,,,,,,,,,,,,,,,,,,,,,,,,,,,,,,,,,,,,,,,,,,,,,,,,,,,
2026,2,sii,2026-08-20,2402,毅嘉,10003907.0,6764296.0,16768203.0,6210161.0,3281275,9491436.0,3075366,,2312152,,374129,0,,,,,7276767.0,,0,,23.66,,1515120,7276767,0,,,,,,,,,,,,,,,,,,,,,,,,,,,,,,,,,,,,,,,,,,,,,,,,,,,,,,,,,,,,,,
2026,2,sii,2026-08-20,2404,漢唐,95379958.0,5099459.0,100479417.0,81392093.0,912038,82304131.0,1905867,,592369,,531934,-325240,,,,261515,18175286.0,0,0,,94.84,,15208841,17913771,1700000,,,,,,,,,,,,,,,,,,,,,,,,,,,,,,,,,,,,,,,,,,,,,,,,,,,,,,,,,,,,,,
2026,2,sii,2026-08-20,2405,輔信,1996209.0,2579808.0,4576017.0,928548.0,98221,1026769.0,3434273,,2159,,-63089,,,,,109579,3549248.0,,0,,10.02,,66326,3439669,0,,,,,,,,,,,,,,,,,,,,,,,,,,,,,,,,,,,,,,,,,,,,,,,,,,,,,,,,,,,,,,
2026,2,sii,2026-08-20,2406,國碩,7118952.0,10306134.0,17425086.0,3651395.0,4989045,8640440.0,3509057,,392262,,-157917,,,,,5076925,8784646.0,,0,,10.57,,-35681,3707721,0,,,,,,,,,,,,,,,,,,,,,,,,,,,,,,,,,,,,,,,,,,,,,,,,,,,,,,,,,,,,,,
2026,2,sii,2026-08-20,2408,南亞科,284521498.0,103236698.0,387758196.0,41174906.0,23884777,65059683.0,34502059,,108458568,,3894538,,,,,137910,322698513.0,0,0,,93.49,,175705438,322560603,0,,,,,,,,,,,,,,,,,,,,,,,,,,,,,,,,,,,,,,,,,,,,,,,,,,,,,,,,,,,,,,
2026,2,sii,2026-08-20,2409,友達,144236082.0,233440308.0,377676390.0,123417456.0,87356746,210774202.0,75470990,,45948560,,888939,0,,,,12504849,166902188.0,,0,,20.46,,32088850,154397339,0,,,,,,,,,,,,,,,,,,,,,,,,,,,,,,,,,,,,,,,,,,,,,,,,,,,,,,,,,,,,,,
2026,2,sii,2026-08-20,2412,中華電,143770298.0,409857089.0,553627387.0,117472787.0,54076151,171548938.0,77574465,,172569064,,861776,,,,,15448137,382078449.0,,0,,47.26,,115625007,366630312,0,,,,,,,,,,,,,,,,,,,,,,,,,,,,,,,,,,,,,,,,,,,,,,,,,,,,,,,,,,,,,,
2026,2,sii,2026-08-20,2413,環科,3284695.0,1405411.0,4690106.0,1468363.0,960187,2428550.0,1273592,,420756,,-402680,0,,,,377,2261556.0,0,0,,17.75,,969511,2261179,0,,,,,,,,,,,,,,,,,,,,,,,,,,,,,,,,,,,,,,,,,,,,,,,,,,,,,,,,,,,,,,
2026,2,sii,2026-08-20,2414,精技,16219303.0,1817388.0,18036691.0,13516645.0,206245,13722890.0,1617358,,296159,,-6955,,,,,1162251,4313801.0,,0,,19.49,,1244988,3151550,0,,,,,,,,,,,,,,,,,,,,,,,,,,,,,,,,,,,,,,,,,,,,,,,,,,,,,,,,,,,,,,
2026,2,sii,2026-08-20,2415,錩新,9057033.0,1847939.0,10904972.0,7098514.0,702850,7801364.0,1000000,,213854,,-3324,,,,,1375670,3103608.0,,0,,19.2,,517408,1727938,0,,,,,,,,,,,,,,,,,,,,,,,,,,,,,,,,,,,,,,,,,,,,,,,,,,,,,,,,,,,,,,
2026,2,sii,2026-08-20,2417,圓剛,3589430.0,2352154.0,5941584.0,1784424.0,318189,2102613.0,1572189,,739884,,-1597,-697304,,,,1091631,3838971.0,0,0,,21.61,,1134168,2747340,30084600,,,,,,,,,,,,,,,,,,,,,,,,,,,,,,,,,,,,,,,,,,,,,,,,,,,,,,,,,,,,,,
2026,2,sii,2026-08-20,2419,仲琦,9709154.0,2094143.0,11803297.0,5472527.0,317550,5790077.0,3213172,,1153618,,220740,,,,,1195512,6013220.0,0,0,,14.99,,230178,4817708,0,,,,,,,,,,,,,,,,,,,,,,,,,,,,,,,,,,,,,,,,,,,,,,,,,,,,,,,,,,,,,,
2026,2,sii,2026-08-20,2420,新巨,2719061.0,3348690.0,6067751.0,1194566.0,960055,2154621.0,1526487,,138051,,24042,,,,,18894,3913130.0,,0,,25.51,,2205656,3894236,0,,,,,,,,,,,,,,,,,,,,,,,,,,,,,,,,,,,,,,,,,,,,,,,,,,,,,,,,,,,,,,
2026,2,sii,2026-08-20,2421,建準,16282010.0,4853522.0,21135532.0,9914080.0,698900,10612980.0,2869437,,3082178,,-147417,-77943,,,,0,10522552.0,,0,,36.79,,4796297,10522552,904000,,,,,,,,,,,,,,,,,,,,,,,,,,,,,,,,,,,,,,,,,,,,,,,,,,,,,,,,,,,,,,
2026,2,sii,2026-08-20,2423,固緯,3011772.0,1318101.0,4329873.0,1200912.0,138996,1339908.0,1450472,,4157,,-96885,,,,,,2989965.0,0,0,,20.61,,1632221,2989965,0,,,,,,,,,,,,,,,,,,,,,,,,,,,,,,,,,,,,,,,,,,,,,,,,,,,,,,,,,,,,,,
2026,2,sii,2026-08-20,2424,隴華,123987.0,256302.0,380289.0,90130.0,18766,108896.0,595850,,0,,1960,,,,,19344,271393.0,0,0,,4.23,,-345761,252049,0,,,,,,,,,,,,,,,,,,,,,,,,,,,,,,,,,,,,,,,,,,,,,,,,,,,,,,,,,,,,,,
2026,2,sii,2026-08-20,2425,承啟,6484749.0,174917.0,6659666.0,3537667.0,99631,3637298.0,964988,,100,,55102,,,,,506351,3022368.0,0,0,,26.07,,1495827,2516017,0,,,,,,,,,,,,,,,,,,,,,,,,,,,,,,,,,,,,,,,,,,,,,,,,,,,,,,,,,,,,,,
2026,2,sii,2026-08-20,2426,鼎元,2805108.0,1939008.0,4744116.0,840895.0,68083,908978.0,3006223,,266774,,-23206,,,,,,3835138.0,,0,,12.76,,585347,3835138,0,,,,,,,,,,,,,,,,,,,,,,,,,,,,,,,,,,,,,,,,,,,,,,,,,,,,,,,,,,,,,,
2026,2,sii,2026-08-20,2427,三商電,4615525.0,2430115.0,7045640.0,2571610.0,986518,3558128.0,1979996,,341739,,-2956,,,,,0,3487512.0,,0,,17.61,,1168733,3487512,0,,,,,,,,,,,,,,,,,,,,,,,,,,,,,,,,,,,,,,,,,,,,,,,,,,,,,,,,,,,,,,
2026,2,sii,2026-08-20,2428,興勤,12682575.0,5998390.0,18680965.0,4236388.0,2525532,6761920.0,1281127,,352907,,411561,,,,,109150,11919045.0,,0,,92.18,,9764300,11809895,0,,,,,,,,,,,,,,,,,,,,,,,,,,,,,,,,,,,,,,,,,,,,,,,,,,,,,,,,,,,,,,
2026,2,sii,2026-08-20,2429,銘旺科,369340.0,1481292.0,1850632.0,218209.0,910511,1128720.0,855000,,451199,,-9235,,,,,12030,721912.0,,0,,8.3,,-587082,709882,0,,,,,,,,,,,,,,,,,,,,,,,,,,,,,,,,,,,,,,,,,,,,,,,,,,,,,,,,,,,,,,
2026,2,sii,2026-08-20,2430,燦坤,4304478.0,9190544.0,13495022.0,4941938.0,4232071,9174009.0,1168000,,1250840,,-75640,,,,,,4321013.0,0,0,,36.99,,1977813,4321013,0,,,,,,,,,,,,,,,,,,,,,,,,,,,,,,,,,,,,,,,,,,,,,,,,,,,,,,,,,,,,,,
2026,2,sii,2026-08-20,2431,聯昌,907775.0,290796.0,1198571.0,93517.0,26402,119919.0,1109270,,159338,,-21380,,,,,,1078652.0,0,0,,9.72,,-168576,1078652,0,,,,,,,,,,,,,,,,,,,,,,,,,,,,,,,,,,,,,,,,,,,,,,,,,,,,,,,,,,,,,,
2026,2,sii,2026-08-20,2432,倚天酷碁-創,1395245.0,565577.0,1960822.0,774449.0,22905,797354.0,618600,,358935,,-77291,,,0,,,1163468.0,0,0,,18.81,,263224,1163468,0,,,,,,,,,,,,,,,,,,,,,,,,,,,,,,,,,,,,,,,,,,,,,,,,,,,,,,,,,,,,,,
2026,2,sii,2026-08-20,2433,互盛電,3751525.0,3712443.0,7463968.0,2464310.0,938897,3403207.0,1444960,,42643,,476414,,,,,797904,4060761.0,,0,,22.58,,1298840,3262857,0,,,,,,,,,,,,,,,,,,,,,,,,,,,,,,,,,,,,,,,,,,,,,,,,,,,,,,,,,,,,,,
2026,2,sii,2026-08-20,2434,統懋,72913.0,601286.0,674199.0,122523.0,103181,225704.0,370000,,101419,,-4809,,,,,,448495.0,,0,,12.12,,-18115,448495,0,,,,,,,,,,,,,,,,,,,,,,,,,,,,,,,,,,,,,,,,,,,,,,,,,,,,,,,,,,,,,,
2026,2,sii,2026-08-20,2436,偉詮電,5781611.0,1397591.0,7179202.0,2213083.0,155923,2369006.0,2041776,,1185844,,-14563,-185963,,,,11810,4810196.0,0,0,,23.82,,1771292,4798386,2711000,,,,,,,,,,,,,,,,,,,,,,,,,,,,,,,,,,,,,,,,,,,,,,,,,,,,,,,,,,,,,,
2026,2,sii,2026-08-20,2438,翔耀,707512.0,1075738.0,1783250.0,621598.0,552004,1173602.0,711956,,66621,,-54570,-17920,,,,228800,609648.0,,0,,5.58,,-325239,380848,3000000,,,,,,,,,,,,,,,,,,,,,,,,,,,,,,,,,,,,,,,,,,,,,,,,,,,,,,,,,,,,,,
2026,2,sii,2026-08-20,2439,美律,27553366.0,13272456.0,40825822.0,16828471.0,5396839,22225310.0,2536413,,8470329,,-464402,-432739,,,,1813574,18600512.0,0,0,,67.51,,6677337,16786938,5000000,,,,,,,,,,,,,,,,,,,,,,,,,,,,,,,,,,,,,,,,,,,,,,,,,,,,,,,,,,,,,,
2026,2,sii,2026-08-20,2440,太空梭,2384918.0,832125.0,3217043.0,1323858.0,85998,1409856.0,1391173,,5109,,461020,,,,,,1807187.0,0,0,,12.99,,-50115,1807187,0,,,,,,,,,,,,,,,,,,,,,,,,,,,,,,,,,,,,,,,,,,,,,,,,,,,,,,,,,,,,,,
2026,2,sii,2026-08-20,2441,超豐,13592628.0,20069655.0,33662283.0,5895178.0,279543,6174721.0,5688459,,2775,,4717462,,,,,1796,27487562.0,,0,,48.32,,17077070,27485766,0,,,,,,,,,,,,,,,,,,,,,,,,,,,,,,,,,,,,,,,,,,,,,,,,,,,,,,,,,,,,,,
2026,2,sii,2026-08-20,2442,新美齊,20244497.0,2429403.0,22673900.0,13803081.0,1306656,15109737.0,3479983,,736635,,-66121,,,,,637500,7564163.0,0,0,,21.3,,2776166,6926663,0,,,,,,,,,,,,,,,,,,,,,,,,,,,,,,,,,,,,,,,,,,,,,,,,,,,,,,,,,,,,,,
2026,2,sii,2026-08-20,2444,兆勁,923772.0,800311.0,1724083.0,575709.0,476072,1051781.0,1015696,,153945,,-8213,0,,0,,5000,672302.0,,0,,6.57,,-494126,667302,0,,,,,,,,,,,,,,,,,,,,,,,,,,,,,,,,,,,,,,,,,,,,,,,,,,,,,,,,,,,,,,
2026,2,sii,2026-08-20,2449,京元電子,30507886.0,98240764.0,128748650.0,20713873.0,45362292,66076165.0,12838824,,5080949,,13553049,,,,,8420,62672485.0,,0,,51.25,,31191243,62664065,0,,,,,,,,,,,,,,,,,,,,,,,,,,,,,,,,,,,,,,,,,,,,,,,,,,,,,,,,,,,,,,
2026,2,sii,2026-08-20,2450,神腦,6841488.0,3921464.0,10762952.0,3824033.0,715348,4539381.0,2582527,,738199,,-26773,,,,,8441,6223571.0,,0,,24.07,,2921177,6215130,0,,,,,,,,,,,,,,,,,,,,,,,,,,,,,,,,,,,,,,,,,,,,,,,,,,,,,,,,,,,,,,
2026,2,sii,2026-08-20,2451,創見,46298310.0,7645174.0,53943484.0,14982992.0,487990,15470982.0,4313457,,2945805,,266782,,,,,,38472502.0,0,0,,89.19,,30946458,38472502,0,,,,,,,,,,,,,,,,,,,,,,,,,,,,,,,,,,,,,,,,,,,,,,,,,,,,,,,,,,,,,,
2026,2,sii,2026-08-20,2453,凌群,3736739.0,818402.0,4555141.0,2287080.0,139480,2426560.0,1000000,,2418,,48521,0,,,,8924,2128581.0,0,0,,21.2,,1068718,2119657,0,,,,,,,,,,,,,,,,,,,,,,,,,,,,,,,,,,,,,,,,,,,,,,,,,,,,,,,,,,,,,,
2026,2,sii,2026-08-20,2454,聯發科,397005577.0,390442795.0,787448372.0,320318775.0,34487897,354806672.0,16038954,,35193395,,43251130,-55970,,,,8451464,432641700.0,,0,,265.77,,329762727,424190236,7794085,,,,,,,,,,,,,,,,,,,,,,,,,,,,,,,,,,,,,,,,,,,,,,,,,,,,,,,,,,,,,,
2026,2,sii,2026-08-20,2455,全新,3024000.0,2692733.0,5716733.0,1373593.0,650031,2023624.0,1869834,,488722,,-46200,0,,,,,3693109.0,0,2077525,,19.75,,1380753,,0,,,,,,,,,,,,,,,,,,,,,,,,,,,,,,,,,,,,,,,,,,,,,,,,,,,,,,,,,,,,,,
2026,2,sii,2026-08-20,2457,飛宏,7697087.0,5727496.0,13424583.0,3589289.0,967706,4556995.0,4247724,,4485122,,-51502,0,,,,,8867588.0,,0,,20.88,,186244,8867588,0,,,,,,,,,,,,,,,,,,,,,,,,,,,,,,,,,,,,,,,,,,,,,,,,,,,,,,,,,,,,,,
2026,2,sii,2026-08-20,2458,義隆,7959746.0,8881353.0,16841099.0,3492592.0,1837240,5329832.0,3038804,,1319124,,-39691,-213771,,0,,148921,11511267.0,,0,,39.14,0,7257880,11362346,13614199,,,,,,,,,,,,,,,,,,,,,,,,,,,,,,,,,,,,,,,,,,,,,,,,,,,,,,,,,,,,,,
2026,2,sii,2026-08-20,2459,敦吉,6533140.0,3184130.0,9717270.0,3278526.0,90729,3369255.0,1055956,,181895,,456569,,,,,400686,6348015.0,,0,,56.32,,4252909,5947329,0,,,,,,,,,,,,,,,,,,,,,,,,,,,,,,,,,,,,,,,,,,,,,,,,,,,,,,,,,,,,,,
2026,2,sii,2026-08-20,2460,建通,3120253.0,2082963.0,5203216.0,3081525.0,492142,3573667.0,1692000,,0,,-4091,0,,,,,1629549.0,,0,,9.63,,-58360,1629549,0,,,,,,,,,,,,,,,,,,,,,,,,,,,,,,,,,,,,,,,,,,,,,,,,,,,,,,,,,,,,,,
2026,2,sii,2026-08-20,2461,光群雷,4997582.0,3668669.0,8666251.0,3123139.0,1286035,4409174.0,1918880,,882220,,-133659,-135685,,,,865757,4257077.0,,0,,18.43,,859564,3391320,7864000,,,,,,,,,,,,,,,,,,,,,,,,,,,,,,,,,,,,,,,,,,,,,,,,,,,,,,,,,,,,,,
2026,2,sii,2026-08-20,2462,良得電,3761911.0,2508647.0,6270558.0,2253497.0,304877,2558374.0,1507844,,591248,,-113139,,,,,412764,3712184.0,0,0,,21.88,,1313467,3299420,0,,,,,,,,,,,,,,,,,,,,,,,,,,,,,,,,,,,,,,,,,,,,,,,,,,,,,,,,,,,,,,
2026,2,sii,2026-08-20,2464,盟立,8699228.0,4221114.0,12920342.0,6861812.0,289433,7151245.0,2166804,,1653575,,63745,,,,,63856,5769097.0,,0,,26.33,,1821117,5705241,0,,,,,,,,,,,,,,,,,,,,,,,,,,,,,,,,,,,,,,,,,,,,,,,,,,,,,,,,,,,,,,
2026,2,sii,2026-08-20,2465,麗臺,2082460.0,292971.0,2375431.0,992453.0,19645,1012098.0,939460,,145184,,16766,,,,,0,1363333.0,0,0,,14.51,,261923,1363333,0,,,,,,,,,,,,,,,,,,,,,,,,,,,,,,,,,,,,,,,,,,,,,,,,,,,,,,,,,,,,,,
2026,2,sii,2026-08-20,2466,冠西電,1319216.0,3327529.0,4646745.0,1112313.0,1597250,2709563.0,1734587,,303838,,-323613,,,,,,1937182.0,,0,,11.17,,222370,1937182,0,,,,,,,,,,,,,,,,,,,,,,,,,,,,,,,,,,,,,,,,,,,,,,,,,,,,,,,,,,,,,,
2026,2,sii,2026-08-20,2467,志聖,10483123.0,18678664.0,29161787.0,8766584.0,4065196,12831780.0,1615137,,2305713,,10184564,-220845,,,,512992,16330007.0,0,0,,100.34,,1932446,15817015,3886486,,,,,,,,,,,,,,,,,,,,,,,,,,,,,,,,,,,,,,,,,,,,,,,,,,,,,,,,,,,,,,
2026,2,sii,2026-08-20,2468,華經,1990450.0,597550.0,2588000.0,1290293.0,49379,1339672.0,699612,,62361,,-713,,,,,,1248328.0,,0,,17.84,,487068,1248328,0,,,,,,,,,,,,,,,,,,,,,,,,,,,,,,,,,,,,,,,,,,,,,,,,,,,,,,,,,,,,,,
2026,2,sii,2026-08-20,2471,資通,1424572.0,242927.0,1667499.0,733514.0,64889,798403.0,472539,,156500,,-2234,,,,,3652,869096.0,0,0,,18.31,,238639,865444,0,,,,,,,,,,,,,,,,,,,,,,,,,,,,,,,,,,,,,,,,,,,,,,,,,,,,,,,,,,,,,,
2026,2,sii,2026-08-20,2472,立隆電,12552765.0,7244109.0,19796874.0,4358997.0,844315,5203312.0,1647351,,2057664,,370629,,,,,5049593,14593562.0,0,0,,57.94,,5468325,9543969,0,,,,,,,,,,,,,,,,,,,,,,,,,,,,,,,,,,,,,,,,,,,,,,,,,,,,,,,,,,,,,,
2026,2,sii,2026-08-20,2474,可成,107292448.0,121692203.0,228984651.0,80141405.0,7229417,87370822.0,5388211,,14176327,,2422484,0,,,,3231019,141613829.0,,0,,256.83,,116395788,138382810,0,,,,,,,,,,,,,,,,,,,,,,,,,,,,,,,,,,,,,,,,,,,,,,,,,,,,,,,,,,,,,,
2026,2,sii,2026-08-20,2476,鉅祥,9173169.0,4424934.0,13598103.0,2918044.0,840929,3758973.0,2190705,,1001979,,314359,,,,,725554,9839130.0,,989456,,41.6,,5606533,9113576,0,,,,,,,,,,,,,,,,,,,,,,,,,,,,,,,,,,,,,,,,,,,,,,,,,,,,,,,,,,,,,,
2026,2,sii,2026-08-20,2477,美隆電,5623768.0,3054011.0,8677779.0,2820157.0,1467475,4287632.0,1585732,,6284,,71982,,,,,315083,4390147.0,,0,,25.7,,2411066,4075064,0,,,,,,,,,,,,,,,,,,,,,,,,,,,,,,,,,,,,,,,,,,,,,,,,,,,,,,,,,,,,,,
2026,2,sii,2026-08-20,2478,大毅,5963319.0,4593049.0,10556368.0,2301841.0,857545,3159386.0,1447313,,1525472,,-169364,-87880,,,,124657,7396982.0,,0,,50.95,,4556784,7272325,2000000,,,,,,,,,,,,,,,,,,,,,,,,,,,,,,,,,,,,,,,,,,,,,,,,,,,,,,,,,,,,,,
2026,2,sii,2026-08-20,2480,敦陽科,8234016.0,1238324.0,9472340.0,6130251.0,66428,6196679.0,1063603,,166514,,64116,0,,,,0,3275661.0,0,0,,30.8,,1981428,3275661,0,,,,,,,,,,,,,,,,,,,,,,,,,,,,,,,,,,,,,,,,,,,,,,,,,,,,,,,,,,,,,,
2026,2,sii,2026-08-20,2481,強茂,14812119.0,16668663.0,31480782.0,9104928.0,5928361,15033289.0,3821149,,6163102,,-158816,,,,,1388043,16447493.0,,0,,39.41,,5234015,15059450,0,,,,,,,,,,,,,,,,,,,,,,,,,,,,,,,,,,,,,,,,,,,,,,,,,,,,,,,,,,,,,,
2026,2,sii,2026-08-20,2482,連宇,919023.0,457123.0,1376146.0,259584.0,10538,270122.0,778827,,147988,,35673,,,,,597,1106024.0,,0,,14.19,,142939,1105427,0,,,,,,,,,,,,,,,,,,,,,,,,,,,,,,,,,,,,,,,,,,,,,,,,,,,,,,,,,,,,,,
2026,2,sii,2026-08-20,2483,百容,1679704.0,2777933.0,4457637.0,1093894.0,621125,1715019.0,1078898,,227137,,234781,-9223,,,,14293,2742618.0,,0,,25.4,,1196732,2728325,473000,,,,,,,,,,,,,,,,,,,,,,,,,,,,,,,,,,,,,,,,,,,,,,,,,,,,,,,,,,,,,,
2026,2,sii,2026-08-20,2484,希華,3264442.0,1823039.0,5087481.0,719059.0,260083,979142.0,1594210,,690878,,-164363,,,,,5895,4108339.0,,0,,25.73,,1981719,4102444,0,,,,,,,,,,,,,,,,,,,,,,,,,,,,,,,,,,,,,,,,,,,,,,,,,,,,,,,,,,,,,,
2026,2,sii,2026-08-20,2485,兆赫,4190373.0,2519469.0,6709842.0,1149052.0,46886,1195938.0,3176890,,549692,,-63799,,,,,173771,5513904.0,0,0,,16.81,,1677350,5340133,0,,,,,,,,,,,,,,,,,,,,,,,,,,,,,,,,,,,,,,,,,,,,,,,,,,,,,,,,,,,,,,
2026,2,sii,2026-08-20,2486,一詮,6823577.0,8292315.0,15115892.0,3762580.0,4943920,8706500.0,2405826,,3516365,,-46910,-154397,,,,279162,6409392.0,0,4612931,,25.7,,409346,6130230,2000000,,,,,,,,,,,,,,,,,,,,,,,,,,,,,,,,,,,,,,,,,,,,,,,,,,,,,,,,,,,,,,
2026,2,sii,2026-08-20,2488,漢平,3325796.0,887016.0,4212812.0,1190328.0,245102,1435430.0,799994,,34170,,-14069,,,,,,2777382.0,0,0,,34.72,,1957287,2777382,0,,,,,,,,,,,,,,,,,,,,,,,,,,,,,,,,,,,,,,,,,,,,,,,,,,,,,,,,,,,,,,
2026,2,sii,2026-08-20,2489,瑞軒,18416485.0,5027640.0,23444125.0,9766837.0,302909,10069746.0,6100000,,2261663,,61290,,,,,156919,13374379.0,0,0,,21.67,,4794507,13217460,0,,,,,,,,,,,,,,,,,,,,,,,,,,,,,,,,,,,,,,,,,,,,,,,,,,,,,,,,,,,,,,
2026,2,sii,2026-08-20,2491,吉祥全,5541108.0,773706.0,6314814.0,1091162.0,31630,1122792.0,820080,,82659,,690510,,,,,1113418,5192022.0,0,0,,49.73,,2485355,4078604,0,,,,,,,,,,,,,,,,,,,,,,,,,,,,,,,,,,,,,,,,,,,,,,,,,,,,,,,,,,,,,,
2026,2,sii,2026-08-20,2492,華新科,37442283.0,82414786.0,119857069.0,23748683.0,17535585,41284268.0,4852048,,3092889,,18750837,0,,,,12134719,78572801.0,,0,,136.93,,39742308,66438082,0,,,,,,,,,,,,,,,,,,,,,,,,,,,,,,,,,,,,,,,,,,,,,,,,,,,,,,,,,,,,,,
2026,2,sii,2026-08-20,2493,揚博,5015587.0,1305360.0,6320947.0,3067746.0,169361,3237107.0,1267965,,322023,,115732,,,,,,3083840.0,0,0,,24.32,,1378120,3083840,0,,,,,,,,,,,,,,,,,,,,,,,,,,,,,,,,,,,,,,,,,,,,,,,,,,,,,,,,,,,,,,
2026,2,sii,2026-08-20,2495,普安,7157364.0,755802.0,7913166.0,3317103.0,61320,3378423.0,2735515,,88876,,14875,,,,,0,4534743.0,0,0,,16.58,,1695477,4534743,0,,,,,,,,,,,,,,,,,,,,,,,,,,,,,,,,,,,,,,,,,,,,,,,,,,,,,,,,,,,,,,
2026,2,sii,2026-08-20,2496,卓越,553456.0,999933.0,1553389.0,561160.0,110038,671198.0,200555,,295443,,-20,,,,,5433,882191.0,,0,,43.72,,380780,876758,0,,,,,,,,,,,,,,,,,,,,,,,,,,,,,,,,,,,,,,,,,,,,,,,,,,,,,,,,,,,,,,
2026,2,sii,2026-08-20,2497,怡利電,3602251.0,2987438.0,6589689.0,2867445.0,794527,3661972.0,1308877,,977402,,15050,,,,,,2927717.0,,0,,22.37,,626388,2927717,0,,,,,,,,,,,,,,,,,,,,,,,,,,,,,,,,,,,,,,,,,,,,,,,,,,,,,,,,,,,,,,
2026,2,sii,2026-08-20,2498,宏達電,19203212.0,19666087.0,38869299.0,8721210.0,3934556,12655766.0,8360971,,16342365,,-2743889,,,,,,26213533.0,,0,,31.35,,4254086,26213533,0,,,,,,,,,,,,,,,,,,,,,,,,,,,,,,,,,,,,,,,,,,,,,,,,,,,,,,,,,,,,,,
2026,2,sii,2026-08-20,2501,國建,66673145.0,24263350.0,90936495.0,39628763.0,16902148,56530911.0,11595611,,182206,,3211868,,,,,2326044,34405584.0,,0,,27.67,,17089855,32079540,0,,,,,,,,,,,,,,,,,,,,,,,,,,,,,,,,,,,,,,,,,,,,,,,,,,,,,,,,,,,,,,
2026,2,sii,2026-08-20,2504,國產,14662042.0,35570608.0,50232650.0,12644028.0,10501884,23145912.0,11800000,,1236631,,157436,-4789,,,,1195092,27086738.0,,0,,22.0,,12702368,25891646,3116108,,,,,,,,,,,,,,,,,,,,,,,,,,,,,,,,,,,,,,,,,,,,,,,,,,,,,,,,,,,,,,
2026,2,sii,2026-08-20,2505,國揚,20826608.0,2851255.0,23677863.0,12637222.0,122042,12759264.0,3800000,,627683,,-58628,,,,,170233,10918599.0,0,0,,28.29,,6379311,10748366,0,,,,,,,,,,,,,,,,,,,,,,,,,,,,,,,,,,,,,,,,,,,,,,,,,,,,,,,,,,,,,,
2026,2,sii,2026-08-20,2506,太設,8817796.0,5695064.0,14512860.0,4035889.0,664452,4700341.0,3870000,,414998,,919335,-193207,,,,1850945,9812519.0,,0,,22.02,,2950448,7961574,25443994,,,,,,,,,,,,,,,,,,,,,,,,,,,,,,,,,,,,,,,,,,,,,,,,,,,,,,,,,,,,,,
2026,2,sii,2026-08-20,2509,全坤建,11676646.0,2803945.0,14480591.0,9265445.0,1070573,10336018.0,2245505,,541603,,5578,,,,,298662,4144573.0,0,0,,17.13,,1053225,3845911,0,,,,,,,,,,,,,,,,,,,,,,,,,,,,,,,,,,,,,,,,,,,,,,,,,,,,,,,,,,,,,,
2026,2,sii,2026-08-20,2511,太子,21525169.0,25904810.0,47429979.0,8145715.0,13413656,21559371.0,16233261,,2260513,,1835714,-1003,,,,165157,25870608.0,0,0,,15.84,,5376966,25705451,655424,,,,,,,,,,,,,,,,,,,,,,,,,,,,,,,,,,,,,,,,,,,,,,,,,,,,,,,,,,,,,,
2026,2,sii,2026-08-20,2514,龍邦,14316563.0,23438631.0,37755194.0,9872944.0,7889158,17762102.0,3947293,,233978,,-229237,-614333,,,,7605523,19993092.0,,0,,34.59,,9049868,12387569,36608592,,,,,,,,,,,,,,,,,,,,,,,,,,,,,,,,,,,,,,,,,,,,,,,,,,,,,,,,,,,,,,
2026,2,sii,2026-08-20,2515,中工,56819221.0,9334628.0,66153849.0,25227277.0,17582981,42810258.0,16884601,,96532,,-1351810,,,,,126442,23343591.0,,0,,14.44,,7587826,23217149,0,,,,,,,,,,,,,,,,,,,,,,,,,,,,,,,,,,,,,,,,,,,,,,,,,,,,,,,,,,,,,,
2026,2,sii,2026-08-20,2516,新建,5841171.0,1603527.0,7444698.0,5116553.0,118962,5235515.0,2262785,,13156,,98640,,,,,,2209183.0,,0,,9.76,,-165398,2209183,0,,,,,,,,,,,,,,,,,,,,,,,,,,,,,,,,,,,,,,,,,,,,,,,,,,,,,,,,,,,,,,
2026,2,sii,2026-08-20,2520,冠德,54839815.0,12105953.0,66945768.0,31895824.0,6597305,38493129.0,6094871,,1529104,,-28210,-288946,,,,4581703,28452639.0,0,0,,40.49,,16564117,23870936,19865008,,,,,,,,,,,,,,,,,,,,,,,,,,,,,,,,,,,,,,,,,,,,,,,,,,,,,,,,,,,,,,
2026,2,sii,2026-08-20,2524,京城,39686367.0,843608.0,40529975.0,11333777.0,7930187,19263964.0,3667927,,34228,,0,0,,,,,21266011.0,,0,,58.11,,17563856,21266011,0,,,,,,,,,,,,,,,,,,,,,,,,,,,,,,,,,,,,,,,,,,,,,,,,,,,,,,,,,,,,,,
2026,2,sii,2026-08-20,2527,宏璟,13638826.0,36285731.0,49924557.0,9157166.0,3580172,12737338.0,2703060,,388635,,29267120,-455812,,,,356778,37187219.0,,0,,140.7,,4927438,36830441,8547695,,,,,,,,,,,,,,,,,,,,,,,,,,,,,,,,,,,,,,,,,,,,,,,,,,,,,,,,,,,,,,
2026,2,sii,2026-08-20,2528,皇普,21004657.0,666851.0,21671508.0,11046925.0,3096013,14142938.0,5011004,,1663874,,-44341,,,,,,7528570.0,0,0,,17.27,,898033,,0,,,,,,,,,,,,,,,,,,,,,,,,,,,,,,,,,,,,,,,,,,,,,,,,,,,,,,,,,,,,,,
2026,2,sii,2026-08-20,2530,華建,30744777.0,273358.0,31018135.0,18050172.0,2756867,20807039.0,8412557,,1030704,,4507,,,,,214797,10211096.0,,0,,11.88,,548531,9996299,0,,,,,,,,,,,,,,,,,,,,,,,,,,,,,,,,,,,,,,,,,,,,,,,,,,,,,,,,,,,,,,
2026,2,sii,2026-08-20,2534,宏盛,17564416.0,14702731.0,32267147.0,14233063.0,3711807,17944870.0,4742280,,2344007,,91391,-45822,,,,,14322277.0,,0,,30.28,,7190421,14322277,1227150,,,,,,,,,,,,,,,,,,,,,,,,,,,,,,,,,,,,,,,,,,,,,,,,,,,,,,,,,,,,,,
2026,2,sii,2026-08-20,2535,達欣工,28785712.0,2263248.0,31048960.0,15536992.0,4351734,19888726.0,2707940,,2468152,,322,-124076,,,,347609,11160234.0,,0,,41.6,,5760287,10812625,10902228,,,,,,,,,,,,,,,,,,,,,,,,,,,,,,,,,,,,,,,,,,,,,,,,,,,,,,,,,,,,,,
2026,2,sii,2026-08-20,2536,宏普,35476131.0,3347392.0,38823523.0,21594630.0,3575216,25169846.0,3328087,,2042348,,0,,,,,928334,13653677.0,,0,,38.24,,7354908,12725343,0,,,,,,,,,,,,,,,,,,,,,,,,,,,,,,,,,,,,,,,,,,,,,,,,,,,,,,,,,,,,,,
2026,2,sii,2026-08-20,2537,聯上發,18127701.0,750622.0,18878323.0,12932315.0,1387755,14320070.0,3005579,,564882,,0,,,,,,4558253.0,,0,,15.17,,987792,,0,,,,,,,,,,,,,,,,,,,,,,,,,,,,,,,,,,,,,,,,,,,,,,,,,,,,,,,,,,,,,,
2026,2,sii,2026-08-20,2538,基泰,11185670.0,6323183.0,17508853.0,8538562.0,3485012,12023574.0,4450255,,58597,,-198453,,,,,0,5485279.0,,0,,12.33,,1174880,5485279,0,,,,,,,,,,,,,,,,,,,,,,,,,,,,,,,,,,,,,,,,,,,,,,,,,,,,,,,,,,,,,,
2026,2,sii,2026-08-20,2539,櫻花建,32443598.0,119714.0,32563312.0,10451897.0,2098785,12550682.0,14555850,,95405,,0,,,,,0,20012630.0,,0,,16.77,,5361375,20012630,0,,,,,,,,,,,,,,,,,,,,,,,,,,,,,,,,,,,,,,,,,,,,,,,,,,,,,,,,,,,,,,
2026,2,sii,2026-08-20,2540,愛山林,56803470.0,6405992.0,63209462.0,46887656.0,5549214,52436870.0,9448741,,495174,,0,,,,,0,10772592.0,,0,,11.4,,828677,10772592,0,,,,,,,,,,,,,,,,,,,,,,,,,,,,,,,,,,,,,,,,,,,,,,,,,,,,,,,,,,,,,,
2026,2,sii,2026-08-20,2542,興富發,247201365.0,24151464.0,271352829.0,176317168.0,34586469,210903637.0,21530835,,8734528,,1491,-81654,,,,11037026,60449192.0,,0,,23.4,,19226966,49412166,41145835,,,,,,,,,,,,,,,,,,,,,,,,,,,,,,,,,,,,,,,,,,,,,,,,,,,,,,,,,,,,,,
2026,2,sii,2026-08-20,2543,皇昌,10548294.0,12641526.0,23189820.0,10394132.0,3039679,13433811.0,5285419,,3265459,,0,-661627,,,,394015,9756009.0,,0,,18.2,,1472743,9361994,14235000,,,,,,,,,,,,,,,,,,,,,,,,,,,,,,,,,,,,,,,,,,,,,,,,,,,,,,,,,,,,,,
2026,2,sii,2026-08-20,2545,皇翔,45857347.0,18636643.0,64493990.0,30440951.0,19404703,49845654.0,3797348,,1532566,,,,,,,,14648336.0,,0,,38.58,,9318422,14648336,0,,,,,,,,,,,,,,,,,,,,,,,,,,,,,,,,,,,,,,,,,,,,,,,,,,,,,,,,,,,,,,
2026,2,sii,2026-08-20,2546,根基,16186200.0,922183.0,17108383.0,10241770.0,296687,10538457.0,1461871,,519313,,225255,,,,,231,6569926.0,,0,,50.33,,4363256,6569695,0,,,,,,,,,,,,,,,,,,,,,,,,,,,,,,,,,,,,,,,,,,,,,,,,,,,,,,,,,,,,,,
2026,2,sii,2026-08-20,2547,日勝生,20516372.0,44001812.0,64518184.0,26347254.0,23606984,49954238.0,10350946,,396180,,-3984,,,,,1100773,14563946.0,,0,,13.01,,2720031,13463173,0,,,,,,,,,,,,,,,,,,,,,,,,,,,,,,,,,,,,,,,,,,,,,,,,,,,,,,,,,,,,,,
2026,2,sii,2026-08-20,2548,華固,51562335.0,2312229.0,53874564.0,23129405.0,9934010,33063415.0,3357046,,821651,,36755,-850,,,,7666,20811149.0,0,0,,65.11,,16588881,20803483,201378,,,,,,,,,,,,,,,,,,,,,,,,,,,,,,,,,,,,,,,,,,,,,,,,,,,,,,,,,,,,,,
2026,2,sii,2026-08-20,2597,潤弘,18041540.0,11843569.0,29885109.0,15987064.0,4565437,20552501.0,3107160,,846434,,358237,,,,,1894753,9332608.0,0,0,,23.94,,3126024,7437855,0,,,,,,,,,,,,,,,,,,,,,,,,,,,,,,,,,,,,,,,,,,,,,,,,,,,,,,,,,,,,,,
2026,2,sii,2026-08-20,2601,益航,2901508.0,8503416.0,11404924.0,2950920.0,1004206,3955126.0,8247761,,0,,609934,0,,,,101321,7449798.0,,0,,8.91,,-1509218,7348477,0,,,,,,,,,,,,,,,,,,,,,,,,,,,,,,,,,,,,,,,,,,,,,,,,,,,,,,,,,,,,,,
2026,2,sii,2026-08-20,2603,長榮,260718061.0,707628612.0,968346673.0,187821313.0,197085484,384906797.0,21650430,,20320454,,27093820,,,,,22497017,583439876.0,0,0,,259.09,,491878155,560942859,0,,,,,,,,,,,,,,,,,,,,,,,,,,,,,,,,,,,,,,,,,,,,,,,,,,,,,,,,,,,,,,
2026,2,sii,2026-08-20,2605,新興,15056565.0,11379989.0,26436554.0,7094581.0,10682,7105263.0,5853533,,165982,,-171609,,,,,,19331291.0,,0,,33.02,,13483385,19331291,0,,,,,,,,,,,,,,,,,,,,,,,,,,,,,,,,,,,,,,,,,,,,,,,,,,,,,,,,,,,,,,
2026,2,sii,2026-08-20,2606,裕民,31335037.0,60014494.0,91349531.0,19359357.0,31674774,51034131.0,8450557,,115852,,4754066,,,,,,40315400.0,,0,,47.71,,26994925,40315400,0,,,,,,,,,,,,,,,,,,,,,,,,,,,,,,,,,,,,,,,,,,,,,,,,,,,,,,,,,,,,,,
2026,2,sii,2026-08-20,2607,榮運,16180034.0,31897343.0,48077377.0,8149445.0,8247391,16396836.0,5335705,,4268841,,5190472,,,,,314855,31680541.0,0,0,,58.78,,16570668,31365686,0,,,,,,,,,,,,,,,,,,,,,,,,,,,,,,,,,,,,,,,,,,,,,,,,,,,,,,,,,,,,,,
2026,2,sii,2026-08-20,2608,嘉里大榮,4409149.0,20788789.0,25197938.0,4097034.0,8252808,12349842.0,4670005,,2308,,99131,,,,,655440,12848096.0,,0,,26.11,,7421212,12192656,0,,,,,,,,,,,,,,,,,,,,,,,,,,,,,,,,,,,,,,,,,,,,,,,,,,,,,,,,,,,,,,
2026,2,sii,2026-08-20,2609,陽明,210115695.0,247644572.0,457760267.0,49922803.0,79927296,129850099.0,34921043,,27975030,,857868,,,,,809270,327910168.0,,0,,93.67,,263346957,327100898,0,,,,,,,,,,,,,,,,,,,,,,,,,,,,,,,,,,,,,,,,,,,,,,,,,,,,,,,,,,,,,,
2026,2,sii,2026-08-20,2610,華航,88694123.0,302332524.0,391026647.0,132705496.0,152978514,285684010.0,61449886,,6304877,,-359709,-30875,,,,5302633,105342637.0,,0,,16.29,,32675825,100040004,2074628,,,,,,,,,,,,,,,,,,,,,,,,,,,,,,,,,,,,,,,,,,,,,,,,,,,,,,,,,,,,,,
2026,2,sii,2026-08-20,2611,志信,2468478.0,1324922.0,3793400.0,295607.0,545470,841077.0,1890023,,41258,,-36690,,,,,176710,2952323.0,,0,,14.69,,881022,2775613,0,,,,,,,,,,,,,,,,,,,,,,,,,,,,,,,,,,,,,,,,,,,,,,,,,,,,,,,,,,,,,,
2026,2,sii,2026-08-20,2612,中航,3911211.0,23942474.0,27853685.0,3281603.0,10699208,13980811.0,1974846,,53412,,268650,0,,0,,19104,13872874.0,0,0,,70.15,,11556862,13853770,0,,,,,,,,,,,,,,,,,,,,,,,,,,,,,,,,,,,,,,,,,,,,,,,,,,,,,,,,,,,,,,
2026,2,sii,2026-08-20,2613,中櫃,1659699.0,8626547.0,10286246.0,1433507.0,5588760,7022267.0,1484235,,161641,,31153,-476647,,,,14522,3263979.0,0,0,,23.67,,2049075,3249457,11146894,,,,,,,,,,,,,,,,,,,,,,,,,,,,,,,,,,,,,,,,,,,,,,,,,,,,,,,,,,,,,,
2026,2,sii,2026-08-20,2614,東森,5857199.0,17915332.0,23772531.0,5012050.0,11780451,16792501.0,3534462,,0,,-42881,,,,,2525232,6980030.0,0,0,,13.61,,963217,4454798,0,,,,,,,,,,,,,,,,,,,,,,,,,,,,,,,,,,,,,,,,,,,,,,,,,,,,,,,,,,,,,,
2026,2,sii,2026-08-20,2615,萬海,148910262.0,285864469.0,434774731.0,49758506.0,96020629,145779135.0,28061464,,1271775,,16845998,,,,,408174,288995596.0,,0,,102.84,,242408185,288587422,0,,,,,,,,,,,,,,,,,,,,,,,,,,,,,,,,,,,,,,,,,,,,,,,,,,,,,,,,,,,,,,
2026,2,sii,2026-08-20,2616,山隆,1960635.0,6116627.0,8077262.0,4162475.0,1382019,5544494.0,1372818,,548711,,641374,-31863,,,,58917,2532768.0,0,0,,18.2,,-57189,2473851,1353454,,,,,,,,,,,,,,,,,,,,,,,,,,,,,,,,,,,,,,,,,,,,,,,,,,,,,,,,,,,,,,
2026,2,sii,2026-08-20,2617,台航,3341082.0,24424173.0,27765255.0,2560952.0,7249042,9809994.0,4172945,,334382,,2356816,,,,,,17955261.0,,0,,43.03,,11091118,17955261,0,,,,,,,,,,,,,,,,,,,,,,,,,,,,,,,,,,,,,,,,,,,,,,,,,,,,,,,,,,,,,,
2026,2,sii,2026-08-20,2618,長榮航,125113992.0,268971127.0,394085119.0,108527192.0,137311662,245838854.0,54004443,,12798910,,359659,,,,,8907009,148246265.0,,0,,25.8,,72176244,139339256,0,,,,,,,,,,,,,,,,,,,,,,,,,,,,,,,,,,,,,,,,,,,,,,,,,,,,,,,,,,,,,,
2026,2,sii,2026-08-20,2630,亞航,4531219.0,1221108.0,5752327.0,1659226.0,708468,2367694.0,2094382,,1090004,,2187,,,,,,3384633.0,,0,,16.16,,198060,3384633,0,,,,,,,,,,,,,,,,,,,,,,,,,,,,,,,,,,,,,,,,,,,,,,,,,,,,,,,,,,,,,,
2026,2,sii,2026-08-20,2633,台灣高鐵,33029243.0,352901549.0,385930792.0,42917272.0,272959048,315876320.0,56282930,,172981,,,,,,,,70054472.0,0,0,,12.45,,13598561,,0,,,,,,,,,,,,,,,,,,,,,,,,,,,,,,,,,,,,,,,,,,,,,,,,,,,,,,,,,,,,,,
2026,2,sii,2026-08-20,2634,漢翔,36811814.0,13107270.0,49919084.0,24324927.0,7220725,31545652.0,9418671,,23905,,51388,,,,,,18373432.0,,0,,19.51,,8879468,18373432,0,,,,,,,,,,,,,,,,,,,,,,,,,,,,,,,,,,,,,,,,,,,,,,,,,,,,,,,,,,,,,,
2026,2,sii,2026-08-20,2636,台驊控股,21046078.0,2734536.0,23780614.0,13325223.0,632232,13957455.0,1418352,,2635858,,243864,-364768,,,,175158,9823159.0,0,0,,70.44,,5714695,9648001,4874000,,,,,,,,,,,,,,,,,,,,,,,,,,,,,,,,,,,,,,,,,,,,,,,,,,,,,,,,,,,,,,
2026,2,sii,2026-08-20,2642,宅配通,1161046.0,2427612.0,3588658.0,746661.0,1014600,1761261.0,954670,,300082,,349993,,,,,,1827397.0,0,0,,19.14,,222652,1827397,0,,,,,,,,,,,,,,,,,,,,,,,,,,,,,,,,,,,,,,,,,,,,,,,,,,,,,,,,,,,,,,
2026,2,sii,2026-08-20,2645,長榮航太,14816391.0,11628845.0,26445236.0,6176886.0,6854710,13031596.0,3745709,,2138093,,31738,,,,,,13413640.0,0,0,,35.81,,7498100,,0,,,,,,,,,,,,,,,,,,,,,,,,,,,,,,,,,,,,,,,,,,,,,,,,,,,,,,,,,,,,,,
2026,2,sii,2026-08-20,2646,星宇航空,21569568.0,132722174.0,154291742.0,27115087.0,96415928,123531015.0,30087350,,2044685,,-1298396,,,,,,30760727.0,,0,,10.22,,-72912,,0,,,,,,,,,,,,,,,,,,,,,,,,,,,,,,,,,,,,,,,,,,,,,,,,,,,,,,,,,,,,,,
2026,2,sii,2026-08-20,2701,萬企,2098658.0,7799649.0,9898307.0,278343.0,1141179,1419522.0,4499678,,,,1014010,,,,,,8478785.0,,0,,18.84,,2965097,,0,,,,,,,,,,,,,,,,,,,,,,,,,,,,,,,,,,,,,,,,,,,,,,,,,,,,,,,,,,,,,,
2026,2,sii,2026-08-20,2702,華園,2570351.0,4205278.0,6775629.0,1824837.0,1644349,3469186.0,1566133,,2169,,80377,,,,,,3306443.0,0,0,,21.11,,1657764,3306443,0,,,,,,,,,,,,,,,,,,,,,,,,,,,,,,,,,,,,,,,,,,,,,,,,,,,,,,,,,,,,,,
2026,2,sii,2026-08-20,2704,國賓,27011946.0,13892657.0,40904603.0,4335927.0,3994543,8330470.0,3669234,,2996851,,18862344,0,,,,4638,32574133.0,0,0,,88.76,,7041066,32569495,0,,,,,,,,,,,,,,,,,,,,,,,,,,,,,,,,,,,,,,,,,,,,,,,,,,,,,,,,,,,,,,
2026,2,sii,2026-08-20,2705,六福,714605.0,15308024.0,16022629.0,5272978.0,5808204,11081182.0,1913128,,31372,,3387907,,,,,,4941447.0,,0,,25.83,,-390960,4941447,0,,,,,,,,,,,,,,,,,,,,,,,,,,,,,,,,,,,,,,,,,,,,,,,,,,,,,,,,,,,,,,
2026,2,sii,2026-08-20,2706,第一店,3212473.0,8822630.0,12035103.0,320936.0,1438682,1759618.0,4999984,,76031,,1397367,,,,,,10275485.0,0,0,,20.55,,3802103,,0,,,,,,,,,,,,,,,,,,,,,,,,,,,,,,,,,,,,,,,,,,,,,,,,,,,,,,,,,,,,,,
2026,2,sii,2026-08-20,2707,晶華,3701786.0,5928501.0,9630287.0,2403076.0,3148553,5551629.0,1274032,,222383,,-261838,,,,,189727,4078658.0,0,0,,30.52,,2654354,3888931,0,,,,,,,,,,,,,,,,,,,,,,,,,,,,,,,,,,,,,,,,,,,,,,,,,,,,,,,,,,,,,,
2026,2,sii,2026-08-20,2712,遠雄來,75774.0,1545562.0,1621336.0,370437.0,246649,617086.0,1050000,,108392,,,,,,,,1004250.0,0,0,,9.56,,-154142,,0,,,,,,,,,,,,,,,,,,,,,,,,,,,,,,,,,,,,,,,,,,,,,,,,,,,,,,,,,,,,,,
2026,2,sii,2026-08-20,2722,夏都,1092769.0,2843440.0,3936209.0,705717.0,383485,1089202.0,1431697,,593410,,67967,,,,,366739,2847007.0,,0,,17.32,,387194,2480268,0,,,,,,,,,,,,,,,,,,,,,,,,,,,,,,,,,,,,,,,,,,,,,,,,,,,,,,,,,,,,,,
2026,2,sii,2026-08-20,2727,王品,8875080.0,9466025.0,18341105.0,8484091.0,5241978,13726069.0,829401,,1677747,,-16790,-9813,,,,361235,4615036.0,,0,,51.34,,1773256,4253801,81000,,,,,,,,,,,,,,,,,,,,,,,,,,,,,,,,,,,,,,,,,,,,,,,,,,,,,,,,,,,,,,
2026,2,sii,2026-08-20,2731,雄獅,11075663.0,2825721.0,13901384.0,8211042.0,940008,9151050.0,932777,,1539093,,-127772,,,,,287663,4750334.0,,0,,47.84,,2118573,4462671,0,,,,,,,,,,,,,,,,,,,,,,,,,,,,,,,,,,,,,,,,,,,,,,,,,,,,,,,,,,,,,,
2026,2,sii,2026-08-20,2739,寒舍,1794519.0,9572003.0,11366522.0,2475398.0,7254234,9729632.0,915260,,423489,,14415,,,,,,1636890.0,0,0,,17.88,,283726,1636890,0,,,,,,,,,,,,,,,,,,,,,,,,,,,,,,,,,,,,,,,,,,,,,,,,,,,,,,,,,,,,,,
2026,2,sii,2026-08-20,2748,雲品,2456896.0,2398792.0,4855688.0,1371618.0,530159,1901777.0,1057787,,1236779,,56887,,,,,,2953911.0,,0,,27.93,,602458,2953911,0,,,,,,,,,,,,,,,,,,,,,,,,,,,,,,,,,,,,,,,,,,,,,,,,,,,,,,,,,,,,,,
2026,2,sii,2026-08-20,2753,八方雲集,3181782.0,5262871.0,8444653.0,1891115.0,2368302,4259417.0,699770,,1076891,,15902,,,,,410272,4185236.0,,0,,56.64,,1982401,3774964,0,,,,,,,,,,,,,,,,,,,,,,,,,,,,,,,,,,,,,,,,,,,,,,,,,,,,,,,,,,,,,,
2026,2,sii,2026-08-20,2812,台中銀,,,,,,,64250747,,2467906,,1945786,0,,,,0,,0,0,,15.95,,27388159,96052598,0,16298159.0,48199614.0,44096381.0,105049005.0,89983223.0,,14420103.0,26957857.0,409.0,,,649885160.0,214598,344326.0,6853,,,21367849.0,937278.0,537603.0,509701.0,654959.0,3435064.0,1022898142.0,11133710.0,12291797.0,2683581.0,,15612234.0,13830654.0,704549.0,,838334263.0,15150000.0,,,13301849,1390475,,,968960.0,109486.0,1333986.0,926845544.0,96052598.0,,,,,,,,,,,,,,,,,
2026,2,sii,2026-08-20,2851,中再保,,,65425176.0,,,39124095.0,8003888,,1560000,,131156,,,,,,26301081.0,0,0,,32.86,,16606037,,0,20106955.0,,9442048.0,2768567.0,,,,,,,,,,,746000,8052,1440372,,,,,25664.0,,,,,455057.0,,,5299720.0,,,,,,,,,,,279.0,196953.0,3344071.0,,,1235622.0,0.0,47009,,26521774.0,,340082.0,,269841.0,267.0,21331.0,2451592.0,,,944345.0,,
2026,2,sii,2026-08-20,2867,三商壽,,,1656455153.0,,,1536467007.0,58995011,,0,,-39309008,,,,,,119988146.0,,,,20.34,,100302143,,,69649207.0,,23993435.0,460262281.0,,,,,,,,,5366060,,,0,15560582,,,,,12153496.0,,,,,184259735.0,,,12578200.0,,,,,,,,1298616,,,1942512.0,10790027.0,74942201.0,,,14286752.0,834859.0,,,659838874.0,,20935192.0,20399619,9930574.0,1892436.0,322224.0,48474579.0,292554983,,1720398.0,,28530000
2026,2,sii,2026-08-20,2901,欣欣,520363.0,577927.0,1098290.0,96748.0,128499,225247.0,730433,,503,,0,0,,,,,873043.0,0,0,,11.95,,142107,,0,,,,,,,,,,,,,,,,,,,,,,,,,,,,,,,,,,,,,,,,,,,,,,,,,,,,,,,,,,,,,,
2026,2,sii,2026-08-20,2903,遠百,21781250.0,107897610.0,129678860.0,44036120.0,50683761,94719881.0,14169406,,3343600,,4942318,-97110,,,,4923426,34958979.0,,0,,21.32,,7677339,30035553,8207004,,,,,,,,,,,,,,,,,,,,,,,,,,,,,,,,,,,,,,,,,,,,,,,,,,,,,,,,,,,,,,
2026,2,sii,2026-08-20,2904,匯僑,225426.0,1500718.0,1726144.0,230759.0,242425,473184.0,778344,,90074,,14776,,,,,430,1252960.0,0,0,,16.09,,369336,1252530,0,,,,,,,,,,,,,,,,,,,,,,,,,,,,,,,,,,,,,,,,,,,,,,,,,,,,,,,,,,,,,,
2026,2,sii,2026-08-20,2905,三商,132680399.0,1557629982.0,1690310381.0,63470541.0,1498299708,1561770249.0,11103717,,4219689,,-14528219,-592930,,0,,84090435,,0,0,,42.2,,44247440,44449697,57093000,,,,,,,,,,,,,,,,,,,,,,,,,,,,,,,,,,,,,,,,,,,,,128540132.0,,,,,,,,,,,,,,,,,
2026,2,sii,2026-08-20,2906,高林,5437606.0,7805341.0,13242947.0,4701606.0,2037923,6739529.0,2091167,,293410,,-34996,,,,,3094447,6503418.0,0,0,,16.3,,1059390,3408971,0,,,,,,,,,,,,,,,,,,,,,,,,,,,,,,,,,,,,,,,,,,,,,,,,,,,,,,,,,,,,,,
2026,2,sii,2026-08-20,2908,特力,19666569.0,19889166.0,39555735.0,14551639.0,15967794,30519433.0,5098875,,156173,,-82107,,,,,1785035,9036302.0,,0,,14.22,,2078326,7251267,0,,,,,,,,,,,,,,,,,,,,,,,,,,,,,,,,,,,,,,,,,,,,,,,,,,,,,,,,,,,,,,
2026,2,sii,2026-08-20,2910,統領,1044759.0,5765140.0,6809899.0,893556.0,3148670,4042226.0,1754030,,0,,-46389,,,,,,2767673.0,0,0,,15.78,,1060032,2767673,0,,,,,,,,,,,,,,,,,,,,,,,,,,,,,,,,,,,,,,,,,,,,,,,,,,,,,,,,,,,,,,
2026,2,sii,2026-08-20,2911,麗嬰房,1714251.0,1814316.0,3528567.0,1288776.0,774997,2063773.0,1051260,,202524,,412441,,,,,103087,1464794.0,,0,,12.95,,-304518,1361707,0,,,,,,,,,,,,,,,,,,,,,,,,,,,,,,,,,,,,,,,,,,,,,,,,,,,,,,,,,,,,,,
2026,2,sii,2026-08-20,2912,統一超,98812536.0,205210373.0,304022909.0,128507034.0,124160553,252667587.0,10396223,,91109,,2288373,,,,,10378642,51355322.0,,0,,39.41,,28200975,40976680,0,,,,,,,,,,,,,,,,,,,,,,,,,,,,,,,,,,,,,,,,,,,,,,,,,,,,,,,,,,,,,,
2026,2,sii,2026-08-20,2913,農林,1666103.0,19612061.0,21278164.0,1648484.0,7290151,8938635.0,7900000,,2197948,,-50489,,,,,,12339529.0,0,0,,15.62,,2292070,,0,,,,,,,,,,,,,,,,,,,,,,,,,,,,,,,,,,,,,,,,,,,,,,,,,,,,,,,,,,,,,,
2026,2,sii,2026-08-20,2915,潤泰全,5434336.0,175837222.0,181271558.0,2824075.0,12111229,14935304.0,11043188,,28314033,,-5484097,-552479,,,,2290394,166336254.0,0,0,,153.64,,130725215,164045860,36593388,,,,,,,,,,,,,,,,,,,,,,,,,,,,,,,,,,,,,,,,,,,,,,,,,,,,,,,,,,,,,,
2026,2,sii,2026-08-20,2923,鼎固-KY,44755397.0,73953879.0,118709276.0,15488773.0,54179232,69668005.0,17402970,,192146,,-694680,,,,,2734208,49041271.0,,0,,26.61,,29406627,46307063,0,,,,,,,,,,,,,,,,,,,,,,,,,,,,,,,,,,,,,,,,,,,,,,,,,,,,,,,,,,,,,,
2026,2,sii,2026-08-20,2945,三商家購,2815668.0,5342947.0,8158615.0,3684141.0,2372903,6057044.0,675000,,1055235,,,,,,,176106,2101571.0,0,0,,28.53,,195230,1925465,0,,,,,,,,,,,,,,,,,,,,,,,,,,,,,,,,,,,,,,,,,,,,,,,,,,,,,,,,,,,,,,
2026,2,sii,2026-08-20,3002,歐格,1715957.0,258785.0,1974742.0,272346.0,290561,562907.0,1020000,,26934,,29080,0,,,,126280,1411835.0,,0,,12.6,,209541,1285555,0,,,,,,,,,,,,,,,,,,,,,,,,,,,,,,,,,,,,,,,,,,,,,,,,,,,,,,,,,,,,,,
2026,2,sii,2026-08-20,3003,健和興,6952350.0,1786641.0,8738991.0,1556551.0,502481,2059032.0,1556549,,27281,,-84114,,,,,92694,6679959.0,,0,,42.32,,5087549,6587265,0,,,,,,,,,,,,,,,,,,,,,,,,,,,,,,,,,,,,,,,,,,,,,,,,,,,,,,,,,,,,,,
2026,2,sii,2026-08-20,3004,豐達科,4470310.0,4573019.0,9043329.0,2793147.0,2475031,5268178.0,643832,,1276387,,50835,0,,0,,0,3775151.0,0,0,,58.64,,1804097,3775151,0,,,,,,,,,,,,,,,,,,,,,,,,,,,,,,,,,,,,,,,,,,,,,,,,,,,,,,,,,,,,,,
2026,2,sii,2026-08-20,3005,神基,33801127.0,17864641.0,51665768.0,17267852.0,5553573,22821425.0,6245702,,4240629,,1722211,,,,,3346983,28844343.0,0,0,,40.82,,13288818,25497360,0,,,,,,,,,,,,,,,,,,,,,,,,,,,,,,,,,,,,,,,,,,,,,,,,,,,,,,,,,,,,,,
2026,2,sii,2026-08-20,3006,晶豪科,27513845.0,2562520.0,30076365.0,10299677.0,779796,11079473.0,2981278,,1412214,,-737,-159045,,,,1839,18996892.0,,0,,66.77,,14761343,18995053,13650000,,,,,,,,,,,,,,,,,,,,,,,,,,,,,,,,,,,,,,,,,,,,,,,,,,,,,,,,,,,,,,
2026,2,sii,2026-08-20,3008,大立光,157493392.0,68637283.0,226130675.0,32441631.0,200133,32641764.0,1307982,,1533707,,5307680,0,,,,1946416,193488911.0,0,0,,1464.41,,183393126,191542495,0,,,,,,,,,,,,,,,,,,,,,,,,,,,,,,,,,,,,,,,,,,,,,,,,,,,,,,,,,,,,,,
2026,2,sii,2026-08-20,3010,華立,41726599.0,22407366.0,64133965.0,27820729.0,6513019,34333748.0,2594368,,3840774,,4764571,,,,,2443905,29800217.0,,0,,105.44,,16156599,27356312,0,,,,,,,,,,,,,,,,,,,,,,,,,,,,,,,,,,,,,,,,,,,,,,,,,,,,,,,,,,,,,,
2026,2,sii,2026-08-20,3011,今皓,591761.0,2046139.0,2637900.0,420880.0,853028,1273908.0,1295858,,70424,,392183,,,,,35190,1363992.0,,0,,10.25,,-429663,1328802,0,,,,,,,,,,,,,,,,,,,,,,,,,,,,,,,,,,,,,,,,,,,,,,,,,,,,,,,,,,,,,,
2026,2,sii,2026-08-20,3013,晟銘電,6331933.0,3768709.0,10100642.0,3596447.0,788278,4384725.0,2133445,,765025,,64660,0,,,,0,5715917.0,,0,,26.79,,2752787,5715917,0,,,,,,,,,,,,,,,,,,,,,,,,,,,,,,,,,,,,,,,,,,,,,,,,,,,,,,,,,,,,,,
2026,2,sii,2026-08-20,3014,聯陽,7796082.0,3253452.0,11049534.0,3575343.0,127480,3702823.0,1659791,,1480175,,755284,-250,,,,0,7346711.0,0,0,,44.27,,3451711,7346711,25000,,,,,,,,,,,,,,,,,,,,,,,,,,,,,,,,,,,,,,,,,,,,,,,,,,,,,,,,,,,,,,
2026,2,sii,2026-08-20,3015,全漢,10863429.0,10914349.0,21777778.0,5760052.0,561390,6321442.0,1872620,,862324,,6498336,,,,,449090,15456336.0,0,0,,80.14,,5773966,15007246,0,,,,,,,,,,,,,,,,,,,,,,,,,,,,,,,,,,,,,,,,,,,,,,,,,,,,,,,,,,,,,,
2026,2,sii,2026-08-20,3016,嘉晶,4565356.0,2995353.0,7560709.0,1544240.0,806938,2351178.0,2903569,,1758636,,-2957,,,,,,5209531.0,,0,,17.94,,550283,5209531,0,,,,,,,,,,,,,,,,,,,,,,,,,,,,,,,,,,,,,,,,,,,,,,,,,,,,,,,,,,,,,,
2026,2,sii,2026-08-20,3017,奇鋐,149870165.0,44707031.0,194577196.0,118877989.0,13573569,132451558.0,3932104,,1701321,,605405,,,,,6928598,62125638.0,,127100,,140.57,,48958210,55197040,0,,,,,,,,,,,,,,,,,,,,,,,,,,,,,,,,,,,,,,,,,,,,,,,,,,,,,,,,,,,,,,
2026,2,sii,2026-08-20,3018,隆銘綠能,927731.0,236924.0,1164655.0,760146.0,6181,766327.0,753777,,0,,-17468,0,,,,0,398328.0,0,0,,5.28,,-337981,398328,0,,,,,,,,,,,,,,,,,,,,,,,,,,,,,,,,,,,,,,,,,,,,,,,,,,,,,,,,,,,,,,
2026,2,sii,2026-08-20,3019,亞光,25003001.0,4361996.0,29364997.0,11625609.0,341402,11967011.0,2792439,,5486018,,420349,,,,,2534850,17397986.0,0,0,,53.23,,6164330,14863136,0,,,,,,,,,,,,,,,,,,,,,,,,,,,,,,,,,,,,,,,,,,,,,,,,,,,,,,,,,,,,,,
2026,2,sii,2026-08-20,3021,鴻名,2513284.0,757480.0,3270764.0,1459440.0,147201,1606641.0,948900,,7448,,-61381,-2424,,,,71567,1664123.0,0,0,,16.8,,700013,1592556,123000,,,,,,,,,,,,,,,,,,,,,,,,,,,,,,,,,,,,,,,,,,,,,,,,,,,,,,,,,,,,,,
2026,2,sii,2026-08-20,3022,威強電,11357396.0,5749218.0,17106614.0,4570205.0,910647,5480852.0,1765978,,1135035,,-218834,,,,,214102,11625762.0,0,0,,64.62,,8729481,11411660,0,,,,,,,,,,,,,,,,,,,,,,,,,,,,,,,,,,,,,,,,,,,,,,,,,,,,,,,,,,,,,,
2026,2,sii,2026-08-20,3023,信邦,28631741.0,6449863.0,35081604.0,17617176.0,930151,18547327.0,2400690,,3348881,,317748,,,,,280953,16534277.0,,0,,67.7,,10186005,16253324,0,,,,,,,,,,,,,,,,,,,,,,,,,,,,,,,,,,,,,,,,,,,,,,,,,,,,,,,,,,,,,,
2026,2,sii,2026-08-20,3024,憶聲,2509162.0,2494968.0,5004130.0,1889757.0,111383,2001140.0,2771575,,1602,,-385962,,,,,,3002990.0,0,0,,10.83,,615775,3002990,0,,,,,,,,,,,,,,,,,,,,,,,,,,,,,,,,,,,,,,,,,,,,,,,,,,,,,,,,,,,,,,
2026,2,sii,2026-08-20,3025,星通,966177.0,252777.0,1218954.0,398644.0,44224,442868.0,567365,,43953,,-2862,,,,,,776086.0,,0,,13.68,,167630,776086,0,,,,,,,,,,,,,,,,,,,,,,,,,,,,,,,,,,,,,,,,,,,,,,,,,,,,,,,,,,,,,,
2026,2,sii,2026-08-20,3026,禾伸堂,13060686.0,4658993.0,17719679.0,6732874.0,451833,7184707.0,1658903,,3159419,,-82992,,,,,203019,10534972.0,,0,,62.28,,5596623,10331953,0,,,,,,,,,,,,,,,,,,,,,,,,,,,,,,,,,,,,,,,,,,,,,,,,,,,,,,,,,,,,,,
2026,2,sii,2026-08-20,3027,盛達,1479398.0,1512022.0,2991420.0,615022.0,99884,714906.0,1299604,,704104,,-36046,-21295,,,,135201,2276514.0,,0,,16.6,,194946,2141313,948000,,,,,,,,,,,,,,,,,,,,,,,,,,,,,,,,,,,,,,,,,,,,,,,,,,,,,,,,,,,,,,
2026,2,sii,2026-08-20,3028,增你強,36675336.0,1572304.0,38247640.0,30761772.0,232357,30994129.0,2372412,,1345992,,700076,,,,,,7253511.0,0,0,,30.57,,2835031,7253511,0,,,,,,,,,,,,,,,,,,,,,,,,,,,,,,,,,,,,,,,,,,,,,,,,,,,,,,,,,,,,,,
2026,2,sii,2026-08-20,3029,零壹,14908769.0,3109337.0,18018106.0,10463814.0,1027479,11491293.0,1670052,,2210816,,9499,-172112,,,,1293901,6526813.0,,0,,31.68,,1514657,5232912,1800000,,,,,,,,,,,,,,,,,,,,,,,,,,,,,,,,,,,,,,,,,,,,,,,,,,,,,,,,,,,,,,
2026,2,sii,2026-08-20,3030,德律,10264726.0,4549660.0,14814386.0,4753159.0,328302,5081461.0,2362160,,70742,,15967,,,,,,9732925.0,0,0,,41.2,,7284056,9732925,0,,,,,,,,,,,,,,,,,,,,,,,,,,,,,,,,,,,,,,,,,,,,,,,,,,,,,,,,,,,,,,
2026,2,sii,2026-08-20,3031,佰鴻,2027615.0,1595398.0,3623013.0,570400.0,77671,648071.0,1732032,,439080,,-8084,0,,,,82636,2974942.0,0,0,,16.7,,729278,2892306,0,,,,,,,,,,,,,,,,,,,,,,,,,,,,,,,,,,,,,,,,,,,,,,,,,,,,,,,,,,,,,,
2026,2,sii,2026-08-20,3032,偉訓,8867234.0,8575646.0,17442880.0,6238039.0,7311336,13549375.0,1132856,,637189,,254291,0,,,,976693,3893505.0,,0,,25.75,,892476,2916812,0,,,,,,,,,,,,,,,,,,,,,,,,,,,,,,,,,,,,,,,,,,,,,,,,,,,,,,,,,,,,,,
2026,2,sii,2026-08-20,3033,威健,57348404.0,747775.0,58096179.0,42848408.0,2698864,45547272.0,5165595,,3372601,,239363,,,,,,12548907.0,,0,,24.29,,3771348,12548907,0,,,,,,,,,,,,,,,,,,,,,,,,,,,,,,,,,,,,,,,,,,,,,,,,,,,,,,,,,,,,,,
2026,2,sii,2026-08-20,3034,聯詠,89516146.0,29572123.0,119088269.0,40237822.0,9889387,50127209.0,6085115,,2375054,,6769888,0,,,,0,68961060.0,0,0,,113.33,,53731003,68961060,0,,,,,,,,,,,,,,,,,,,,,,,,,,,,,,,,,,,,,,,,,,,,,,,,,,,,,,,,,,,,,,
2026,2,sii,2026-08-20,3035,智原,13611818.0,11503615.0,25115433.0,6437365.0,751342,7188707.0,2605503,,4423182,,5094092,,,,,812841,17926726.0,0,0,,65.68,,4991108,17113885,0,,,,,,,,,,,,,,,,,,,,,,,,,,,,,,,,,,,,,,,,,,,,,,,,,,,,,,,,,,,,,,
2026,2,sii,2026-08-20,3036,文曄,745804028.0,66935170.0,812739198.0,671711613.0,16352345,688063958.0,12705867,,61430096,,4784304,,,,,268661,124675240.0,0,0,,98.02,,45486312,124406579,0,,,,,,,,,,,,,,,,,,,,,,,,,,,,,,,,,,,,,,,,,,,,,,,,,,,,,,,,,,,,,,
2026,2,sii,2026-08-20,3037,欣興,154786187.0,158456463.0,313242650.0,87774346.0,97747816,185522162.0,15913226,,24410528,,2282631,-107330,,,,3834207,127720488.0,0,0,,77.9,,81387226,123886281,901935,,,,,,,,,,,,,,,,,,,,,,,,,,,,,,,,,,,,,,,,,,,,,,,,,,,,,,,,,,,,,,
2026,2,sii,2026-08-20,3038,全台,2846201.0,999130.0,3845331.0,760185.0,524323,1284508.0,1574076,,92629,,4575,-294622,,,,58282,2560823.0,0,0,,17.72,,1125883,2502541,16201388,,,,,,,,,,,,,,,,,,,,,,,,,,,,,,,,,,,,,,,,,,,,,,,,,,,,,,,,,,,,,,
2026,2,sii,2026-08-20,3040,遠見,1622501.0,230943.0,1853444.0,407893.0,53542,461435.0,857730,,151790,,-37534,-164912,,,,,1392009.0,,0,,22.07,,584935,1392009,3150000,,,,,,,,,,,,,,,,,,,,,,,,,,,,,,,,,,,,,,,,,,,,,,,,,,,,,,,,,,,,,,
2026,2,sii,2026-08-20,3041,揚智,1881069.0,2276643.0,4157712.0,1189530.0,1476193,2665723.0,1420967,,219479,,23408,0,,,,70162,1491989.0,,0,,10.01,,-242027,1421827,0,,,,,,,,,,,,,,,,,,,,,,,,,,,,,,,,,,,,,,,,,,,,,,,,,,,,,,,,,,,,,,
2026,2,sii,2026-08-20,3042,晶技,14532077.0,8760525.0,23292602.0,6095200.0,1323902,7419102.0,3429930,,4448998,,-36061,-264017,,,,115694,15873500.0,,0,,46.35,,8178956,15757806,3000000,,,,,,,,,,,,,,,,,,,,,,,,,,,,,,,,,,,,,,,,,,,,,,,,,,,,,,,,,,,,,,
2026,2,sii,2026-08-20,3043,科風,869795.0,1045355.0,1915150.0,1126835.0,77401,1204236.0,389756,,0,,436324,,,,,-25354,710914.0,0,0,,18.89,,-89812,736268,0,,,,,,,,,,,,,,,,,,,,,,,,,,,,,,,,,,,,,,,,,,,,,,,,,,,,,,,,,,,,,,
2026,2,sii,2026-08-20,3044,健鼎,74005545.0,34834579.0,108840124.0,45624482.0,7493102,53117584.0,5256059,,335245,,-239511,,,,,8100,55722540.0,,0,,106.0,,50362647,55714440,0,,,,,,,,,,,,,,,,,,,,,,,,,,,,,,,,,,,,,,,,,,,,,,,,,,,,,,,,,,,,,,
2026,2,sii,2026-08-20,3045,台灣大,45464531.0,191929119.0,237393650.0,86520560.0,58814436,145334996.0,37234310,,29149201,,-901899,-28214022,,,,7582717,92058654.0,,169204,,27.61,,47208347,84475937,663403601,,,,,,,,,,,,,,,,,,,,,,,,,,,,,,,,,,,,,,,,,,,,,,,,,,,,,,,,,,,,,,
2026,2,sii,2026-08-20,3046,建碁,4293421.0,455319.0,4748740.0,3015317.0,71265,3086582.0,784480,,420839,,-34423,,,,,-8545,1662158.0,0,0,,21.3,,499807,1670703,0,,,,,,,,,,,,,,,,,,,,,,,,,,,,,,,,,,,,,,,,,,,,,,,,,,,,,,,,,,,,,,
2026,2,sii,2026-08-20,3047,訊舟,3320727.0,3043048.0,6363775.0,1596749.0,1686929,3283678.0,2247616,,310368,,51921,-12935,,,,620555,3080097.0,,0,,11.01,,-137428,2459542,1380104,,,,,,,,,,,,,,,,,,,,,,,,,,,,,,,,,,,,,,,,,,,,,,,,,,,,,,,,,,,,,,
2026,2,sii,2026-08-20,3048,益登,36035511.0,3012041.0,39047552.0,26978413.0,4703371,31681784.0,2698298,,736939,,1356268,,,,,,7365768.0,,0,,27.3,,2574263,7365768,0,,,,,,,,,,,,,,,,,,,,,,,,,,,,,,,,,,,,,,,,,,,,,,,,,,,,,,,,,,,,,,
2026,2,sii,2026-08-20,3049,精金,6282116.0,8493325.0,14775441.0,3909547.0,1907719,5817266.0,8020105,,320550,,245020,,,,,769748,8958175.0,0,0,,10.21,,-397248,8188427,0,,,,,,,,,,,,,,,,,,,,,,,,,,,,,,,,,,,,,,,,,,,,,,,,,,,,,,,,,,,,,,
2026,2,sii,2026-08-20,3050,鈺德,1938249.0,3774693.0,5712942.0,1033713.0,1701953,2735666.0,1549845,,549009,,-86691,0,,0,,533708,2977276.0,0,0,,15.77,,431405,2443568,0,,,,,,,,,,,,,,,,,,,,,,,,,,,,,,,,,,,,,,,,,,,,,,,,,,,,,,,,,,,,,,
2026,2,sii,2026-08-20,3051,力特,1515023.0,2550758.0,4065781.0,771811.0,721171,1492982.0,1670000,,1889,,29419,-41599,,,,0,2572799.0,,0,,15.59,,913090,2572799,2000000,,,,,,,,,,,,,,,,,,,,,,,,,,,,,,,,,,,,,,,,,,,,,,,,,,,,,,,,,,,,,,
2026,2,sii,2026-08-20,3052,夆典,11399261.0,249224.0,11648485.0,8019869.0,8894,8028763.0,2332457,,325942,,-7974,-255837,,,,90115,3619722.0,0,0,,17.3,,1135019,3529607,29261043,,,,,,,,,,,,,,,,,,,,,,,,,,,,,,,,,,,,,,,,,,,,,,,,,,,,,,,,,,,,,,
2026,2,sii,2026-08-20,3054,立萬利,830851.0,906433.0,1737284.0,192846.0,6397,199243.0,806510,,0,,411158,,,,,,1538041.0,0,0,,19.07,,320373,1538041,0,,,,,,,,,,,,,,,,,,,,,,,,,,,,,,,,,,,,,,,,,,,,,,,,,,,,,,,,,,,,,,
2026,2,sii,2026-08-20,3055,蔚華科,1096543.0,868949.0,1965492.0,211250.0,110950,322200.0,1149749,,276201,,-142717,-144237,,,,20846,1643292.0,,0,,14.39,,483450,1622446,2243030,,,,,,,,,,,,,,,,,,,,,,,,,,,,,,,,,,,,,,,,,,,,,,,,,,,,,,,,,,,,,,
2026,2,sii,2026-08-20,3056,富華新,13752533.0,1409076.0,15161609.0,4987313.0,1796992,6784305.0,4805550,,1272178,,,-64222,,,,,8377304.0,,0,,17.6,,2363798,8377304,4539000,,,,,,,,,,,,,,,,,,,,,,,,,,,,,,,,,,,,,,,,,,,,,,,,,,,,,,,,,,,,,,
2026,2,sii,2026-08-20,3057,喬鼎,764126.0,121552.0,885678.0,231814.0,30275,262089.0,678646,,110704,,-84503,,,,,185,623589.0,,0,,9.19,,-81443,623404,0,,,,,,,,,,,,,,,,,,,,,,,,,,,,,,,,,,,,,,,,,,,,,,,,,,,,,,,,,,,,,,
2026,2,sii,2026-08-20,3058,立德,2964996.0,2207871.0,5172867.0,2572121.0,921771,3493892.0,2017228,,33628,,-133373,-25377,,,,113085,1678975.0,0,0,,7.81,,-326216,1565890,1348000,,,,,,,,,,,,,,,,,,,,,,,,,,,,,,,,,,,,,,,,,,,,,,,,,,,,,,,,,,,,,,
2026,2,sii,2026-08-20,3059,華晶科,10050796.0,6620601.0,16671397.0,5016160.0,962274,5978434.0,3077020,,2600785,,-73374,-2847,,,,510827,10692963.0,0,0,,33.1,,4580552,10182136,100000,,,,,,,,,,,,,,,,,,,,,,,,,,,,,,,,,,,,,,,,,,,,,,,,,,,,,,,,,,,,,,
2026,2,sii,2026-08-20,3060,銘異,3180760.0,1485449.0,4666209.0,1570694.0,333934,1904628.0,1375632,,1404820,,-633567,,,,,10647,2761581.0,0,0,,20.0,,604049,2750934,0,,,,,,,,,,,,,,,,,,,,,,,,,,,,,,,,,,,,,,,,,,,,,,,,,,,,,,,,,,,,,,
2026,2,sii,2026-08-20,3062,建漢,3439342.0,2800953.0,6240295.0,2008338.0,189178,2197516.0,3300918,,560010,,-45083,-65282,,,,,4042779.0,0,0,,12.32,,292216,4042779,2040000,,,,,,,,,,,,,,,,,,,,,,,,,,,,,,,,,,,,,,,,,,,,,,,,,,,,,,,,,,,,,,
2026,2,sii,2026-08-20,3090,日電貿,12537330.0,14430704.0,26968034.0,8019227.0,312709,8331936.0,2875672,,7778786,,4618572,,,,,59397,18636098.0,,0,,64.6,,3303671,18576701,0,,,,,,,,,,,,,,,,,,,,,,,,,,,,,,,,,,,,,,,,,,,,,,,,,,,,,,,,,,,,,,
2026,2,sii,2026-08-20,3092,鴻碩,2045024.0,2799003.0,4844027.0,1732124.0,1846317,3578441.0,1066493,,380858,,-35247,,,,,26110,1265586.0,0,0,,11.62,,-172628,1239476,0,,,,,,,,,,,,,,,,,,,,,,,,,,,,,,,,,,,,,,,,,,,,,,,,,,,,,,,,,,,,,,
2026,2,sii,2026-08-20,3094,聯傑,794797.0,383432.0,1178229.0,65740.0,74589,140329.0,831171,,64585,,-8915,0,,,,,1037900.0,0,0,,12.49,,151059,1037900,0,,,,,,,,,,,,,,,,,,,,,,,,,,,,,,,,,,,,,,,,,,,,,,,,,,,,,,,,,,,,,,
2026,2,sii,2026-08-20,3130,一零四,3212312.0,1141677.0,4353989.0,2721819.0,65665,2787484.0,331907,,397574,,23594,,,,,,1566505.0,0,0,,47.2,,813430,1566505,0,,,,,,,,,,,,,,,,,,,,,,,,,,,,,,,,,,,,,,,,,,,,,,,,,,,,,,,,,,,,,,
2026,2,sii,2026-08-20,3135,凌航,9465970.0,581163.0,10047133.0,3585203.0,1816897,5402100.0,1017876,,1447395,,,-11718,,,,,4645033.0,,7087465,,47.98,,2191480,,350000,,,,,,,,,,,,,,,,,,,,,,,,,,,,,,,,,,,,,,,,,,,,,,,,,,,,,,,,,,,,,,
2026,2,sii,2026-08-20,3138,耀登,2093633.0,2252969.0,4346602.0,1447034.0,252951,1699985.0,563923,,1539265,,44921,-186262,,,,2451,2646617.0,0,0,,48.67,,682319,2644166,2063000,,,,,,,,,,,,,,,,,,,,,,,,,,,,,,,,,,,,,,,,,,,,,,,,,,,,,,,,,,,,,,
2026,2,sii,2026-08-20,3149,正達,3561797.0,1971281.0,5533078.0,1946243.0,1218439,3164682.0,2262336,,0,,476307,,,,,,2368396.0,0,0,,10.47,,-370247,2368396,0,,,,,,,,,,,,,,,,,,,,,,,,,,,,,,,,,,,,,,,,,,,,,,,,,,,,,,,,,,,,,,
2026,2,sii,2026-08-20,3150,鈺寶-創,447522.0,239554.0,687076.0,84860.0,12067,96927.0,443770,,166766,,-39828,,,,,,590149.0,,0,,13.3,,19441,,0,,,,,,,,,,,,,,,,,,,,,,,,,,,,,,,,,,,,,,,,,,,,,,,,,,,,,,,,,,,,,,
2026,2,sii,2026-08-20,3164,景岳,551580.0,1119559.0,1671139.0,153576.0,88402,241978.0,860104,,334572,,34203,0,,,,118858,1429161.0,0,0,,15.23,,81424,1310303,0,,,,,,,,,,,,,,,,,,,,,,,,,,,,,,,,,,,,,,,,,,,,,,,,,,,,,,,,,,,,,,
2026,2,sii,2026-08-20,3167,大量,9544768.0,2554042.0,12098810.0,6639733.0,1163263,7802996.0,903147,,905443,,35620,0,,,,1466,4295814.0,,0,,47.97,,2450138,4294348,0,,,,,,,,,,,,,,,,,,,,,,,,,,,,,,,,,,,,,,,,,,,,,,,,,,,,,,,,,,,,,,
2026,2,sii,2026-08-20,3168,眾福科,2826989.0,1128756.0,3955745.0,1466035.0,60670,1526705.0,750996,,462069,,18366,0,,,,750295,2429040.0,,0,,22.35,,447314,1678745,0,,,,,,,,,,,,,,,,,,,,,,,,,,,,,,,,,,,,,,,,,,,,,,,,,,,,,,,,,,,,,,
2026,2,sii,2026-08-20,3189,景碩,32887152.0,51647346.0,84534498.0,19011357.0,12536735,31548092.0,5269104,,17229270,,-56869,,,,,8519712,52986406.0,,0,,84.39,,22025189,44466694,0,,,,,,,,,,,,,,,,,,,,,,,,,,,,,,,,,,,,,,,,,,,,,,,,,,,,,,,,,,,,,,
2026,2,sii,2026-08-20,3209,全科,21075188.0,1898749.0,22973937.0,14444785.0,2690272,17135057.0,2471608,,867164,,166930,,,,,199765,5838880.0,,0,,23.96,,2133413,5639115,0,,,,,,,,,,,,,,,,,,,,,,,,,,,,,,,,,,,,,,,,,,,,,,,,,,,,,,,,,,,,,,
2026,2,sii,2026-08-20,3229,晟鈦,796620.0,256825.0,1053445.0,369802.0,2129,371931.0,642630,,90342,,0,,,,,0,681514.0,0,0,,10.61,,-51458,681514,0,,,,,,,,,,,,,,,,,,,,,,,,,,,,,,,,,,,,,,,,,,,,,,,,,,,,,,,,,,,,,,
2026,2,sii,2026-08-20,3231,緯創,1384801750.0,188307231.0,1573108981.0,1172120795.0,123720149,1295840944.0,31800523,,84364260,,4099772,0,,,,83266756,277268037.0,0,0,,61.01,,73736726,194001281,0,,,,,,,,,,,,,,,,,,,,,,,,,,,,,,,,,,,,,,,,,,,,,,,,,,,,,,,,,,,,,,
2026,2,sii,2026-08-20,3257,虹冠電,1478198.0,886778.0,2364976.0,255146.0,495209,750355.0,798236,,217755,,-786,-11409,,,,8856,1614621.0,0,0,,20.18,,601969,1605765,259000,,,,,,,,,,,,,,,,,,,,,,,,,,,,,,,,,,,,,,,,,,,,,,,,,,,,,,,,,,,,,,
2026,2,sii,2026-08-20,3266,昇陽,14956663.0,1071686.0,16028349.0,9525381.0,270054,9795435.0,3523143,,802671,,0,,,,,27705,6232914.0,0,0,,17.61,,1879395,6205209,0,,,,,,,,,,,,,,,,,,,,,,,,,,,,,,,,,,,,,,,,,,,,,,,,,,,,,,,,,,,,,,
2026,2,sii,2026-08-20,3296,勝德,1527198.0,737332.0,2264530.0,973585.0,11824,985409.0,967244,,183364,,-60029,,,,,,1279121.0,0,0,,13.22,,188542,1279121,0,,,,,,,,,,,,,,,,,,,,,,,,,,,,,,,,,,,,,,,,,,,,,,,,,,,,,,,,,,,,,,
2026,2,sii,2026-08-20,3305,昇貿,11710325.0,3358501.0,15068826.0,7563527.0,1424692,8988219.0,1433740,,2047707,,22260,-161843,,,,21258,6080607.0,0,0,,43.16,,2717485,6059349,2988000,,,,,,,,,,,,,,,,,,,,,,,,,,,,,,,,,,,,,,,,,,,,,,,,,,,,,,,,,,,,,,
2026,2,sii,2026-08-20,3308,聯德,1485105.0,692891.0,2177996.0,632118.0,386327,1018445.0,600000,,4906,,4420,,,,,,1159551.0,,0,,19.33,,550225,1159551,0,,,,,,,,,,,,,,,,,,,,,,,,,,,,,,,,,,,,,,,,,,,,,,,,,,,,,,,,,,,,,,
2026,2,sii,2026-08-20,3311,閎暉,1544315.0,3662905.0,5207220.0,1480702.0,70927,1551629.0,1000000,,1193133,,-265438,,,,,,3655591.0,,0,,36.56,,1727896,3655591,0,,,,,,,,,,,,,,,,,,,,,,,,,,,,,,,,,,,,,,,,,,,,,,,,,,,,,,,,,,,,,,
2026,2,sii,2026-08-20,3312,弘憶股,10732612.0,2185033.0,12917645.0,8850798.0,45521,8896319.0,1826268,,974567,,101762,,,,,0,4021326.0,0,0,,22.02,,1118729,4021326,0,,,,,,,,,,,,,,,,,,,,,,,,,,,,,,,,,,,,,,,,,,,,,,,,,,,,,,,,,,,,,,
2026,2,sii,2026-08-20,3321,同泰,1619563.0,434676.0,2054239.0,1196230.0,186642,1382872.0,861138,,395,,-41369,,,,,,671367.0,0,0,,7.8,,-148797,671367,0,,,,,,,,,,,,,,,,,,,,,,,,,,,,,,,,,,,,,,,,,,,,,,,,,,,,,,,,,,,,,,
2026,2,sii,2026-08-20,3338,泰碩,2953898.0,791977.0,3745875.0,1643933.0,141949,1785882.0,879081,,348929,,14903,-50634,,,,,1959993.0,0,0,,22.57,,767714,1959993,1082000,,,,,,,,,,,,,,,,,,,,,,,,,,,,,,,,,,,,,,,,,,,,,,,,,,,,,,,,,,,,,,
2026,2,sii,2026-08-20,3346,麗清,8381718.0,2086831.0,10468549.0,4685446.0,2200664,6886110.0,1212284,,1725054,,43592,-20122,,,,,3582439.0,,0,,29.74,,621631,3582439,750000,,,,,,,,,,,,,,,,,,,,,,,,,,,,,,,,,,,,,,,,,,,,,,,,,,,,,,,,,,,,,,
2026,2,sii,2026-08-20,3356,奇偶,3246182.0,211153.0,3457335.0,592069.0,22678,614747.0,805417,,251802,,-23788,,,,,10170,2842588.0,0,0,,35.17,,1798987,2832418,0,,,,,,,,,,,,,,,,,,,,,,,,,,,,,,,,,,,,,,,,,,,,,,,,,,,,,,,,,,,,,,
2026,2,sii,2026-08-20,3376,新日興,11201945.0,11627461.0,22829406.0,5072371.0,1215184,6287555.0,1957802,,2105417,,-75211,,,,,,16541851.0,,0,,84.5,,12553843,16541851,0,,,,,,,,,,,,,,,,,,,,,,,,,,,,,,,,,,,,,,,,,,,,,,,,,,,,,,,,,,,,,,
2026,2,sii,2026-08-20,3380,明泰,18971928.0,6805473.0,25777401.0,12250074.0,640120,12890194.0,5417185,,2085759,,-2587,,,,,3711620,12887207.0,,0,,16.94,,1675230,9175587,0,,,,,,,,,,,,,,,,,,,,,,,,,,,,,,,,,,,,,,,,,,,,,,,,,,,,,,,,,,,,,,
2026,2,sii,2026-08-20,3406,玉晶光,22859080.0,21777643.0,44636723.0,9589165.0,8008799,17597964.0,1127431,,9239675,,1261894,,,,,-22702,27038759.0,,0,,240.03,,15432461,27061461,0,,,,,,,,,,,,,,,,,,,,,,,,,,,,,,,,,,,,,,,,,,,,,,,,,,,,,,,,,,,,,,
2026,2,sii,2026-08-20,3413,京鼎,16591656.0,13730130.0,30321786.0,9992327.0,2298948,12291275.0,1109244,,6240930,,580571,,,,,1480415,18030511.0,0,162130,,149.2,,8619351,16550096,0,,,,,,,,,,,,,,,,,,,,,,,,,,,,,,,,,,,,,,,,,,,,,,,,,,,,,,,,,,,,,,
2026,2,sii,2026-08-20,3416,融程電,3244528.0,2295270.0,5539798.0,1903689.0,66271,1969960.0,845177,,1012634,,100330,,,,,-3060,3569838.0,,0,,44.39,,1614757,3572898,0,,,,,,,,,,,,,,,,,,,,,,,,,,,,,,,,,,,,,,,,,,,,,,,,,,,,,,,,,,,,,,
2026,2,sii,2026-08-20,3419,譁裕,1114711.0,773586.0,1888297.0,866397.0,129274,995671.0,1204804,,425,,-58193,,,,,,892626.0,,0,,7.41,,-254410,892626,0,,,,,,,,,,,,,,,,,,,,,,,,,,,,,,,,,,,,,,,,,,,,,,,,,,,,,,,,,,,,,,
2026,2,sii,2026-08-20,3432,台端,359593.0,82210.0,441803.0,91657.0,55949,147606.0,422300,,178201,,-41153,,,,,,294197.0,0,0,,6.97,,-265151,294197,0,,,,,,,,,,,,,,,,,,,,,,,,,,,,,,,,,,,,,,,,,,,,,,,,,,,,,,,,,,,,,,
2026,2,sii,2026-08-20,3437,榮創,1471529.0,1317772.0,2789301.0,490226.0,6526,496752.0,1445480,,507568,,440633,,,,,74568,2292549.0,0,0,,15.34,,-175700,2217981,0,,,,,,,,,,,,,,,,,,,,,,,,,,,,,,,,,,,,,,,,,,,,,,,,,,,,,,,,,,,,,,
2026,2,sii,2026-08-20,3443,創意,33873425.0,3511979.0,37385404.0,23386208.0,533848,23920056.0,1340119,,32941,,15385,,,,,,13465348.0,,0,,100.48,,12076903,13465348,0,,,,,,,,,,,,,,,,,,,,,,,,,,,,,,,,,,,,,,,,,,,,,,,,,,,,,,,,,,,,,,
2026,2,sii,2026-08-20,3447,展達,2922834.0,216551.0,3139385.0,1892708.0,5652,1898360.0,774491,,186771,,4197,,,,,,1241025.0,0,0,,16.02,,275566,1241025,0,,,,,,,,,,,,,,,,,,,,,,,,,,,,,,,,,,,,,,,,,,,,,,,,,,,,,,,,,,,,,,
2026,2,sii,2026-08-20,3450,聯鈞,9224276.0,6326432.0,15550708.0,4878715.0,2086390,6965105.0,1456814,,648829,,27764,,,,,3000790,8585603.0,,0,,38.34,,3451406,5584813,0,,,,,,,,,,,,,,,,,,,,,,,,,,,,,,,,,,,,,,,,,,,,,,,,,,,,,,,,,,,,,,
2026,2,sii,2026-08-20,3481,群創,202300660.0,200404667.0,402705327.0,134358350.0,40917318,175275668.0,79891974,,100072210,,-763770,-56914,,,,2459116,227429659.0,,0,,28.17,,45827043,224970543,4072200,,,,,,,,,,,,,,,,,,,,,,,,,,,,,,,,,,,,,,,,,,,,,,,,,,,,,,,,,,,,,,
2026,2,sii,2026-08-20,3494,誠研,430496.0,1402129.0,1832625.0,524718.0,692023,1216741.0,948000,,137865,,-28788,,,,,90725,615884.0,,0,,5.54,,-531918,525159,0,,,,,,,,,,,,,,,,,,,,,,,,,,,,,,,,,,,,,,,,,,,,,,,,,,,,,,,,,,,,,,
2026,2,sii,2026-08-20,3501,維熹,6260352.0,3670890.0,9931242.0,2004823.0,893288,2898111.0,1182579,,1745845,,50327,,,,,,7033131.0,0,0,,59.47,,4054380,7033131,0,,,,,,,,,,,,,,,,,,,,,,,,,,,,,,,,,,,,,,,,,,,,,,,,,,,,,,,,,,,,,,
2026,2,sii,2026-08-20,3504,揚明光,2417491.0,2037793.0,4455284.0,1202561.0,406936,1609497.0,1140598,,1648205,,-79195,,,,,0,2845787.0,,0,,24.95,,136179,2845787,0,,,,,,,,,,,,,,,,,,,,,,,,,,,,,,,,,,,,,,,,,,,,,,,,,,,,,,,,,,,,,,
2026,2,sii,2026-08-20,3515,華擎,28887352.0,2787922.0,31675274.0,16527411.0,75906,16603317.0,1235238,,5333342,,-43398,,,,,3448367,15071957.0,20160,0,,94.1,,5098408,11623590,0,,,,,,,,,,,,,,,,,,,,,,,,,,,,,,,,,,,,,,,,,,,,,,,,,,,,,,,,,,,,,,
2026,2,sii,2026-08-20,3518,柏騰,1258909.0,1180656.0,2439565.0,321439.0,412550,733989.0,1024222,,671838,,-122032,,,,,,1705576.0,,0,,16.65,,131548,1705576,0,,,,,,,,,,,,,,,,,,,,,,,,,,,,,,,,,,,,,,,,,,,,,,,,,,,,,,,,,,,,,,
2026,2,sii,2026-08-20,3528,安馳,14430072.0,221782.0,14651854.0,12346298.0,30328,12376626.0,666392,,301767,,127183,,,,,,2275228.0,,0,,34.14,,1179886,,0,,,,,,,,,,,,,,,,,,,,,,,,,,,,,,,,,,,,,,,,,,,,,,,,,,,,,,,,,,,,,,
2026,2,sii,2026-08-20,3530,晶相光,2574888.0,377547.0,2952435.0,468973.0,5793,474766.0,774759,,1158184,,5249,,,,,,2477669.0,,0,,31.98,,539477,2477669,0,,,,,,,,,,,,,,,,,,,,,,,,,,,,,,,,,,,,,,,,,,,,,,,,,,,,,,,,,,,,,,
2026,2,sii,2026-08-20,3532,台勝科,9814961.0,41468582.0,51283543.0,3621964.0,23367009,26988973.0,3878483,,5739406,,-100913,,,,,,24294570.0,,0,,62.64,,14777594,24294570,0,,,,,,,,,,,,,,,,,,,,,,,,,,,,,,,,,,,,,,,,,,,,,,,,,,,,,,,,,,,,,,
2026,2,sii,2026-08-20,3533,嘉澤,37965191.0,20168091.0,58133282.0,13708483.0,1315797,15024280.0,1125347,,10281121,,1100768,-113976,,,,2135540,43109002.0,0,0,,364.42,,28580202,40973462,101000,,,,,,,,,,,,,,,,,,,,,,,,,,,,,,,,,,,,,,,,,,,,,,,,,,,,,,,,,,,,,,
2026,2,sii,2026-08-20,3535,晶彩科,1165575.0,466891.0,1632466.0,334283.0,173901,508184.0,790523,,98490,,-3581,,,,,,1124282.0,,0,,14.22,,238850,1124282,0,,,,,,,,,,,,,,,,,,,,,,,,,,,,,,,,,,,,,,,,,,,,,,,,,,,,,,,,,,,,,,
2026,2,sii,2026-08-20,3543,州巧,3691050.0,1861125.0,5552175.0,1353673.0,525687,1879360.0,1102631,,2070026,,-285798,-25619,,,,595123,3672815.0,0,0,,28.17,,216452,3077692,1000000,,,,,,,,,,,,,,,,,,,,,,,,,,,,,,,,,,,,,,,,,,,,,,,,,,,,,,,,,,,,,,
2026,2,sii,2026-08-20,3545,敦泰,8322893.0,5062824.0,13385717.0,4005121.0,483005,4488126.0,2224114,,6106541,,276249,-321893,,,,0,8897591.0,,0,,40.96,,612580,8897591,5202000,,,,,,,,,,,,,,,,,,,,,,,,,,,,,,,,,,,,,,,,,,,,,,,,,,,,,,,,,,,,,,
2026,2,sii,2026-08-20,3550,聯穎,2964511.0,1443674.0,4408185.0,1657071.0,980152,2637223.0,1075500,,424075,,-66021,,,,,22449,1770962.0,0,0,,16.26,,314959,1748513,0,,,,,,,,,,,,,,,,,,,,,,,,,,,,,,,,,,,,,,,,,,,,,,,,,,,,,,,,,,,,,,
2026,2,sii,2026-08-20,3557,嘉威,1853538.0,4502470.0,6356008.0,2330506.0,1476150,3806656.0,843154,,682138,,36223,,,,,,2549352.0,,0,,30.24,,987837,2549352,0,,,,,,,,,,,,,,,,,,,,,,,,,,,,,,,,,,,,,,,,,,,,,,,,,,,,,,,,,,,,,,
2026,2,sii,2026-08-20,3563,牧德,6767267.0,1147798.0,7915065.0,2134308.0,98641,2232949.0,639608,,1771510,,15455,,,,,134676,5682116.0,,0,,86.73,,3120867,5547440,0,,,,,,,,,,,,,,,,,,,,,,,,,,,,,,,,,,,,,,,,,,,,,,,,,,,,,,,,,,,,,,
2026,2,sii,2026-08-20,3576,聯合再生,8430183.0,15752230.0,24182413.0,5469867.0,5779320,11249187.0,16277954,,850062,,215098,-18699,,,,33495,12933226.0,,0,,7.93,,-4424684,12899731,1065679,,,,,,,,,,,,,,,,,,,,,,,,,,,,,,,,,,,,,,,,,,,,,,,,,,,,,,,,,,,,,,
2026,2,sii,2026-08-20,3583,辛耘,21781611.0,8116703.0,29898314.0,18915624.0,457514,19373138.0,836087,,1978706,,3260457,,,,,368459,10525176.0,,0,,121.48,,4081467,10156717,0,,,,,,,,,,,,,,,,,,,,,,,,,,,,,,,,,,,,,,,,,,,,,,,,,,,,,,,,,,,,,,
2026,2,sii,2026-08-20,3588,通嘉,1709778.0,466360.0,2176138.0,342820.0,19626,362446.0,619932,,372450,,6900,,,,,,1813692.0,,0,,29.26,,814410,1813692,0,,,,,,,,,,,,,,,,,,,,,,,,,,,,,,,,,,,,,,,,,,,,,,,,,,,,,,,,,,,,,,
2026,2,sii,2026-08-20,3591,艾笛森,2551686.0,2138015.0,4689701.0,815370.0,794456,1609826.0,1453868,,1558674,,-101577,-73473,,,,189200,3079875.0,,0,,20.45,,53183,2890675,4025827,,,,,,,,,,,,,,,,,,,,,,,,,,,,,,,,,,,,,,,,,,,,,,,,,,,,,,,,,,,,,,
2026,2,sii,2026-08-20,3592,瑞鼎,18888519.0,2733822.0,21622341.0,10024328.0,209316,10233644.0,758552,,4712933,,-71213,,,,,,11388697.0,0,0,,150.14,,5988425,11388697,0,,,,,,,,,,,,,,,,,,,,,,,,,,,,,,,,,,,,,,,,,,,,,,,,,,,,,,,,,,,,,,
2026,2,sii,2026-08-20,3593,力銘,589225.0,548549.0,1137774.0,526802.0,403020,929822.0,608255,,16422,,80697,,,,,,207952.0,,0,,3.42,,-497422,207952,0,,,,,,,,,,,,,,,,,,,,,,,,,,,,,,,,,,,,,,,,,,,,,,,,,,,,,,,,,,,,,,
2026,2,sii,2026-08-20,3596,智易,46783486.0,7427469.0,54210955.0,37377649.0,289050,37666699.0,2203543,,3209383,,123972,,,,,88329,16544256.0,,0,,74.68,,10919029,16455927,0,,,,,,,,,,,,,,,,,,,,,,,,,,,,,,,,,,,,,,,,,,,,,,,,,,,,,,,,,,,,,,
2026,2,sii,2026-08-20,3605,宏致,8474614.0,7641379.0,16115993.0,4756498.0,2427690,7184188.0,1752703,,2755267,,472264,0,,,,859,8931805.0,0,572900,,50.96,,3950712,8930946,0,,,,,,,,,,,,,,,,,,,,,,,,,,,,,,,,,,,,,,,,,,,,,,,,,,,,,,,,,,,,,,
2026,2,sii,2026-08-20,3607,谷崧,2379854.0,745236.0,3125090.0,1279340.0,123799,1403139.0,1216622,,1113462,,-646903,,,,,,1721951.0,,0,,14.15,,38770,1721951,0,,,,,,,,,,,,,,,,,,,,,,,,,,,,,,,,,,,,,,,,,,,,,,,,,,,,,,,,,,,,,,
2026,2,sii,2026-08-20,3617,碩天,11238477.0,4614276.0,15852753.0,4108220.0,1756060,5864280.0,947620,,3233207,,116586,,,,,108974,9988473.0,,0,,104.25,,5582086,9879499,0,,,,,,,,,,,,,,,,,,,,,,,,,,,,,,,,,,,,,,,,,,,,,,,,,,,,,,,,,,,,,,
2026,2,sii,2026-08-20,3622,洋華,6968221.0,2349239.0,9317460.0,1072342.0,258052,1330394.0,1513276,,1381084,,2585268,,,,,91648,7987066.0,,0,,52.17,,2415790,7895418,0,,,,,,,,,,,,,,,,,,,,,,,,,,,,,,,,,,,,,,,,,,,,,,,,,,,,,,,,,,,,,,
2026,2,sii,2026-08-20,3645,達邁,1851863.0,3402083.0,5253946.0,1234805.0,663425,1898230.0,1367542,,792941,,2870,,,,,10850,3355716.0,,0,,24.46,,1181513,3344866,0,,,,,,,,,,,,,,,,,,,,,,,,,,,,,,,,,,,,,,,,,,,,,,,,,,,,,,,,,,,,,,
2026,2,sii,2026-08-20,3652,精聯,2237551.0,504867.0,2742418.0,727292.0,79845,807137.0,750975,,935226,,-17388,,,,,2706,1935281.0,,0,,25.73,,263762,1932575,0,,,,,,,,,,,,,,,,,,,,,,,,,,,,,,,,,,,,,,,,,,,,,,,,,,,,,,,,,,,,,,
2026,2,sii,2026-08-20,3653,健策,23448546.0,9934192.0,33382738.0,9137834.0,438293,9576127.0,1467328,,12767546,,79934,,,,,228487,23806611.0,0,0,,160.69,,9263316,23578124,0,,,,,,,,,,,,,,,,,,,,,,,,,,,,,,,,,,,,,,,,,,,,,,,,,,,,,,,,,,,,,,
2026,2,sii,2026-08-20,3661,世芯-KY,84591735.0,5041779.0,89633514.0,29074064.0,216253,29290317.0,862047,,44323342,,1446858,,,,,17690,60343197.0,,0,,699.79,,13693260,60325507,0,,,,,,,,,,,,,,,,,,,,,,,,,,,,,,,,,,,,,,,,,,,,,,,,,,,,,,,,,,,,,,
2026,2,sii,2026-08-20,3669,圓展,2262831.0,2609602.0,4872433.0,1246951.0,120350,1367301.0,929200,,735120,,-35483,,,,,,3505132.0,,0,,37.72,,1876295,3505132,0,,,,,,,,,,,,,,,,,,,,,,,,,,,,,,,,,,,,,,,,,,,,,,,,,,,,,,,,,,,,,,
2026,2,sii,2026-08-20,3679,新至陞,6714911.0,2762113.0,9477024.0,2781617.0,1856443,4638060.0,630222,,940899,,-27188,,,,,,4838964.0,,0,,76.78,,3295031,4838964,0,,,,,,,,,,,,,,,,,,,,,,,,,,,,,,,,,,,,,,,,,,,,,,,,,,,,,,,,,,,,,,
2026,2,sii,2026-08-20,3686,達能,382454.0,283924.0,666378.0,6254.0,1337,7591.0,764951,,6123,,,,,,,,658787.0,0,0,,8.61,,-112287,658787,0,,,,,,,,,,,,,,,,,,,,,,,,,,,,,,,,,,,,,,,,,,,,,,,,,,,,,,,,,,,,,,
2026,2,sii,2026-08-20,3694,海華,6753711.0,1406648.0,8160359.0,4372306.0,126967,4499273.0,1549292,,1170958,,-35507,,,,,,3661086.0,,0,,23.63,,976343,3661086,0,,,,,,,,,,,,,,,,,,,,,,,,,,,,,,,,,,,,,,,,,,,,,,,,,,,,,,,,,,,,,,
2026,2,sii,2026-08-20,3701,大眾控,10643173.0,4182076.0,14825249.0,5244201.0,2922478,8166679.0,2366689,,1742677,,-32353,,,,,1934027,6658570.0,,0,,19.96,,647530,4724543,0,,,,,,,,,,,,,,,,,,,,,,,,,,,,,,,,,,,,,,,,,,,,,,,,,,,,,,,,,,,,,,
2026,2,sii,2026-08-20,3702,大聯大,571595967.0,46278461.0,617874428.0,477176298.0,41757557,518933855.0,17284600,,25146518,,901948,,,,,2612023,98940573.0,0,0,,55.73,,52995484,96328550,0,,,,,,,,,,,,,,,,,,,,,,,,,,,,,,,,,,,,,,,,,,,,,,,,,,,,,,,,,,,,,,
2026,2,sii,2026-08-20,3703,欣陸,61444777.0,36382398.0,97827175.0,50595964.0,18411944,69007908.0,8232160,,6884018,,1627736,,,,,1410433,28819267.0,,0,,33.29,,10664920,27408834,0,,,,,,,,,,,,,,,,,,,,,,,,,,,,,,,,,,,,,,,,,,,,,,,,,,,,,,,,,,,,,,
2026,2,sii,2026-08-20,3704,合勤控,24230560.0,4746914.0,28977474.0,15873935.0,731843,16605778.0,4154450,,3722664,,-397344,-96550,,,,248643,12371696.0,,0,,29.7,,4739833,12123053,7317397,,,,,,,,,,,,,,,,,,,,,,,,,,,,,,,,,,,,,,,,,,,,,,,,,,,,,,,,,,,,,,
2026,2,sii,2026-08-20,3705,永信,7568539.0,5607639.0,13176178.0,3022777.0,1569496,4592273.0,2664230,,2382035,,-259030,-1439,,,,791302,8583905.0,0,0,,29.26,,3006807,7792603,58059,,,,,,,,,,,,,,,,,,,,,,,,,,,,,,,,,,,,,,,,,,,,,,,,,,,,,,,,,,,,,,
2026,2,sii,2026-08-20,3706,神達,117190530.0,62827523.0,180018053.0,61960618.0,40199287,102159905.0,14599337,,24448627,,7553821,,,,,1590996,77858148.0,0,0,,57.46,,29665367,76267152,0,,,,,,,,,,,,,,,,,,,,,,,,,,,,,,,,,,,,,,,,,,,,,,,,,,,,,,,,,,,,,,
2026,2,sii,2026-08-20,3708,上緯投控,5651694.0,19558187.0,25209881.0,3007102.0,463047,3470149.0,923649,,4423340,,10758686,-311975,,,,43647,21739732.0,0,0,,241.49,,5902385,21696085,2522000,,,,,,,,,,,,,,,,,,,,,,,,,,,,,,,,,,,,,,,,,,,,,,,,,,,,,,,,,,,,,,
2026,2,sii,2026-08-20,3711,日月光投控,360399211.0,710935216.0,1071334427.0,336798821.0,315337827,652136648.0,44705723,,165900080,,34624067,-1959107,,,,29992456,419197779.0,0,9739200,,88.5,,145934560,389205323,72941505,,,,,,,,,,,,,,,,,,,,,,,,,,,,,,,,,,,,,,,,,,,,,,,,,,,,,,,,,,,,,,
2026,2,sii,2026-08-20,3712,永崴投控,24502753.0,29568189.0,54070942.0,42831544.0,6852727,49684271.0,2462421,,1143099,,238694,,,,,14924,4386671.0,,0,,17.75,,527533,4371747,0,,,,,,,,,,,,,,,,,,,,,,,,,,,,,,,,,,,,,,,,,,,,,,,,,,,,,,,,,,,,,,
2026,2,sii,2026-08-20,3714,富采,30239815.0,24184817.0,54424632.0,8511068.0,1526137,10037205.0,7379405,,32818267,,1957862,-135163,,,,1063101,44387427.0,0,0,,58.81,,1303955,43324326,1282377,,,,,,,,,,,,,,,,,,,,,,,,,,,,,,,,,,,,,,,,,,,,,,,,,,,,,,,,,,,,,,
2026,2,sii,2026-08-20,3715,定穎投控,22862302.0,26029541.0,48891843.0,17800586.0,18909912,36710498.0,2835746,,5815483,,210134,,,,,1716347,12181345.0,0,0,,36.9,,1603635,10464998,0,,,,,,,,,,,,,,,,,,,,,,,,,,,,,,,,,,,,,,,,,,,,,,,,,,,,,,,,,,,,,,
2026,2,sii,2026-08-20,3716,中化控股,5770255.0,6560792.0,12331047.0,3837769.0,815815,4653584.0,1497656,,5907735,,-114754,-162302,,,,6468,7677463.0,0,0,,52.65,,542660,7670995,4074941,,,,,,,,,,,,,,,,,,,,,,,,,,,,,,,,,,,,,,,,,,,,,,,,,,,,,,,,,,,,,,
2026,2,sii,2026-08-20,3717,聯嘉投控,5524573.0,3602786.0,9127359.0,3909654.0,1694684,5604338.0,2078455,,1104178,,31574,0,,,,3921,3523021.0,,0,,16.93,,304893,3519100,0,,,,,,,,,,,,,,,,,,,,,,,,,,,,,,,,,,,,,,,,,,,,,,,,,,,,,,,,,,,,,,
2026,2,sii,2026-08-20,4104,佳醫,11672026.0,9483855.0,21155881.0,5990266.0,1961395,7951661.0,1883674,,4248985,,216767,,,,,3390729,13204220.0,0,0,,52.1,,3464065,9813491,0,,,,,,,,,,,,,,,,,,,,,,,,,,,,,,,,,,,,,,,,,,,,,,,,,,,,,,,,,,,,,,
2026,2,sii,2026-08-20,4106,雃博,1847117.0,1467540.0,3314657.0,678584.0,104192,782776.0,1009116,,345736,,-44435,,,,,302,2531881.0,,0,,25.09,,1221162,2531579,0,,,,,,,,,,,,,,,,,,,,,,,,,,,,,,,,,,,,,,,,,,,,,,,,,,,,,,,,,,,,,,
2026,2,sii,2026-08-20,4108,懷特,1179387.0,1232191.0,2411578.0,40436.0,17784,58220.0,1986189,,6590,,254017,,,,,410234,2353358.0,,0,,9.78,,-303672,1943124,0,,,,,,,,,,,,,,,,,,,,,,,,,,,,,,,,,,,,,,,,,,,,,,,,,,,,,,,,,,,,,,
2026,2,sii,2026-08-20,4119,旭富,1063126.0,5862320.0,6925446.0,848639.0,766426,1615065.0,1195087,,2245161,,-15345,,,,,,5310381.0,0,0,,44.44,,1885478,5310381,0,,,,,,,,,,,,,,,,,,,,,,,,,,,,,,,,,,,,,,,,,,,,,,,,,,,,,,,,,,,,,,
2026,2,sii,2026-08-20,4133,亞諾法,946992.0,405901.0,1352893.0,65016.0,14663,79679.0,605536,,474527,,-4428,0,,0,,0,1273214.0,,0,,21.03,0,197579,1273214,0,,,,,,,,,,,,,,,,,,,,,,,,,,,,,,,,,,,,,,,,,,,,,,,,,,,,,,,,,,,,,,
2026,2,sii,2026-08-20,4142,國光生,3202707.0,4910118.0,8112825.0,716463.0,2691434,3407897.0,4295078,,769837,,52067,-292538,,,,80480,4704928.0,0,0,,10.97,,-199996,4624448,8000000,,,,,,,,,,,,,,,,,,,,,,,,,,,,,,,,,,,,,,,,,,,,,,,,,,,,,,,,,,,,,,
2026,2,sii,2026-08-20,4155,訊映,1374117.0,2619607.0,3993724.0,572558.0,846845,1419403.0,1446842,,871588,,-65422,-59215,,,,56757,2574321.0,0,0,,17.89,,323771,2517564,3953000,,,,,,,,,,,,,,,,,,,,,,,,,,,,,,,,,,,,,,,,,,,,,,,,,,,,,,,,,,,,,,
2026,2,sii,2026-08-20,4164,承業醫,5233268.0,10948828.0,16182096.0,3086859.0,5232183,8319042.0,1953110,,4858430,,-406388,-40096,,,,392730,7863054.0,0,0,,38.52,,1105268,7470324,1367000,,,,,,,,,,,,,,,,,,,,,,,,,,,,,,,,,,,,,,,,,,,,,,,,,,,,,,,,,,,,,,
2026,2,sii,2026-08-20,4169,泰宗,1561198.0,543067.0,2104265.0,133656.0,16167,149823.0,664316,,1334817,,-40246,,,,,,1954442.0,0,0,,29.42,,-4445,1954442,0,,,,,,,,,,,,,,,,,,,,,,,,,,,,,,,,,,,,,,,,,,,,,,,,,,,,,,,,,,,,,,
2026,2,sii,2026-08-20,4195,基米-創,606676.0,844426.0,1451102.0,424256.0,278336,702592.0,800001,,89494,,-1489,,,,,83161,748510.0,,0,,8.32,,-222657,665349,0,,,,,,,,,,,,,,,,,,,,,,,,,,,,,,,,,,,,,,,,,,,,,,,,,,,,,,,,,,,,,,
2026,2,sii,2026-08-20,4306,炎洲,26606811.0,13141330.0,39748141.0,16945281.0,8105256,25050537.0,6767572,,2692737,,1203954,-243995,,,,643313,14697604.0,0,0,,21.36,,3634023,14054291,18791283,,,,,,,,,,,,,,,,,,,,,,,,,,,,,,,,,,,,,,,,,,,,,,,,,,,,,,,,,,,,,,
2026,2,sii,2026-08-20,4414,如興,8237793.0,5443802.0,13681595.0,8886266.0,370631,9256897.0,2909337,,1201877,,163784,,,,,218379,4424698.0,,0,,14.59,,-68679,4206319,0,,,,,,,,,,,,,,,,,,,,,,,,,,,,,,,,,,,,,,,,,,,,,,,,,,,,,,,,,,,,,,
2026,2,sii,2026-08-20,4426,利勤,694642.0,3420991.0,4115633.0,861316.0,1510711,2372027.0,1726773,,42859,,-11999,,,,,479,1743606.0,0,0,,10.09,,-14506,1743127,0,,,,,,,,,,,,,,,,,,,,,,,,,,,,,,,,,,,,,,,,,,,,,,,,,,,,,,,,,,,,,,
2026,2,sii,2026-08-20,4438,廣越,15353290.0,6148437.0,21501727.0,9191259.0,1586033,10777292.0,1134255,,3768138,,-204029,-62946,,,,2062844,10724435.0,,0,,76.87,,4026173,8661591,754000,,,,,,,,,,,,,,,,,,,,,,,,,,,,,,,,,,,,,,,,,,,,,,,,,,,,,,,,,,,,,,
2026,2,sii,2026-08-20,4439,冠星-KY,4290725.0,3015825.0,7306550.0,3125286.0,743972,3869258.0,381152,,1690398,,23317,-47106,,,,,3437292.0,,0,,91.38,,1389531,3437292,500000,,,,,,,,,,,,,,,,,,,,,,,,,,,,,,,,,,,,,,,,,,,,,,,,,,,,,,,,,,,,,,
2026,2,sii,2026-08-20,4440,宜新實業,529027.0,1547599.0,2076626.0,315252.0,425516,740768.0,675980,,281904,,5797,,,,,,1335858.0,,0,,19.76,,372177,,0,,,,,,,,,,,,,,,,,,,,,,,,,,,,,,,,,,,,,,,,,,,,,,,,,,,,,,,,,,,,,,
2026,2,sii,2026-08-20,4441,振大環球,7225729.0,2675670.0,9901399.0,2968929.0,52139,3021068.0,681756,,2408345,,36721,,,,,8933,6880331.0,,0,,100.79,,3744576,6871398,0,,,,,,,,,,,,,,,,,,,,,,,,,,,,,,,,,,,,,,,,,,,,,,,,,,,,,,,,,,,,,,
2026,2,sii,2026-08-20,4526,東台,8156077.0,5622396.0,13778473.0,7314641.0,1385816,8700457.0,2548265,,995261,,942341,-76916,,,,68738,5078016.0,,0,,19.89,,600327,5009278,3000000,,,,,,,,,,,,,,,,,,,,,,,,,,,,,,,,,,,,,,,,,,,,,,,,,,,,,,,,,,,,,,
2026,2,sii,2026-08-20,4532,瑞智,24938096.0,7015460.0,31953556.0,18948289.0,1297022,20245311.0,4948951,,1345276,,-288677,-209890,,,,1075292,11708245.0,,0,,21.88,,4837293,10632953,8920000,,,,,,,,,,,,,,,,,,,,,,,,,,,,,,,,,,,,,,,,,,,,,,,,,,,,,,,,,,,,,,
2026,2,sii,2026-08-20,4536,拓凱,9854377.0,5247088.0,15101465.0,3712972.0,1455066,5168038.0,908200,,1639532,,-134045,,,,,495920,9933427.0,,0,,103.91,,7023820,9437507,0,,,,,,,,,,,,,,,,,,,,,,,,,,,,,,,,,,,,,,,,,,,,,,,,,,,,,,,,,,,,,,
2026,2,sii,2026-08-20,4540,全球傳動,4293765.0,3685544.0,7979309.0,2423210.0,2064244,4487454.0,1151868,,2244468,,66733,,,,,,3491855.0,,0,,30.31,,28786,3491855,0,,,,,,,,,,,,,,,,,,,,,,,,,,,,,,,,,,,,,,,,,,,,,,,,,,,,,,,,,,,,,,
2026,2,sii,2026-08-20,4545,銘鈺,1955528.0,1390955.0,3346483.0,1190709.0,213430,1404139.0,770000,,642785,,6933,,,,,,1942344.0,0,0,,25.23,,522626,1942344,0,,,,,,,,,,,,,,,,,,,,,,,,,,,,,,,,,,,,,,,,,,,,,,,,,,,,,,,,,,,,,,
2026,2,sii,2026-08-20,4551,智伸科,10897865.0,3934953.0,14832818.0,4910224.0,667765,5577989.0,1152225,,3696715,,138549,,,,,,9254829.0,,0,,80.32,,4267340,9254829,0,,,,,,,,,,,,,,,,,,,,,,,,,,,,,,,,,,,,,,,,,,,,,,,,,,,,,,,,,,,,,,
2026,2,sii,2026-08-20,4555,氣立,2385149.0,2210200.0,4595349.0,625392.0,933891,1559283.0,699876,,714369,,2114,-22333,,,,114082,3036066.0,,0,,42.05,,1527958,2921984,500000,,,,,,,,,,,,,,,,,,,,,,,,,,,,,,,,,,,,,,,,,,,,,,,,,,,,,,,,,,,,,,
2026,2,sii,2026-08-20,4562,穎漢,1318757.0,923089.0,2241846.0,1053046.0,270575,1323621.0,875460,,347593,,25038,,,,,9110,918225.0,,0,,10.38,,-338976,909115,0,,,,,,,,,,,,,,,,,,,,,,,,,,,,,,,,,,,,,,,,,,,,,,,,,,,,,,,,,,,,,,
2026,2,sii,2026-08-20,4564,元翎,1558759.0,4867240.0,6425999.0,1045346.0,1427803,2473149.0,2327883,,1789669,,-4262,,,,,,3952850.0,,0,,16.98,,-160440,3952850,0,,,,,,,,,,,,,,,,,,,,,,,,,,,,,,,,,,,,,,,,,,,,,,,,,,,,,,,,,,,,,,
2026,2,sii,2026-08-20,4566,時碩工業,5433448.0,5817846.0,11251294.0,3783630.0,2319061,6102691.0,1103810,,2823500,,64457,,,,,89015,5148603.0,0,0,,45.84,,1067821,5059588,0,,,,,,,,,,,,,,,,,,,,,,,,,,,,,,,,,,,,,,,,,,,,,,,,,,,,,,,,,,,,,,
2026,2,sii,2026-08-20,4572,駐龍,1993462.0,1165565.0,3159027.0,999919.0,257491,1257410.0,400187,,112384,,,,,,,,1901617.0,0,0,,47.52,,1389046,1901617,0,,,,,,,,,,,,,,,,,,,,,,,,,,,,,,,,,,,,,,,,,,,,,,,,,,,,,,,,,,,,,,
2026,2,sii,2026-08-20,4576,大銀微系統,3397304.0,4165851.0,7563155.0,1694869.0,1189954,2884823.0,1198018,,1578181,,98851,,,,,386959,4678332.0,,0,,35.82,,1416323,4291373,0,,,,,,,,,,,,,,,,,,,,,,,,,,,,,,,,,,,,,,,,,,,,,,,,,,,,,,,,,,,,,,
2026,2,sii,2026-08-20,4582,聚恆-創,2114897.0,1920549.0,4035446.0,2075222.0,453282,2528504.0,754800,,260395,,-193,,,,,8042,1506942.0,0,0,,19.86,,483898,1498900,0,,,,,,,,,,,,,,,,,,,,,,,,,,,,,,,,,,,,,,,,,,,,,,,,,,,,,,,,,,,,,,
2026,2,sii,2026-08-20,4583,台灣精銳,7081009.0,4049867.0,11130876.0,559523.0,637980,1197503.0,801714,,722914,,0,,,,,,9933373.0,,0,,123.9,,8408745,9933373,0,,,,,,,,,,,,,,,,,,,,,,,,,,,,,,,,,,,,,,,,,,,,,,,,,,,,,,,,,,,,,,
2026,2,sii,2026-08-20,4585,達明,2669319.0,5125816.0,7795135.0,784374.0,22559,806933.0,1046090,,5434156,,25043,,,,,,6988202.0,0,0,,66.8,,482913,6988202,0,,,,,,,,,,,,,,,,,,,,,,,,,,,,,,,,,,,,,,,,,,,,,,,,,,,,,,,,,,,,,,
2026,2,sii,2026-08-20,4588,玖鼎電力,1408690.0,988899.0,2397589.0,933076.0,605748,1538824.0,429850,,272964,,,,,,,,858765.0,0,0,,19.98,,155951,,0,,,,,,,,,,,,,,,,,,,,,,,,,,,,,,,,,,,,,,,,,,,,,,,,,,,,,,,,,,,,,,
2026,2,sii,2026-08-20,4590,富田-創,3336341.0,2946503.0,6282844.0,1559531.0,1148951,2708482.0,548384,,2523987,,-878,,,,,,3574362.0,,0,,65.18,,502869,,0,,,,,,,,,,,,,,,,,,,,,,,,,,,,,,,,,,,,,,,,,,,,,,,,,,,,,,,,,,,,,,
2026,2,sii,2026-08-20,4720,德淵,2255365.0,1542440.0,3797805.0,1534394.0,472970,2007364.0,1145160,,124374,,-35450,,,,,162996,1790441.0,,0,,14.21,,393361,1627445,0,,,,,,,,,,,,,,,,,,,,,,,,,,,,,,,,,,,,,,,,,,,,,,,,,,,,,,,,,,,,,,
2026,2,sii,2026-08-20,4722,國精化,3944602.0,4363819.0,8308421.0,1438913.0,3409304,4848217.0,1037651,,731755,,16463,,,,,,3460204.0,0,0,,33.66,,1674335,3460204,0,,,,,,,,,,,,,,,,,,,,,,,,,,,,,,,,,,,,,,,,,,,,,,,,,,,,,,,,,,,,,,
2026,2,sii,2026-08-20,4736,泰博,8755210.0,5622327.0,14377537.0,2744266.0,274475,3018741.0,1049118,,1711736,,327608,-169141,,,,351706,11358796.0,,0,,117.05,,8087769,11007090,1334000,,,,,,,,,,,,,,,,,,,,,,,,,,,,,,,,,,,,,,,,,,,,,,,,,,,,,,,,,,,,,,
2026,2,sii,2026-08-20,4737,華廣,1577100.0,4071439.0,5648539.0,2041191.0,1495451,3536642.0,776843,,1323882,,133461,,,,,11073,2111897.0,,70200,,27.14,,-133362,2100824,0,,,,,,,,,,,,,,,,,,,,,,,,,,,,,,,,,,,,,,,,,,,,,,,,,,,,,,,,,,,,,,
2026,2,sii,2026-08-20,4739,康普,7760935.0,5867246.0,13628181.0,4172300.0,2019662,6191962.0,1246513,,3772270,,-11350,-3268,,,,1001817,7436219.0,0,2044,,51.9,,1430237,6434402,673495,,,,,,,,,,,,,,,,,,,,,,,,,,,,,,,,,,,,,,,,,,,,,,,,,,,,,,,,,,,,,,
2026,2,sii,2026-08-20,4746,台耀,5359685.0,8548008.0,13907693.0,2878436.0,2733288,5611724.0,1202560,,3570410,,-34681,,,,,869571,8295969.0,,0,,61.75,,2688109,7426398,0,,,,,,,,,,,,,,,,,,,,,,,,,,,,,,,,,,,,,,,,,,,,,,,,,,,,,,,,,,,,,,
2026,2,sii,2026-08-20,4755,三福化,4342416.0,6243888.0,10586304.0,2628611.0,927593,3556204.0,1007060,,283700,,1598023,,,,,214713,7030100.0,,0,,67.68,,3926604,6815387,0,,,,,,,,,,,,,,,,,,,,,,,,,,,,,,,,,,,,,,,,,,,,,,,,,,,,,,,,,,,,,,
2026,2,sii,2026-08-20,4764,雙鍵,3048981.0,2353081.0,5402062.0,2175145.0,670148,2845293.0,855421,,358131,,84205,,,,,4998,2556769.0,,0,,29.83,,1254014,2551771,0,,,,,,,,,,,,,,,,,,,,,,,,,,,,,,,,,,,,,,,,,,,,,,,,,,,,,,,,,,,,,,
2026,2,sii,2026-08-20,4766,南寶,20239621.0,10879346.0,31118967.0,10556510.0,4706407,15262917.0,1205707,,2154064,,1457355,,,,,1683918,15856050.0,,0,,117.54,,9355006,14172132,0,,,,,,,,,,,,,,,,,,,,,,,,,,,,,,,,,,,,,,,,,,,,,,,,,,,,,,,,,,,,,,
2026,2,sii,2026-08-20,4770,上品,8234478.0,2057905.0,10292383.0,1765466.0,140633,1906099.0,799760,,2045485,,247491,,,,,,8386284.0,,0,,104.86,,5293548,8386284,0,,,,,,,,,,,,,,,,,,,,,,,,,,,,,,,,,,,,,,,,,,,,,,,,,,,,,,,,,,,,,,
2026,2,sii,2026-08-20,4771,望隼,2724573.0,5435515.0,8160088.0,1620483.0,1925057,3545540.0,587674,,1868524,,85198,,,,,471659,4614548.0,,12000,,70.52,,1601493,4142889,0,,,,,,,,,,,,,,,,,,,,,,,,,,,,,,,,,,,,,,,,,,,,,,,,,,,,,,,,,,,,,,
2026,2,sii,2026-08-20,4904,遠傳,38080720.0,147958110.0,186038830.0,51169339.0,44793174,95962513.0,36077054,,18910772,,-248847,,,,,3908817,90076317.0,,0,,23.88,,31428521,86167500,0,,,,,,,,,,,,,,,,,,,,,,,,,,,,,,,,,,,,,,,,,,,,,,,,,,,,,,,,,,,,,,
2026,2,sii,2026-08-20,4906,正文,11731610.0,7524987.0,19256597.0,7249391.0,384350,7633741.0,4518458,,6201571,,-1173159,,,,,364443,11622856.0,,15492361,,24.92,,1711543,11258413,0,,,,,,,,,,,,,,,,,,,,,,,,,,,,,,,,,,,,,,,,,,,,,,,,,,,,,,,,,,,,,,
2026,2,sii,2026-08-20,4915,致伸,39380955.0,15272260.0,54653215.0,30976450.0,3261768,34238218.0,4718808,,3932391,,31592,,,,,,20414997.0,0,0,,43.26,,11732206,20414997,0,,,,,,,,,,,,,,,,,,,,,,,,,,,,,,,,,,,,,,,,,,,,,,,,,,,,,,,,,,,,,,
2026,2,sii,2026-08-20,4916,事欣科,3382240.0,1973898.0,5356138.0,1315111.0,433394,1748505.0,1240826,,1316714,,-91428,,,,,2556,3607633.0,,0,,29.14,,1138965,3605077,0,,,,,,,,,,,,,,,,,,,,,,,,,,,,,,,,,,,,,,,,,,,,,,,,,,,,,,,,,,,,,,
2026,2,sii,2026-08-20,4919,新唐,19770761.0,11486646.0,31257407.0,10408527.0,4126442,14534969.0,4523978,,10596691,,-1581687,,,,,,16722438.0,,0,,36.96,,3183456,16722438,0,,,,,,,,,,,,,,,,,,,,,,,,,,,,,,,,,,,,,,,,,,,,,,,,,,,,,,,,,,,,,,
2026,2,sii,2026-08-20,4930,燦星網,8272119.0,2947078.0,11219197.0,2169071.0,2746038,4915109.0,800000,,1785848,,-155463,,,,,3128002,6304088.0,0,0,,39.7,,745701,3176086,0,,,,,,,,,,,,,,,,,,,,,,,,,,,,,,,,,,,,,,,,,,,,,,,,,,,,,,,,,,,,,,
2026,2,sii,2026-08-20,4934,太極,1570992.0,1368311.0,2939303.0,471293.0,208986,680279.0,2250000,,207156,,-404817,,,,,551943,2259024.0,,0,,7.59,,-345258,1707081,0,,,,,,,,,,,,,,,,,,,,,,,,,,,,,,,,,,,,,,,,,,,,,,,,,,,,,,,,,,,,,,
2026,2,sii,2026-08-20,4938,和碩,496319168.0,175141358.0,671460526.0,391536542.0,25926294,417462836.0,26758522,,87069816,,2034053,,,,,47075910,253997690.0,0,0,,77.33,,91059389,206921780,0,,,,,,,,,,,,,,,,,,,,,,,,,,,,,,,,,,,,,,,,,,,,,,,,,,,,,,,,,,,,,,
2026,2,sii,2026-08-20,4942,嘉彰,6702603.0,4630530.0,11333133.0,1805389.0,288202,2093591.0,1423676,,2820346,,-49724,,,,,4833,9239542.0,,0,,64.87,,5040411,9234709,0,,,,,,,,,,,,,,,,,,,,,,,,,,,,,,,,,,,,,,,,,,,,,,,,,,,,,,,,,,,,,,
2026,2,sii,2026-08-20,4949,有成精密,2536757.0,265383.0,2802140.0,989080.0,49230,1038310.0,677515,,570182,,18597,,,,,,1763830.0,0,29500,,26.03,,497536,1763830,0,,,,,,,,,,,,,,,,,,,,,,,,,,,,,,,,,,,,,,,,,,,,,,,,,,,,,,,,,,,,,,
2026,2,sii,2026-08-20,4952,凌通,2309518.0,888788.0,3198306.0,811740.0,173565,985305.0,1088158,,141967,,-8537,,,,,,2213001.0,,0,,20.34,,991413,2213001,0,,,,,,,,,,,,,,,,,,,,,,,,,,,,,,,,,,,,,,,,,,,,,,,,,,,,,,,,,,,,,,
2026,2,sii,2026-08-20,4956,光鋐,1746905.0,1205583.0,2952488.0,761688.0,499200,1260888.0,1004082,,389185,,41976,,,,,,1691600.0,,0,,16.85,,256357,1691600,0,,,,,,,,,,,,,,,,,,,,,,,,,,,,,,,,,,,,,,,,,,,,,,,,,,,,,,,,,,,,,,
2026,2,sii,2026-08-20,4958,臻鼎-KY,162960495.0,186745822.0,349706317.0,101469723.0,37402426,138872149.0,11088877,,75602022,,5700287,-52202,,,,56609767,210834168.0,0,0,,139.13,,61885417,154224401,424410,,,,,,,,,,,,,,,,,,,,,,,,,,,,,,,,,,,,,,,,,,,,,,,,,,,,,,,,,,,,,,
2026,2,sii,2026-08-20,4960,誠美材,7564794.0,5283862.0,12848656.0,3840729.0,1936271,5777000.0,5717054,,592565,,-371961,-78833,,,,,7071656.0,0,0,,12.5,,1212831,7071656,5983000,,,,,,,,,,,,,,,,,,,,,,,,,,,,,,,,,,,,,,,,,,,,,,,,,,,,,,,,,,,,,,
2026,2,sii,2026-08-20,4961,天鈺,19556206.0,9065848.0,28622054.0,4996694.0,928009,5924703.0,1212536,,8507362,,299361,-220678,,,,5425396,22697351.0,0,0,,144.23,,7473374,17271955,1500000,,,,,,,,,,,,,,,,,,,,,,,,,,,,,,,,,,,,,,,,,,,,,,,,,,,,,,,,,,,,,,
2026,2,sii,2026-08-20,4967,十銓,21732375.0,857589.0,22589964.0,11339918.0,106634,11446552.0,967352,,3790090,,-10511,,,,,,11143412.0,0,0,,131.16,,6396481,11143412,0,,,,,,,,,,,,,,,,,,,,,,,,,,,,,,,,,,,,,,,,,,,,,,,,,,,,,,,,,,,,,,
2026,2,sii,2026-08-20,4968,立積,3295095.0,303622.0,3598717.0,855291.0,45292,900583.0,922099,,900389,,4893,,,,,,2698134.0,,0,,29.26,,870753,2698134,0,,,,,,,,,,,,,,,,,,,,,,,,,,,,,,,,,,,,,,,,,,,,,,,,,,,,,,,,,,,,,,
2026,2,sii,2026-08-20,4976,佳凌,1378876.0,974080.0,2352956.0,276553.0,52386,328939.0,1413510,,881312,,-18317,-29682,,0,,,2024017.0,,0,,14.43,,-222806,,1056000,,,,,,,,,,,,,,,,,,,,,,,,,,,,,,,,,,,,,,,,,,,,,,,,,,,,,,,,,,,,,,
2026,2,sii,2026-08-20,4989,榮科,1942228.0,592923.0,2535151.0,943688.0,95513,1039201.0,1377765,,445299,,81278,,,,,,1495950.0,,0,,10.86,,-408392,1495950,0,,,,,,,,,,,,,,,,,,,,,,,,,,,,,,,,,,,,,,,,,,,,,,,,,,,,,,,,,,,,,,
2026,2,sii,2026-08-20,4994,傳奇,1222796.0,249554.0,1472350.0,512190.0,91286,603476.0,663834,,34970,,176,,,,,,868874.0,0,0,,13.09,,169894,868874,0,,,,,,,,,,,,,,,,,,,,,,,,,,,,,,,,,,,,,,,,,,,,,,,,,,,,,,,,,,,,,,
2026,2,sii,2026-08-20,4999,鑫禾,2352424.0,1402665.0,3755089.0,505797.0,120690,626487.0,744172,,440035,,1583,-31100,,,,,3128602.0,0,0,,42.5,,1973912,3128602,800000,,,,,,,,,,,,,,,,,,,,,,,,,,,,,,,,,,,,,,,,,,,,,,,,,,,,,,,,,,,,,,
2026,2,sii,2026-08-20,5007,三星,5274402.0,3196919.0,8471321.0,937548.0,327041,1264589.0,2949401,,360718,,-13246,0,,,,353225,7206732.0,0,0,,23.24,,3556634,6853507,0,,,,,,,,,,,,,,,,,,,,,,,,,,,,,,,,,,,,,,,,,,,,,,,,,,,,,,,,,,,,,,
2026,2,sii,2026-08-20,5203,訊連,2653351.0,3432126.0,6085477.0,1329758.0,375481,1705239.0,793426,,2349284,,-136562,-135185,,,,,4380238.0,0,0,,56.63,,1509275,4380238,2000000,,,,,,,,,,,,,,,,,,,,,,,,,,,,,,,,,,,,,,,,,,,,,,,,,,,,,,,,,,,,,,
2026,2,sii,2026-08-20,5222,全訊,988248.0,2480360.0,3468608.0,402203.0,141813,544016.0,1003087,,758366,,654309,,,,,,2924592.0,0,24000,,32.1,,508830,,0,,,,,,,,,,,,,,,,,,,,,,,,,,,,,,,,,,,,,,,,,,,,,,,,,,,,,,,,,,,,,,
2026,2,sii,2026-08-20,5225,東科-KY,5119849.0,1396592.0,6516441.0,3155003.0,195481,3350484.0,791365,,1169472,,133130,-24019,,0,,0,3165957.0,,0,,40.24,,1096009,3165957,453000,,,,,,,,,,,,,,,,,,,,,,,,,,,,,,,,,,,,,,,,,,,,,,,,,,,,,,,,,,,,,,
2026,2,sii,2026-08-20,5234,達興材料,3051661.0,1789136.0,4840797.0,1295293.0,230227,1525520.0,1027159,,41838,,-433,,,,,,3315277.0,0,0,,32.28,,2246713,3315277,0,,,,,,,,,,,,,,,,,,,,,,,,,,,,,,,,,,,,,,,,,,,,,,,,,,,,,,,,,,,,,,
2026,2,sii,2026-08-20,5236,凌陽創新,3488356.0,68564.0,3556920.0,1057514.0,26923,1084437.0,600040,,1175471,,-61143,,,,,,2472483.0,,0,,41.21,,758115,,0,,,,,,,,,,,,,,,,,,,,,,,,,,,,,,,,,,,,,,,,,,,,,,,,,,,,,,,,,,,,,,
2026,2,sii,2026-08-20,5244,弘凱,1642893.0,1119358.0,2762251.0,375535.0,626173,1001708.0,682419,,450352,,14863,,,,,,1760543.0,0,0,,25.8,,612909,1760543,0,,,,,,,,,,,,,,,,,,,,,,,,,,,,,,,,,,,,,,,,,,,,,,,,,,,,,,,,,,,,,,
2026,2,sii,2026-08-20,5258,虹堡,7488499.0,1812004.0,9300503.0,4279257.0,390414,4669671.0,1103649,,806038,,38847,-49913,,,,158598,4630832.0,0,0,,40.81,,2573613,4472234,786000,,,,,,,,,,,,,,,,,,,,,,,,,,,,,,,,,,,,,,,,,,,,,,,,,,,,,,,,,,,,,,
2026,2,sii,2026-08-20,5269,祥碩,11825789.0,31470152.0,43295941.0,6610482.0,818391,7428873.0,741567,,19788559,,1733137,,,,,,35867068.0,0,0,,483.67,,13603805,35867068,0,,,,,,,,,,,,,,,,,,,,,,,,,,,,,,,,,,,,,,,,,,,,,,,,,,,,,,,,,,,,,,
2026,2,sii,2026-08-20,5283,禾聯碩,5114053.0,4327753.0,9441806.0,3774288.0,632436,4406724.0,1016166,,752306,,-7079,,,,,,5035082.0,,0,,57.48,,3273689,5035082,0,,,,,,,,,,,,,,,,,,,,,,,,,,,,,,,,,,,,,,,,,,,,,,,,,,,,,,,,,,,,,,
2026,2,sii,2026-08-20,5285,界霖,4105477.0,1575311.0,5680788.0,1231702.0,1366268,2597970.0,1020409,,342245,,-41581,,,,,,3082818.0,0,0,,30.21,,1761745,3082818,0,,,,,,,,,,,,,,,,,,,,,,,,,,,,,,,,,,,,,,,,,,,,,,,,,,,,,,,,,,,,,,
2026,2,sii,2026-08-20,5288,豐祥-KY,5145373.0,3480106.0,8625479.0,2230520.0,35201,2265721.0,696987,,1375024,,-389775,,,,,9603,6359758.0,,0,,91.11,,4667919,6350155,0,,,,,,,,,,,,,,,,,,,,,,,,,,,,,,,,,,,,,,,,,,,,,,,,,,,,,,,,,,,,,,
2026,2,sii,2026-08-20,5292,華懋,4124246.0,465816.0,4590062.0,2611526.0,66624,2678150.0,463188,,335473,,-11960,,,,,,1911912.0,,0,,45.4,,1125211,1911912,0,,,,,,,,,,,,,,,,,,,,,,,,,,,,,,,,,,,,,,,,,,,,,,,,,,,,,,,,,,,,,,
2026,2,sii,2026-08-20,5306,桂盟,6349508.0,8180100.0,14529608.0,4136770.0,892065,5028835.0,1260008,,1760303,,-26092,,,,,-61,9500773.0,,0,,75.4,,6506615,9500834,0,,,,,,,,,,,,,,,,,,,,,,,,,,,,,,,,,,,,,,,,,,,,,,,,,,,,,,,,,,,,,,
2026,2,sii,2026-08-20,5388,中磊,49219429.0,8992685.0,58212114.0,37793969.0,4220263,42014232.0,3043426,,6609498,,-330140,-421810,,,,-10631,16197882.0,,0,,54.08,,7307539,16208513,4623000,,,,,,,,,,,,,,,,,,,,,,,,,,,,,,,,,,,,,,,,,,,,,,,,,,,,,,,,,,,,,,
2026,2,sii,2026-08-20,5434,崇越,29436399.0,18767094.0,48203493.0,22013975.0,3950099,25964074.0,1940080,,3431429,,2672938,0,,,,264141,22239419.0,0,0,,113.27,,13930831,21975278,0,,,,,,,,,,,,,,,,,,,,,,,,,,,,,,,,,,,,,,,,,,,,,,,,,,,,,,,,,,,,,,
2026,2,sii,2026-08-20,5469,瀚宇博,63997497.0,88286450.0,152283947.0,48866961.0,17886470,66753431.0,4861660,,4556850,,30898684,-19588,,,,23612693,85530516.0,,0,,127.42,,21620217,61917823,227000,,,,,,,,,,,,,,,,,,,,,,,,,,,,,,,,,,,,,,,,,,,,,,,,,,,,,,,,,,,,,,
2026,2,sii,2026-08-20,5471,松翰,3125279.0,1319706.0,4444985.0,729314.0,104107,833421.0,1678770,,62661,,75720,,,,,,3611564.0,,0,,21.51,,1794413,3611564,0,,,,,,,,,,,,,,,,,,,,,,,,,,,,,,,,,,,,,,,,,,,,,,,,,,,,,,,,,,,,,,
2026,2,sii,2026-08-20,5484,慧友,537561.0,547329.0,1084890.0,525613.0,6570,532183.0,668010,,55312,,25969,,,,,,552707.0,0,0,,8.27,,-196584,552707,0,,,,,,,,,,,,,,,,,,,,,,,,,,,,,,,,,,,,,,,,,,,,,,,,,,,,,,,,,,,,,,
2026,2,sii,2026-08-20,5515,建國,10280565.0,2545285.0,12825850.0,6279507.0,700984,6980491.0,2016001,,187308,,149230,,,,,,5845359.0,,0,,28.99,,3492820,5845359,0,,,,,,,,,,,,,,,,,,,,,,,,,,,,,,,,,,,,,,,,,,,,,,,,,,,,,,,,,,,,,,
2026,2,sii,2026-08-20,5519,隆大,13109994.0,716488.0,13826482.0,4365341.0,3788548,8153889.0,2301570,,50614,,14587,,,,,,5672593.0,0,0,,25.88,,3305822,5672593,0,,,,,,,,,,,,,,,,,,,,,,,,,,,,,,,,,,,,,,,,,,,,,,,,,,,,,,,,,,,,,,
2026,2,sii,2026-08-20,5521,工信,12149808.0,1001447.0,13151255.0,7193092.0,115337,7308429.0,4922802,,519,,34157,,,,,,5842826.0,0,0,,11.87,,885348,5842826,0,,,,,,,,,,,,,,,,,,,,,,,,,,,,,,,,,,,,,,,,,,,,,,,,,,,,,,,,,,,,,,
2026,2,sii,2026-08-20,5522,遠雄,97024284.0,11974192.0,108998476.0,56347918.0,4980415,61328333.0,7815962,,8472825,,496325,,,,,,47670143.0,0,0,,60.99,,30885031,47670143,0,,,,,,,,,,,,,,,,,,,,,,,,,,,,,,,,,,,,,,,,,,,,,,,,,,,,,,,,,,,,,,
2026,2,sii,2026-08-20,5525,順天,16121332.0,3063572.0,19184904.0,12727204.0,520951,13248155.0,3181054,,353359,,0,-25346,,,,10554,5936749.0,,0,,19.29,,2417128,5926195,10818421,,,,,,,,,,,,,,,,,,,,,,,,,,,,,,,,,,,,,,,,,,,,,,,,,,,,,,,,,,,,,,
2026,2,sii,2026-08-20,5531,鄉林,22975348.0,23831663.0,46807011.0,23557244.0,13531847,37089091.0,9775892,,8591,,-269246,0,,0,,-120202,9717920.0,0,0,,10.06,,322885,9838122,0,,,,,,,,,,,,,,,,,,,,,,,,,,,,,,,,,,,,,,,,,,,,,,,,,,,,,,,,,,,,,,
2026,2,sii,2026-08-20,5533,皇鼎,8051538.0,3771084.0,11822622.0,1487640.0,819617,2307257.0,2852450,,21130,,,,,,,,9515365.0,,0,,33.36,,6641785,9515365,0,,,,,,,,,,,,,,,,,,,,,,,,,,,,,,,,,,,,,,,,,,,,,,,,,,,,,,,,,,,,,,
2026,2,sii,2026-08-20,5534,長虹,48248862.0,517030.0,48765892.0,26011188.0,1419390,27430578.0,3153260,,2857846,,-500,,,,,88127,21335314.0,0,0,,67.38,,15236581,21247187,0,,,,,,,,,,,,,,,,,,,,,,,,,,,,,,,,,,,,,,,,,,,,,,,,,,,,,,,,,,,,,,
2026,2,sii,2026-08-20,5607,遠雄港,1633672.0,25494154.0,27127826.0,3392266.0,12541539,15933805.0,3705529,,4354546,,,,,,,,11194021.0,0,0,,30.21,,3133946,11194021,0,,,,,,,,,,,,,,,,,,,,,,,,,,,,,,,,,,,,,,,,,,,,,,,,,,,,,,,,,,,,,,
2026,2,sii,2026-08-20,5608,四維航,1590929.0,15491060.0,17081989.0,3036574.0,4220142,7256716.0,3892761,,3305682,,395549,,,,,103531,9825273.0,0,0,,24.97,,2127750,9721742,0,,,,,,,,,,,,,,,,,,,,,,,,,,,,,,,,,,,,,,,,,,,,,,,,,,,,,,,,,,,,,,
2026,2,sii,2026-08-20,5706,鳳凰,2216496.0,1369532.0,3586028.0,1719899.0,104275,1824174.0,837679,,180298,,147998,0,,0,,50969,1761854.0,0,0,,20.42,0,544910,1710885,0,,,,,,,,,,,,,,,,,,,,,,,,,,,,,,,,,,,,,,,,,,,,,,,,,,,,,,,,,,,,,,
2026,2,sii,2026-08-20,5906,台南-KY,863792.0,923354.0,1787146.0,944738.0,248126,1192864.0,375285,,87,,-49829,,,,,72403,594282.0,,0,,14.6,,196336,521879,0,,,,,,,,,,,,,,,,,,,,,,,,,,,,,,,,,,,,,,,,,,,,,,,,,,,,,,,,,,,,,,
2026,2,sii,2026-08-20,6108,競國,5851429.0,1459291.0,7310720.0,3864254.0,203518,4067772.0,1544943,,404768,,26546,0,,,,,3242948.0,0,0,,20.99,,1266691,3242948,0,,,,,,,,,,,,,,,,,,,,,,,,,,,,,,,,,,,,,,,,,,,,,,,,,,,,,,,,,,,,,,
2026,2,sii,2026-08-20,6112,邁達特,12103329.0,3275180.0,15378509.0,9356607.0,623803,9980410.0,1883573,,1247069,,20181,,,,,1065890,5398099.0,,0,,23.0,,1181386,4332209,0,,,,,,,,,,,,,,,,,,,,,,,,,,,,,,,,,,,,,,,,,,,,,,,,,,,,,,,,,,,,,,
2026,2,sii,2026-08-20,6115,鎰勝,6461959.0,2170929.0,8632888.0,3009218.0,447386,3456604.0,1876622,,930981,,-12063,0,,,,53197,5176284.0,0,0,,27.3,,2327547,5123087,0,,,,,,,,,,,,,,,,,,,,,,,,,,,,,,,,,,,,,,,,,,,,,,,,,,,,,,,,,,,,,,
2026,2,sii,2026-08-20,6116,彩晶,12135509.0,34914668.0,47050177.0,6749430.0,3023383,9772813.0,28586549,,735202,,5599120,0,,,,,37277364.0,,0,,13.04,,2356493,37277364,0,,,,,,,,,,,,,,,,,,,,,,,,,,,,,,,,,,,,,,,,,,,,,,,,,,,,,,,,,,,,,,
2026,2,sii,2026-08-20,6117,迎廣,2212818.0,4379056.0,6591874.0,2384699.0,1985417,4370116.0,925867,,530578,,-29020,0,,,,4131,2221758.0,0,41341,,23.95,,790202,2217627,0,,,,,,,,,,,,,,,,,,,,,,,,,,,,,,,,,,,,,,,,,,,,,,,,,,,,,,,,,,,,,,
2026,2,sii,2026-08-20,6120,達運,11162723.0,6235842.0,17398565.0,5207014.0,2273875,7480889.0,5989996,,2627787,,-391459,,,,,,9917676.0,,0,,16.56,,1691352,9917676,0,,,,,,,,,,,,,,,,,,,,,,,,,,,,,,,,,,,,,,,,,,,,,,,,,,,,,,,,,,,,,,
2026,2,sii,2026-08-20,6128,上福,3468829.0,3072167.0,6540996.0,3233012.0,489270,3722282.0,1275887,,1150005,,192582,,,,,,2818714.0,0,0,,22.09,,200240,2818714,0,,,,,,,,,,,,,,,,,,,,,,,,,,,,,,,,,,,,,,,,,,,,,,,,,,,,,,,,,,,,,,
2026,2,sii,2026-08-20,6133,金橋,1217066.0,1258630.0,2475696.0,923447.0,26099,949546.0,1170064,,134050,,-80300,,,,,,1526150.0,0,0,,13.04,,302336,1526150,0,,,,,,,,,,,,,,,,,,,,,,,,,,,,,,,,,,,,,,,,,,,,,,,,,,,,,,,,,,,,,,
2026,2,sii,2026-08-20,6136,富爾特,857057.0,4139809.0,4996866.0,307398.0,100603,408001.0,1155364,,8470,,2930962,,,,,86183,4588865.0,,0,,38.97,,407886,4502682,0,,,,,,,,,,,,,,,,,,,,,,,,,,,,,,,,,,,,,,,,,,,,,,,,,,,,,,,,,,,,,,
2026,2,sii,2026-08-20,6139,亞翔,112727596.0,7793211.0,120520807.0,90095321.0,1443308,91538629.0,2355757,,4148555,,1158278,,,,,8284703,28982178.0,,0,,87.86,,13034885,20697475,0,,,,,,,,,,,,,,,,,,,,,,,,,,,,,,,,,,,,,,,,,,,,,,,,,,,,,,,,,,,,,,
2026,2,sii,2026-08-20,6141,柏承,1478598.0,3906498.0,5385096.0,3494073.0,1341526,4835599.0,1133540,,624527,,-201720,,,,,-50038,549497.0,0,0,,5.29,,-956812,599535,0,,,,,,,,,,,,,,,,,,,,,,,,,,,,,,,,,,,,,,,,,,,,,,,,,,,,,,,,,,,,,,
2026,2,sii,2026-08-20,6142,友勁,1951345.0,2029972.0,3981317.0,759538.0,402239,1161777.0,3307792,,0,,-128643,,,,,,2819540.0,,0,,8.52,,-359609,2819540,0,,,,,,,,,,,,,,,,,,,,,,,,,,,,,,,,,,,,,,,,,,,,,,,,,,,,,,,,,,,,,,
2026,2,sii,2026-08-20,6152,百一,3075245.0,514390.0,3589635.0,2173687.0,69395,2243082.0,1677385,,0,,11752,,,,,16154,1346553.0,,0,,7.93,,-358738,1330399,0,,,,,,,,,,,,,,,,,,,,,,,,,,,,,,,,,,,,,,,,,,,,,,,,,,,,,,,,,,,,,,
2026,2,sii,2026-08-20,6153,嘉聯益,5902347.0,10430551.0,16332898.0,3836983.0,3944058,7781041.0,6361777,,2067362,,664505,0,,,,,8551857.0,,0,,13.44,,-541787,8551857,0,,,,,,,,,,,,,,,,,,,,,,,,,,,,,,,,,,,,,,,,,,,,,,,,,,,,,,,,,,,,,,
2026,2,sii,2026-08-20,6155,鈞寶,1219121.0,1154644.0,2373765.0,728856.0,12441,741297.0,880239,,245005,,93867,0,,,,0,1632468.0,0,0,,18.55,,413357,1632468,0,,,,,,,,,,,,,,,,,,,,,,,,,,,,,,,,,,,,,,,,,,,,,,,,,,,,,,,,,,,,,,
2026,2,sii,2026-08-20,6164,華興,912018.0,625085.0,1537103.0,517172.0,58866,576038.0,800000,,5581,,-66603,,,,,9709,961065.0,,0,,11.89,,212378,951356,0,,,,,,,,,,,,,,,,,,,,,,,,,,,,,,,,,,,,,,,,,,,,,,,,,,,,,,,,,,,,,,
2026,2,sii,2026-08-20,6165,浪凡,1352306.0,1682191.0,3034497.0,1226114.0,504625,1730739.0,777526,,494414,,1862,-205095,,,,4614,1303758.0,0,0,,17.65,,230437,1299144,4167000,,,,,,,,,,,,,,,,,,,,,,,,,,,,,,,,,,,,,,,,,,,,,,,,,,,,,,,,,,,,,,
2026,2,sii,2026-08-20,6166,凌華,11437096.0,5154853.0,16591949.0,8328013.0,2090771,10418784.0,2177793,,1359081,,-31969,,,,,4667,6173165.0,,0,,28.32,,2663593,6168498,0,,,,,,,,,,,,,,,,,,,,,,,,,,,,,,,,,,,,,,,,,,,,,,,,,,,,,,,,,,,,,,
2026,2,sii,2026-08-20,6168,宏齊,2446891.0,2107810.0,4554701.0,684875.0,98203,783078.0,2057618,,478664,,765870,0,,,,187499,3771623.0,,0,,17.42,,281972,3584124,0,,,,,,,,,,,,,,,,,,,,,,,,,,,,,,,,,,,,,,,,,,,,,,,,,,,,,,,,,,,,,,
2026,2,sii,2026-08-20,6176,瑞儀,51191129.0,19042657.0,70233786.0,28686420.0,5247988,33934408.0,4650273,,4726289,,-1795849,-706401,,,,,36299378.0,0,0,,78.87,,29425066,36299378,4786000,,,,,,,,,,,,,,,,,,,,,,,,,,,,,,,,,,,,,,,,,,,,,,,,,,,,,,,,,,,,,,
2026,2,sii,2026-08-20,6177,達麗,42017373.0,4734573.0,46751946.0,31649343.0,2816637,34465980.0,4723707,,1514004,,85837,,,,,288471,12285966.0,,479302,,25.4,,5673947,11997495,0,,,,,,,,,,,,,,,,,,,,,,,,,,,,,,,,,,,,,,,,,,,,,,,,,,,,,,,,,,,,,,
2026,2,sii,2026-08-20,6183,關貿,3602662.0,1731247.0,5333909.0,2444888.0,202679,2647567.0,1500000,,11,,-33823,,,,,,2686342.0,,0,,17.91,,1220154,2686342,0,,,,,,,,,,,,,,,,,,,,,,,,,,,,,,,,,,,,,,,,,,,,,,,,,,,,,,,,,,,,,,
2026,2,sii,2026-08-20,6184,大豐電,3634823.0,5440968.0,9075791.0,3174080.0,103312,3277392.0,1621276,,2580504,,11237,-436270,,,,1069894,5798399.0,0,0,,31.07,,951758,4728505,9919214,,,,,,,,,,,,,,,,,,,,,,,,,,,,,,,,,,,,,,,,,,,,,,,,,,,,,,,,,,,,,,
2026,2,sii,2026-08-20,6189,豐藝,15965194.0,1294414.0,17259608.0,10365998.0,362148,10728146.0,2638260,,1540984,,-78929,,,,,483049,6531462.0,,0,,22.93,,1948098,6048413,0,,,,,,,,,,,,,,,,,,,,,,,,,,,,,,,,,,,,,,,,,,,,,,,,,,,,,,,,,,,,,,
2026,2,sii,2026-08-20,6191,精成科,33330249.0,40216873.0,73547122.0,26363246.0,10278434,36641680.0,4993030,,5632047,,12762362,0,,,,144215,36905442.0,,0,,73.63,,13373788,36761227,0,,,,,,,,,,,,,,,,,,,,,,,,,,,,,,,,,,,,,,,,,,,,,,,,,,,,,,,,,,,,,,
2026,2,sii,2026-08-20,6192,巨路,10714303.0,1838370.0,12552673.0,4698447.0,318186,5016633.0,961558,,111043,,-16418,,,,,491,7536040.0,,0,,78.37,,6479366,7535549,0,,,,,,,,,,,,,,,,,,,,,,,,,,,,,,,,,,,,,,,,,,,,,,,,,,,,,,,,,,,,,,
2026,2,sii,2026-08-20,6196,帆宣,54933579.0,11348679.0,66282258.0,44730779.0,3492382,48223161.0,2203295,,4772947,,-114316,,,,,194199,18059097.0,0,0,,81.08,,11002972,17864898,0,,,,,,,,,,,,,,,,,,,,,,,,,,,,,,,,,,,,,,,,,,,,,,,,,,,,,,,,,,,,,,
2026,2,sii,2026-08-20,6197,佳必琪,7503083.0,2927524.0,10430607.0,3565607.0,952455,4518062.0,1234391,,623364,,690296,,,,,233802,5912545.0,0,1353246,,46.0,,3130692,5678743,0,,,,,,,,,,,,,,,,,,,,,,,,,,,,,,,,,,,,,,,,,,,,,,,,,,,,,,,,,,,,,,
2026,2,sii,2026-08-20,6201,亞弘電,3121801.0,847483.0,3969284.0,1173394.0,104093,1277487.0,892000,,333273,,-57253,,,,,,2691797.0,0,0,,30.18,,1523777,2691797,0,,,,,,,,,,,,,,,,,,,,,,,,,,,,,,,,,,,,,,,,,,,,,,,,,,,,,,,,,,,,,,
2026,2,sii,2026-08-20,6202,盛群,4772862.0,1091251.0,5864113.0,1382877.0,357429,1740306.0,2303882,,250130,,13460,,,,,79075,4123807.0,0,0,,17.56,,1477260,4044732,0,,,,,,,,,,,,,,,,,,,,,,,,,,,,,,,,,,,,,,,,,,,,,,,,,,,,,,,,,,,,,,
2026,2,sii,2026-08-20,6205,詮欣,2274897.0,1673075.0,3947972.0,533064.0,781555,1314619.0,822359,,485474,,83879,-73220,,,,11213,2633353.0,0,0,,32.48,,1303648,2622140,1500000,,,,,,,,,,,,,,,,,,,,,,,,,,,,,,,,,,,,,,,,,,,,,,,,,,,,,,,,,,,,,,
2026,2,sii,2026-08-20,6206,飛捷,6096419.0,1440912.0,7537331.0,2209273.0,21911,2231184.0,1430623,,467407,,6968,,,,,56149,5306147.0,0,0,,36.7,,3345000,5249998,0,,,,,,,,,,,,,,,,,,,,,,,,,,,,,,,,,,,,,,,,,,,,,,,,,,,,,,,,,,,,,,
2026,2,sii,2026-08-20,6209,今國光,3003707.0,2464284.0,5467991.0,1374298.0,400925,1775223.0,1818875,,1099278,,-2092,,,,,,3692768.0,,0,,20.46,,776707,3692768,0,,,,,,,,,,,,,,,,,,,,,,,,,,,,,,,,,,,,,,,,,,,,,,,,,,,,,,,,,,,,,,
2026,2,sii,2026-08-20,6213,聯茂,30803537.0,12486389.0,43289926.0,17802003.0,2893912,20695915.0,3638576,,9278867,,883051,,,,,,22594011.0,0,35000,,62.14,,8793517,22594011,0,,,,,,,,,,,,,,,,,,,,,,,,,,,,,,,,,,,,,,,,,,,,,,,,,,,,,,,,,,,,,,
2026,2,sii,2026-08-20,6214,精誠,38231849.0,7175967.0,45407816.0,24825188.0,1176385,26001573.0,2722431,,8739466,,-361092,,,,,1012535,19406243.0,,0,,67.56,,7292903,18393708,0,,,,,,,,,,,,,,,,,,,,,,,,,,,,,,,,,,,,,,,,,,,,,,,,,,,,,,,,,,,,,,
2026,2,sii,2026-08-20,6215,和椿,2463486.0,717188.0,3180674.0,1369522.0,135857,1505379.0,827897,,107169,,11656,,,,,,1675295.0,0,0,,20.24,,728573,1675295,0,,,,,,,,,,,,,,,,,,,,,,,,,,,,,,,,,,,,,,,,,,,,,,,,,,,,,,,,,,,,,,
2026,2,sii,2026-08-20,6216,居易,1696714.0,213997.0,1910711.0,263150.0,1213,264363.0,972961,,269472,,,,,,,,1646348.0,0,0,,16.92,,403915,,0,,,,,,,,,,,,,,,,,,,,,,,,,,,,,,,,,,,,,,,,,,,,,,,,,,,,,,,,,,,,,,
2026,2,sii,2026-08-20,6224,聚鼎,2878878.0,1487553.0,4366431.0,1622803.0,487798,2110601.0,856453,,465240,,-159939,-48208,,,,5913,2255830.0,0,0,,26.58,,1136371,2249917,1000000,,,,,,,,,,,,,,,,,,,,,,,,,,,,,,,,,,,,,,,,,,,,,,,,,,,,,,,,,,,,,,
2026,2,sii,2026-08-20,6225,天瀚,109235.0,49114.0,158349.0,43657.0,29618,73275.0,278000,,0,,-4807,,,,,,85074.0,,0,,3.06,,-188119,85074,0,,,,,,,,,,,,,,,,,,,,,,,,,,,,,,,,,,,,,,,,,,,,,,,,,,,,,,,,,,,,,,
2026,2,sii,2026-08-20,6226,光鼎,697199.0,1345705.0,2042904.0,340105.0,450564,790669.0,1155348,,31753,,87507,0,,,,-1846,1252235.0,0,0,,10.85,,-20527,1254081,0,,,,,,,,,,,,,,,,,,,,,,,,,,,,,,,,,,,,,,,,,,,,,,,,,,,,,,,,,,,,,,
2026,2,sii,2026-08-20,6230,尼得科超眾,8258898.0,2207882.0,10466780.0,3848189.0,811875,4660064.0,863434,,532389,,203592,,,0,,0,5806716.0,,0,,67.25,,4207301,5806716,0,,,,,,,,,,,,,,,,,,,,,,,,,,,,,,,,,,,,,,,,,,,,,,,,,,,,,,,,,,,,,,
2026,2,sii,2026-08-20,6235,華孚,4537448.0,5988779.0,10526227.0,3504384.0,1994908,5499292.0,1999063,,639220,,218942,,,,,,5026935.0,,0,,25.15,,2169710,5026935,0,,,,,,,,,,,,,,,,,,,,,,,,,,,,,,,,,,,,,,,,,,,,,,,,,,,,,,,,,,,,,,
2026,2,sii,2026-08-20,6239,力成,50533641.0,80426393.0,130960034.0,29894538.0,28866164,58760702.0,7591466,,462376,,-610797,-922841,,,,15071186,72199332.0,,0,,77.33,,50607942,57128146,20350000,,,,,,,,,,,,,,,,,,,,,,,,,,,,,,,,,,,,,,,,,,,,,,,,,,,,,,,,,,,,,,
2026,2,sii,2026-08-20,6243,迅杰,870153.0,239671.0,1109824.0,370255.0,3123,373378.0,452688,,293885,,0,,,,,,736446.0,,0,,16.27,,-10127,,0,,,,,,,,,,,,,,,,,,,,,,,,,,,,,,,,,,,,,,,,,,,,,,,,,,,,,,,,,,,,,,
2026,2,sii,2026-08-20,6257,矽格,19841923.0,30442495.0,50284418.0,10867463.0,11148954,22016417.0,4839123,,220918,,5338711,-501602,,,,3027889,28268001.0,0,0,,52.78,,15342962,25240112,5658000,,,,,,,,,,,,,,,,,,,,,,,,,,,,,,,,,,,,,,,,,,,,,,,,,,,,,,,,,,,,,,
2026,2,sii,2026-08-20,6269,台郡,16492904.0,17687688.0,34180592.0,6737406.0,5299452,12036858.0,3238315,,1057741,,197188,-168973,,,,1610844,22143734.0,0,0,,64.06,,16208619,20532890,3300000,,,,,,,,,,,,,,,,,,,,,,,,,,,,,,,,,,,,,,,,,,,,,,,,,,,,,,,,,,,,,,
2026,2,sii,2026-08-20,6271,同欣電,12307463.0,23661768.0,35969231.0,4741953.0,3945258,8687211.0,2090581,,14499323,,242947,0,,0,,54600,27282020.0,0,0,,130.24,,10394569,27227420,0,,,,,,,,,,,,,,,,,,,,,,,,,,,,,,,,,,,,,,,,,,,,,,,,,,,,,,,,,,,,,,
2026,2,sii,2026-08-20,6272,驊陞,2185812.0,1978997.0,4164809.0,1343893.0,835424,2179317.0,817640,,456919,,53358,-28876,,,,152583,1985492.0,,0,,22.66,,533868,1832909,887000,,,,,,,,,,,,,,,,,,,,,,,,,,,,,,,,,,,,,,,,,,,,,,,,,,,,,,,,,,,,,,
2026,2,sii,2026-08-20,6277,宏正,3776696.0,3582228.0,7358924.0,1840812.0,644902,2485714.0,1194711,,316963,,-158312,,,,,64883,4873210.0,0,0,,40.25,,3454965,4808327,0,,,,,,,,,,,,,,,,,,,,,,,,,,,,,,,,,,,,,,,,,,,,,,,,,,,,,,,,,,,,,,
2026,2,sii,2026-08-20,6278,台表科,41434690.0,15576702.0,57011392.0,29828647.0,4012110,33840757.0,2923984,,2506016,,852057,-327929,,,,22681,23170635.0,0,0,,80.1,,17193826,23147954,3413000,,,,,,,,,,,,,,,,,,,,,,,,,,,,,,,,,,,,,,,,,,,,,,,,,,,,,,,,,,,,,,
2026,2,sii,2026-08-20,6281,全國電,5906056.0,4071535.0,9977591.0,4529028.0,2661321,7190349.0,991729,,437110,,,,,,,,2787242.0,,0,,28.1,,1358403,,0,,,,,,,,,,,,,,,,,,,,,,,,,,,,,,,,,,,,,,,,,,,,,,,,,,,,,,,,,,,,,,
2026,2,sii,2026-08-20,6282,康舒,29412950.0,24178120.0,53591070.0,18323693.0,12238792,30562485.0,8561007,,9368545,,725363,,,,,289899,23028585.0,,0,,26.56,,4083771,22738686,0,,,,,,,,,,,,,,,,,,,,,,,,,,,,,,,,,,,,,,,,,,,,,,,,,,,,,,,,,,,,,,
2026,2,sii,2026-08-20,6283,淳安,1926511.0,776474.0,2702985.0,736394.0,70838,807232.0,1475813,,511531,,-381,-16508,,,,250917,1895753.0,0,0,,11.2,,-325619,1644836,714000,,,,,,,,,,,,,,,,,,,,,,,,,,,,,,,,,,,,,,,,,,,,,,,,,,,,,,,,,,,,,,
2026,2,sii,2026-08-20,6285,啟碁,87403590.0,17834001.0,105237591.0,65623743.0,3813306,69437049.0,4834648,,11890753,,3943587,,,,,,35800542.0,198900,0,,74.05,,15131554,35800542,0,,,,,,,,,,,,,,,,,,,,,,,,,,,,,,,,,,,,,,,,,,,,,,,,,,,,,,,,,,,,,,
2026,2,sii,2026-08-20,6405,悅城,339728.0,2989130.0,3328858.0,15066.0,2304,17370.0,658000,,447269,,973582,,,,,,3311488.0,0,0,,50.33,,1232637,,0,,,,,,,,,,,,,,,,,,,,,,,,,,,,,,,,,,,,,,,,,,,,,,,,,,,,,,,,,,,,,,
2026,2,sii,2026-08-20,6409,旭隼,14312191.0,4978426.0,19290617.0,10615986.0,721362,11337348.0,882536,,1616586,,6819,0,,,,,7953269.0,,0,,90.12,,5447328,7953269,0,,,,,,,,,,,,,,,,,,,,,,,,,,,,,,,,,,,,,,,,,,,,,,,,,,,,,,,,,,,,,,
2026,2,sii,2026-08-20,6412,群電,27206234.0,7828530.0,35034764.0,19227668.0,359449,19587117.0,4007691,,3236424,,-108641,,,,,,15447647.0,0,0,,38.55,,8312173,15447647,0,,,,,,,,,,,,,,,,,,,,,,,,,,,,,,,,,,,,,,,,,,,,,,,,,,,,,,,,,,,,,,
2026,2,sii,2026-08-20,6414,樺漢,127723109.0,57336033.0,185059142.0,99553091.0,20100356,119653447.0,1513150,,18215856,,-48261,-249248,,,,36904554,65405695.0,,0,,189.41,,9069644,28501141,840000,,,,,,,,,,,,,,,,,,,,,,,,,,,,,,,,,,,,,,,,,,,,,,,,,,,,,,,,,,,,,,
2026,2,sii,2026-08-20,6416,瑞祺電通,4728210.0,2191584.0,6919794.0,2456840.0,724524,3181364.0,733485,,1445196,,-84070,,,,,136522,3738430.0,0,0,,49.11,,1507297,3601908,0,,,,,,,,,,,,,,,,,,,,,,,,,,,,,,,,,,,,,,,,,,,,,,,,,,,,,,,,,,,,,,
2026,2,sii,2026-08-20,6426,統新,906218.0,206225.0,1112443.0,111677.0,2074,113751.0,385090,,507301,,-33145,,,,,,998692.0,,0,,25.93,,139446,998692,0,,,,,,,,,,,,,,,,,,,,,,,,,,,,,,,,,,,,,,,,,,,,,,,,,,,,,,,,,,,,,,
2026,2,sii,2026-08-20,6438,迅得,6888185.0,4348917.0,11237102.0,3779399.0,980273,4759672.0,822063,,2825715,,752227,,,,,132999,6477430.0,,0,,77.18,,1944426,6344431,0,,,,,,,,,,,,,,,,,,,,,,,,,,,,,,,,,,,,,,,,,,,,,,,,,,,,,,,,,,,,,,
2026,2,sii,2026-08-20,6442,光聖,13190848.0,6793820.0,19984668.0,6056039.0,338031,6394070.0,818176,,10556829,,-1606733,-66481,,,,0,13590598.0,,1367397,,166.52,,3888807,13590598,200000,,,,,,,,,,,,,,,,,,,,,,,,,,,,,,,,,,,,,,,,,,,,,,,,,,,,,,,,,,,,,,
2026,2,sii,2026-08-20,6443,元晶,1426375.0,4904126.0,6330501.0,1342425.0,1650328,2992753.0,5127967,,327051,,238,,,,,2859,3337748.0,,0,,6.5,,-2120367,3334889,0,,,,,,,,,,,,,,,,,,,,,,,,,,,,,,,,,,,,,,,,,,,,,,,,,,,,,,,,,,,,,,
2026,2,sii,2026-08-20,6446,藥華藥,33588880.0,10522078.0,44110958.0,6363881.0,931000,7294881.0,4224333,,25409729,,-1059458,-2717606,,,,,36816077.0,,0,,98.54,,10959079,36816077,8001000,,,,,,,,,,,,,,,,,,,,,,,,,,,,,,,,,,,,,,,,,,,,,,,,,,,,,,,,,,,,,,
2026,2,sii,2026-08-20,6449,鈺邦,5124464.0,6487810.0,11612274.0,4471390.0,142502,4613892.0,918860,,1144254,,2821036,-40374,,,,73045,6998382.0,0,0,,76.2,,2081561,6925337,1000000,,,,,,,,,,,,,,,,,,,,,,,,,,,,,,,,,,,,,,,,,,,,,,,,,,,,,,,,,,,,,,
2026,2,sii,2026-08-20,6456,GIS-KY,39548385.0,16895438.0,56443823.0,17066921.0,9875652,26942573.0,3379398,,8197677,,-41289,-176665,,,,25824,29501250.0,0,0,,88.23,,18116305,29475426,3864000,,,,,,,,,,,,,,,,,,,,,,,,,,,,,,,,,,,,,,,,,,,,,,,,,,,,,,,,,,,,,,
2026,2,sii,2026-08-20,6464,台數科,1858946.0,16282222.0,18141168.0,3730975.0,5639358,9370333.0,1339328,,3431908,,-3174,0,,,,426571,8770835.0,0,0,,64.79,,3576202,8344264,0,,,,,,,,,,,,,,,,,,,,,,,,,,,,,,,,,,,,,,,,,,,,,,,,,,,,,,,,,,,,,,
2026,2,sii,2026-08-20,6472,保瑞,24395699.0,27681432.0,52077131.0,18817283.0,15724350,34541633.0,1280145,,6445451,,-86222,-166912,,,,2410644,17535498.0,2077,275200,,118.57,,7652392,15124854,454000,,,,,,,,,,,,,,,,,,,,,,,,,,,,,,,,,,,,,,,,,,,,,,,,,,,,,,,,,,,,,,
2026,2,sii,2026-08-20,6477,安集,1221776.0,6835526.0,8057302.0,931681.0,3766652,4698333.0,1237872,,1337322,,-42501,,,,,203459,3358969.0,,0,,25.49,,622817,3155510,0,,,,,,,,,,,,,,,,,,,,,,,,,,,,,,,,,,,,,,,,,,,,,,,,,,,,,,,,,,,,,,
2026,2,sii,2026-08-20,6491,晶碩,6950586.0,10011009.0,16961595.0,4705909.0,589017,5294926.0,780000,,4283882,,-106168,-340652,,,,106419,11666669.0,,0,,150.52,,6943188,11560250,1200000,,,,,,,,,,,,,,,,,,,,,,,,,,,,,,,,,,,,,,,,,,,,,,,,,,,,,,,,,,,,,,
2026,2,sii,2026-08-20,6504,南六,4940475.0,4707681.0,9648156.0,4153777.0,2022104,6175881.0,726000,,453467,,-217241,,,,,60,3472275.0,0,0,,47.83,,2509989,3472215,0,,,,,,,,,,,,,,,,,,,,,,,,,,,,,,,,,,,,,,,,,,,,,,,,,,,,,,,,,,,,,,
2026,2,sii,2026-08-20,6505,台塑化,420623421.0,169833784.0,590457205.0,80795079.0,17242257,98037336.0,95259597,,31424980,,149649806,,,,,5508662,492419869.0,,0,,51.11,,210576824,486911207,0,,,,,,,,,,,,,,,,,,,,,,,,,,,,,,,,,,,,,,,,,,,,,,,,,,,,,,,,,,,,,,
2026,2,sii,2026-08-20,6515,穎崴,12270743.0,3372472.0,15643215.0,5451927.0,1570970,7022897.0,364448,,4891746,,-48338,,,,,,8620318.0,,0,,236.53,,3412462,8620318,0,,,,,,,,,,,,,,,,,,,,,,,,,,,,,,,,,,,,,,,,,,,,,,,,,,,,,,,,,,,,,,
2026,2,sii,2026-08-20,6525,捷敏-KY,4427484.0,2801252.0,7228736.0,2102995.0,412474,2515469.0,1290474,,624536,,25007,,,,,,4713267.0,,0,,36.52,,2773250,4713267,0,,,,,,,,,,,,,,,,,,,,,,,,,,,,,,,,,,,,,,,,,,,,,,,,,,,,,,,,,,,,,,
2026,2,sii,2026-08-20,6526,達發,20539114.0,10177511.0,30716625.0,8581985.0,944799,9526784.0,1675056,,8882746,,436079,,,,,2335058,21189841.0,,0,,112.56,,7860902,18854783,0,,,,,,,,,,,,,,,,,,,,,,,,,,,,,,,,,,,,,,,,,,,,,,,,,,,,,,,,,,,,,,
2026,2,sii,2026-08-20,6531,愛普*,14887634.0,1995627.0,16883261.0,3984861.0,146510,4131371.0,815989,,6591570,,104305,,,,,182791,12751890.0,,687,,77.04,,5057235,12569099,0,,,,,,,,,,,,,,,,,,,,,,,,,,,,,,,,,,,,,,,,,,,,,,,,,,,,,,,,,,,,,,
2026,2,sii,2026-08-20,6533,晶心科,1615223.0,4443231.0,6058454.0,324834.0,1449282,1774116.0,506509,,3940569,,10291,,,,,,4284338.0,,0,,84.59,,-173031,4284338,0,,,,,,,,,,,,,,,,,,,,,,,,,,,,,,,,,,,,,,,,,,,,,,,,,,,,,,,,,,,,,,
2026,2,sii,2026-08-20,6534,正瀚-創,1091816.0,2713642.0,3805458.0,1002679.0,168193,1170872.0,1028000,,718853,,13556,-191728,,,,0,2634586.0,0,0,,26.14,,1065905,2634586,2000000,,,,,,,,,,,,,,,,,,,,,,,,,,,,,,,,,,,,,,,,,,,,,,,,,,,,,,,,,,,,,,
2026,2,sii,2026-08-20,6552,易華電,753104.0,3138053.0,3891157.0,1227241.0,4043,1231284.0,830000,,196777,,1669341,,,,,,2659873.0,,0,,32.05,,-36245,,0,,,,,,,,,,,,,,,,,,,,,,,,,,,,,,,,,,,,,,,,,,,,,,,,,,,,,,,,,,,,,,
2026,2,sii,2026-08-20,6558,興能高,1079924.0,803147.0,1883071.0,519882.0,33232,553114.0,937889,,319631,,-15450,,,,,,1329957.0,0,0,,14.18,,87887,1329957,0,,,,,,,,,,,,,,,,,,,,,,,,,,,,,,,,,,,,,,,,,,,,,,,,,,,,,,,,,,,,,,
2026,2,sii,2026-08-20,6579,研揚,8338932.0,8068664.0,16407596.0,3772766.0,508907,4281673.0,1694512,,6499538,,168913,,,,,1945843,12125923.0,0,0,,60.08,,1817117,10180080,0,,,,,,,,,,,,,,,,,,,,,,,,,,,,,,,,,,,,,,,,,,,,,,,,,,,,,,,,,,,,,,
2026,2,sii,2026-08-20,6581,鋼聯,758959.0,4617334.0,5376293.0,524816.0,468272,993088.0,1112709,,999216,,,,,,,,4383205.0,,0,,39.39,,2271280,4383205,0,,,,,,,,,,,,,,,,,,,,,,,,,,,,,,,,,,,,,,,,,,,,,,,,,,,,,,,,,,,,,,
2026,2,sii,2026-08-20,6582,申豐,383730.0,6810684.0,7194414.0,322078.0,7993,330071.0,1061741,,749234,,1380691,,,,,,6864343.0,,0,,64.65,,3672677,6864343,0,,,,,,,,,,,,,,,,,,,,,,,,,,,,,,,,,,,,,,,,,,,,,,,,,,,,,,,,,,,,,,
2026,2,sii,2026-08-20,6585,鼎基,2222579.0,3117061.0,5339640.0,1267064.0,149232,1416296.0,721336,,980472,,5775,,,,,,3923344.0,0,0,,54.39,,2215761,3923344,0,,,,,,,,,,,,,,,,,,,,,,,,,,,,,,,,,,,,,,,,,,,,,,,,,,,,,,,,,,,,,,
2026,2,sii,2026-08-20,6589,台康生技,3895198.0,6708475.0,10603673.0,1127470.0,1683877,2811347.0,3070762,,5579471,,-25898,-496251,,,,,7792326.0,0,205000,,26.07,,-335758,7792326,8219000,,,,,,,,,,,,,,,,,,,,,,,,,,,,,,,,,,,,,,,,,,,,,,,,,,,,,,,,,,,,,,
2026,2,sii,2026-08-20,6591,動力-KY,1594682.0,1795169.0,3389851.0,637856.0,590755,1228611.0,411225,,1067515,,52974,,,,,5069,2161240.0,,0,,52.43,,624457,2156171,0,,,,,,,,,,,,,,,,,,,,,,,,,,,,,,,,,,,,,,,,,,,,,,,,,,,,,,,,,,,,,,
2026,2,sii,2026-08-20,6592,和潤企業,300492501.0,31239834.0,331732335.0,285740182.0,3005669,288745851.0,7418450,,17139974,,-157054,,,,,5109162,42986484.0,0,0,,52.38,,13475952,37877322,0,,,,,,,,,,,,,,,,,,,,,,,,,,,,,,,,,,,,,,,,,,,,,,,,,,,,,,,,,,,,,,
2026,2,sii,2026-08-20,6605,帝寶,15838197.0,17983688.0,33821885.0,10387138.0,2821199,13208337.0,1658164,,2500187,,-158931,,,,,525029,20613548.0,,0,,121.15,,16089099,20088519,0,,,,,,,,,,,,,,,,,,,,,,,,,,,,,,,,,,,,,,,,,,,,,,,,,,,,,,,,,,,,,,
2026,2,sii,2026-08-20,6606,建德工業,1227300.0,1113587.0,2340887.0,512185.0,135680,647865.0,1103038,,145298,,-12440,,,,,44387,1693022.0,0,0,,14.95,,412739,1648635,0,,,,,,,,,,,,,,,,,,,,,,,,,,,,,,,,,,,,,,,,,,,,,,,,,,,,,,,,,,,,,,
2026,2,sii,2026-08-20,6614,資拓宏宇,3823489.0,532529.0,4356018.0,2766365.0,67719,2834084.0,806605,,324043,,,,,,,,1521934.0,,0,,18.87,,391286,1521934,0,,,,,,,,,,,,,,,,,,,,,,,,,,,,,,,,,,,,,,,,,,,,,,,,,,,,,,,,,,,,,,
2026,2,sii,2026-08-20,6625,必應,1960067.0,1777330.0,3737397.0,1396350.0,445422,1841772.0,579724,,671020,,21784,,,,,3155,1895625.0,,0,,32.64,,619942,1892470,0,,,,,,,,,,,,,,,,,,,,,,,,,,,,,,,,,,,,,,,,,,,,,,,,,,,,,,,,,,,,,,
2026,2,sii,2026-08-20,6641,基士德-KY,1293641.0,952752.0,2246393.0,705593.0,34023,739616.0,365000,,666877,,-20992,0,,,,-7458,1506777.0,,0,,41.49,,503350,1514235,0,,,,,,,,,,,,,,,,,,,,,,,,,,,,,,,,,,,,,,,,,,,,,,,,,,,,,,,,,,,,,,
2026,2,sii,2026-08-20,6645,金萬林-創,426544.0,616119.0,1042663.0,398872.0,205486,604358.0,608640,,19341,,309,-5144,,,,18949,438305.0,0,0,,6.92,,-203790,419356,240000,,,,,,,,,,,,,,,,,,,,,,,,,,,,,,,,,,,,,,,,,,,,,,,,,,,,,,,,,,,,,,
2026,2,sii,2026-08-20,6655,科定,1922513.0,8392457.0,10314970.0,1966364.0,5076738,7043102.0,805718,,22312,,1953590,-186211,,,,0,3271868.0,,0,,41.65,,676459,3271868,2014000,,,,,,,,,,,,,,,,,,,,,,,,,,,,,,,,,,,,,,,,,,,,,,,,,,,,,,,,,,,,,,
2026,2,sii,2026-08-20,6657,華安,703736.0,80327.0,784063.0,64286.0,6850,71136.0,888080,,58676,,-4,-39587,,,,,712927.0,,0,,8.11,,-194238,712927,900000,,,,,,,,,,,,,,,,,,,,,,,,,,,,,,,,,,,,,,,,,,,,,,,,,,,,,,,,,,,,,,
2026,2,sii,2026-08-20,6658,聯策,2077978.0,1451503.0,3529481.0,1277162.0,780272,2057434.0,363700,,541487,,95248,,,,,46576,1472047.0,,0,,39.19,,425036,1425471,0,,,,,,,,,,,,,,,,,,,,,,,,,,,,,,,,,,,,,,,,,,,,,,,,,,,,,,,,,,,,,,
2026,2,sii,2026-08-20,6668,中揚光,1296379.0,2458485.0,3754864.0,805406.0,696946,1502352.0,1071161,,1076449,,171471,,,,,22770,2252512.0,,0,,20.82,,-89339,2229742,0,,,,,,,,,,,,,,,,,,,,,,,,,,,,,,,,,,,,,,,,,,,,,,,,,,,,,,,,,,,,,,
2026,2,sii,2026-08-20,6669,緯穎,512713767.0,44211948.0,556925715.0,388076794.0,31586208,419663002.0,5585384,,45728657,,4438098,,,,,,137262713.0,0,0,,734.59,,81510574,137262713,0,,,,,,,,,,,,,,,,,,,,,,,,,,,,,,,,,,,,,,,,,,,,,,,,,,,,,,,,,,,,,,
2026,2,sii,2026-08-20,6670,復盛應用,20590521.0,10637742.0,31228263.0,10272079.0,2272356,12544435.0,1393870,,3866535,,-24256,,,,,3154924,18683828.0,,0,,111.41,,10292755,15528904,0,,,,,,,,,,,,,,,,,,,,,,,,,,,,,,,,,,,,,,,,,,,,,,,,,,,,,,,,,,,,,,
2026,2,sii,2026-08-20,6672,騰輝電子-KY,4787745.0,2019660.0,6807405.0,1539389.0,463520,2002909.0,816202,,1790667,,76048,,,,,4,4804496.0,,0,,58.86,,2121575,4804492,0,,,,,,,,,,,,,,,,,,,,,,,,,,,,,,,,,,,,,,,,,,,,,,,,,,,,,,,,,,,,,,
2026,2,sii,2026-08-20,6674,鋐寶科技,984044.0,121242.0,1105286.0,322489.0,2815,325304.0,685507,,241060,,-13616,,,,,,779982.0,0,0,,11.38,,-132969,779982,0,,,,,,,,,,,,,,,,,,,,,,,,,,,,,,,,,,,,,,,,,,,,,,,,,,,,,,,,,,,,,,
2026,2,sii,2026-08-20,6689,伊雲谷,5212868.0,1233411.0,6446279.0,3090220.0,238292,3328512.0,680000,,1867835,,83993,-9941,,,,224578,3117767.0,0,0,,42.67,,271302,2893189,200000,,,,,,,,,,,,,,,,,,,,,,,,,,,,,,,,,,,,,,,,,,,,,,,,,,,,,,,,,,,,,,
2026,2,sii,2026-08-20,6691,洋基工程,25437911.0,1078157.0,26516068.0,18810022.0,291266,19101288.0,1335469,,2006069,,61927,-169116,,,,,7414780.0,,0,,61.48,,4180431,7414780,890000,,,,,,,,,,,,,,,,,,,,,,,,,,,,,,,,,,,,,,,,,,,,,,,,,,,,,,,,,,,,,,
2026,2,sii,2026-08-20,6695,芯鼎,1694894.0,503171.0,2198065.0,262966.0,77771,340737.0,1070783,,1376547,,-4063,,,,,,1857328.0,,488,,17.37,,-585939,1857328,0,,,,,,,,,,,,,,,,,,,,,,,,,,,,,,,,,,,,,,,,,,,,,,,,,,,,,,,,,,,,,,
2026,2,sii,2026-08-20,6698,旭暉應材,1080836.0,1547262.0,2628098.0,904927.0,45845,950772.0,663898,,417115,,5277,-24187,,,,695567,1677326.0,0,0,,14.92,,-80344,981759,602000,,,,,,,,,,,,,,,,,,,,,,,,,,,,,,,,,,,,,,,,,,,,,,,,,,,,,,,,,,,,,,
2026,2,sii,2026-08-20,6706,惠特,3343935.0,4302284.0,7646219.0,1621917.0,2315150,3937067.0,785494,,1965226,,133764,,,,,,3709152.0,,568,,47.22,,824668,3709152,0,,,,,,,,,,,,,,,,,,,,,,,,,,,,,,,,,,,,,,,,,,,,,,,,,,,,,,,,,,,,,,
2026,2,sii,2026-08-20,6715,嘉基,2826489.0,1874492.0,4700981.0,883622.0,63440,947062.0,682740,,2072607,,30262,-35721,,,,71882,3753919.0,,0,,54.17,,932149,3682037,300000,,,,,,,,,,,,,,,,,,,,,,,,,,,,,,,,,,,,,,,,,,,,,,,,,,,,,,,,,,,,,,
2026,2,sii,2026-08-20,6719,力智,15188955.0,2135995.0,17324950.0,1537546.0,1679633,3217179.0,1055170,,10526056,,10951,,,,,,14107771.0,0,0,,133.7,,2515594,14107771,0,,,,,,,,,,,,,,,,,,,,,,,,,,,,,,,,,,,,,,,,,,,,,,,,,,,,,,,,,,,,,,
2026,2,sii,2026-08-20,6722,輝創,2820069.0,1984312.0,4804381.0,1841821.0,412714,2254535.0,884000,,1120619,,-26244,,,,,,2549846.0,0,0,,28.84,,571471,2549846,0,,,,,,,,,,,,,,,,,,,,,,,,,,,,,,,,,,,,,,,,,,,,,,,,,,,,,,,,,,,,,,
2026,2,sii,2026-08-20,6742,澤米,981631.0,682429.0,1664060.0,412716.0,51164,463880.0,712679,,577285,,12057,-40217,,,,,1200180.0,,0,,17.03,,-61624,1200180,773000,,,,,,,,,,,,,,,,,,,,,,,,,,,,,,,,,,,,,,,,,,,,,,,,,,,,,,,,,,,,,,
2026,2,sii,2026-08-20,6743,安普新,5306579.0,4053833.0,9360412.0,6297711.0,781966,7079677.0,1500000,,406631,,-254586,-185294,,,,0,2280735.0,,0,,15.46,,813984,2280735,2500000,,,,,,,,,,,,,,,,,,,,,,,,,,,,,,,,,,,,,,,,,,,,,,,,,,,,,,,,,,,,,,
2026,2,sii,2026-08-20,6753,龍德造船,5983183.0,4853243.0,10836426.0,3954061.0,1562995,5517056.0,1172541,,1408675,,8653,,,,,,5319370.0,,857,,45.37,,2729501,,0,,,,,,,,,,,,,,,,,,,,,,,,,,,,,,,,,,,,,,,,,,,,,,,,,,,,,,,,,,,,,,
2026,2,sii,2026-08-20,6754,匯僑設計,3417206.0,946197.0,4363403.0,1997513.0,190958,2188471.0,660000,,687087,,-51849,,,,,,2174932.0,,0,,32.95,,879694,2174932,0,,,,,,,,,,,,,,,,,,,,,,,,,,,,,,,,,,,,,,,,,,,,,,,,,,,,,,,,,,,,,,
2026,2,sii,2026-08-20,6756,威鋒電子,1746822.0,2467181.0,4214003.0,958022.0,187853,1145875.0,699900,,1613054,,117987,,,,,33481,3068128.0,,0,,43.36,,603706,3034647,0,,,,,,,,,,,,,,,,,,,,,,,,,,,,,,,,,,,,,,,,,,,,,,,,,,,,,,,,,,,,,,
2026,2,sii,2026-08-20,6757,台灣虎航,14141756.0,14553013.0,28694769.0,12461167.0,8348101,20809268.0,4595300,,1329,,1694,,,,,,7885501.0,0,0,,17.16,,3287178,,0,,,,,,,,,,,,,,,,,,,,,,,,,,,,,,,,,,,,,,,,,,,,,,,,,,,,,,,,,,,,,,
2026,2,sii,2026-08-20,6770,力積電,99256953.0,97802572.0,197059525.0,20013769.0,48168865,68182634.0,47126232,,52402123,,29771,,,,,,128876891.0,,321260,,27.35,,29318765,128876891,0,,,,,,,,,,,,,,,,,,,,,,,,,,,,,,,,,,,,,,,,,,,,,,,,,,,,,,,,,,,,,,
2026,2,sii,2026-08-20,6771,平和環保-創,524468.0,893681.0,1418149.0,558547.0,21459,580006.0,311795,,280156,,,,,,,9152,838143.0,,0,,26.59,,237040,828991,0,,,,,,,,,,,,,,,,,,,,,,,,,,,,,,,,,,,,,,,,,,,,,,,,,,,,,,,,,,,,,,
2026,2,sii,2026-08-20,6776,展碁國際,10866142.0,3103199.0,13969341.0,10085918.0,606126,10692044.0,915814,,1021239,,-8976,,,0,,508580,3277297.0,0,0,,30.23,,840640,2768717,0,,,,,,,,,,,,,,,,,,,,,,,,,,,,,,,,,,,,,,,,,,,,,,,,,,,,,,,,,,,,,,
2026,2,sii,2026-08-20,6782,視陽,2375076.0,4486549.0,6861625.0,2148001.0,254990,2402991.0,630000,,1431007,,186628,,,,,19824,4458634.0,0,0,,70.46,,2191175,4438810,0,,,,,,,,,,,,,,,,,,,,,,,,,,,,,,,,,,,,,,,,,,,,,,,,,,,,,,,,,,,,,,
2026,2,sii,2026-08-20,6789,采鈺,14071712.0,8582232.0,22653944.0,3834128.0,366375,4200503.0,3182991,,7459818,,-69625,,,,,,18453441.0,,0,,57.98,,7880257,,0,,,,,,,,,,,,,,,,,,,,,,,,,,,,,,,,,,,,,,,,,,,,,,,,,,,,,,,,,,,,,,
2026,2,sii,2026-08-20,6790,永豐實,5043498.0,5825940.0,10869438.0,3309395.0,1972000,5281395.0,2671290,,1190107,,66748,,,,,0,5588043.0,,0,,20.92,,1659898,5588043,0,,,,,,,,,,,,,,,,,,,,,,,,,,,,,,,,,,,,,,,,,,,,,,,,,,,,,,,,,,,,,,
2026,2,sii,2026-08-20,6792,詠業,1691954.0,424870.0,2116824.0,497885.0,32057,529942.0,478753,,612829,,33131,-85925,,,,,1586882.0,,0,,33.85,,548094,1586882,1000000,,,,,,,,,,,,,,,,,,,,,,,,,,,,,,,,,,,,,,,,,,,,,,,,,,,,,,,,,,,,,,
2026,2,sii,2026-08-20,6794,向榮生技,743975.0,151490.0,895465.0,20207.0,56626,76833.0,636370,,962328,,-11740,,,,,,818632.0,0,0,,12.86,,-768326,,0,,,,,,,,,,,,,,,,,,,,,,,,,,,,,,,,,,,,,,,,,,,,,,,,,,,,,,,,,,,,,,
2026,2,sii,2026-08-20,6796,晉弘,1116799.0,537452.0,1654251.0,439619.0,362366,801985.0,402340,,417427,,-5371,,,,,,852266.0,0,0,,21.18,,37870,852266,0,,,,,,,,,,,,,,,,,,,,,,,,,,,,,,,,,,,,,,,,,,,,,,,,,,,,,,,,,,,,,,
2026,2,sii,2026-08-20,6799,來頡,1748178.0,195619.0,1943797.0,293915.0,2386,296301.0,436522,,583757,,-1998,-28425,,,,,1647496.0,0,0,,37.98,,657640,1647496,269000,,,,,,,,,,,,,,,,,,,,,,,,,,,,,,,,,,,,,,,,,,,,,,,,,,,,,,,,,,,,,,
2026,2,sii,2026-08-20,6805,富世達,14617642.0,1366751.0,15984393.0,6940171.0,690479,7630650.0,685539,,2338887,,358255,,,,,,8353743.0,0,0,,121.86,,4971062,8353743,0,,,,,,,,,,,,,,,,,,,,,,,,,,,,,,,,,,,,,,,,,,,,,,,,,,,,,,,,,,,,,,
2026,2,sii,2026-08-20,6830,汎銓,1644405.0,4939018.0,6583423.0,1364114.0,1824096,3188210.0,544137,,2382812,,38901,,,,,,3395213.0,,0,,62.4,,429363,3395213,0,,,,,,,,,,,,,,,,,,,,,,,,,,,,,,,,,,,,,,,,,,,,,,,,,,,,,,,,,,,,,,
2026,2,sii,2026-08-20,6831,邁科,3773820.0,1670064.0,5443884.0,2461615.0,237339,2698954.0,675000,,1631724,,26832,,,,,,2744930.0,0,0,,40.67,,411374,2744930,0,,,,,,,,,,,,,,,,,,,,,,,,,,,,,,,,,,,,,,,,,,,,,,,,,,,,,,,,,,,,,,
2026,2,sii,2026-08-20,6834,天二科技,1588321.0,1015619.0,2603940.0,1036252.0,24748,1061000.0,884711,,437981,,-19066,,,,,,1542940.0,,0,,17.44,,239314,1542940,0,,,,,,,,,,,,,,,,,,,,,,,,,,,,,,,,,,,,,,,,,,,,,,,,,,,,,,,,,,,,,,
2026,2,sii,2026-08-20,6835,圓裕,3039994.0,1091879.0,4131873.0,1357954.0,1010881,2368835.0,661723,,487936,,22047,-18444,,,,3805,1763038.0,,0,,26.77,,605971,1759233,444000,,,,,,,,,,,,,,,,,,,,,,,,,,,,,,,,,,,,,,,,,,,,,,,,,,,,,,,,,,,,,,
2026,2,sii,2026-08-20,6838,台新藥,1388793.0,537111.0,1925904.0,94938.0,459156,554094.0,1509771,,2279168,,-98284,,,,,555,1371810.0,0,0,,9.08,,-2319400,1371255,0,,,,,,,,,,,,,,,,,,,,,,,,,,,,,,,,,,,,,,,,,,,,,,,,,,,,,,,,,,,,,,
2026,2,sii,2026-08-20,6854,錼創科技-KY創,4239570.0,1324299.0,5563869.0,1690595.0,463638,2154233.0,1176786,,8363633,,271349,-96178,,,,,3409636.0,0,0,,29.12,,-6305954,3409636,608000,,,,,,,,,,,,,,,,,,,,,,,,,,,,,,,,,,,,,,,,,,,,,,,,,,,,,,,,,,,,,,
2026,2,sii,2026-08-20,6861,睿生光電,2697287.0,280467.0,2977754.0,1285335.0,134520,1419855.0,415992,,455407,,-68009,,,,,,1557899.0,,0,,37.45,,754509,1557899,0,,,,,,,,,,,,,,,,,,,,,,,,,,,,,,,,,,,,,,,,,,,,,,,,,,,,,,,,,,,,,,
2026,2,sii,2026-08-20,6863,永道-KY,5704764.0,4712912.0,10417676.0,3096806.0,1090226,4187032.0,748880,,4284874,,123666,,,,,1103,6230644.0,,0,,83.18,,1072121,6229541,0,,,,,,,,,,,,,,,,,,,,,,,,,,,,,,,,,,,,,,,,,,,,,,,,,,,,,,,,,,,,,,
2026,2,sii,2026-08-20,6869,雲豹能源,6032800.0,10551122.0,16583922.0,6087682.0,5054419,11142101.0,1378300,,3447931,,-36233,-546273,,,,899751,5441821.0,0,0,,34.06,,298345,4542070,4480000,,,,,,,,,,,,,,,,,,,,,,,,,,,,,,,,,,,,,,,,,,,,,,,,,,,,,,,,,,,,,,
2026,2,sii,2026-08-20,6873,泓德能源,11397763.0,22095157.0,33492920.0,10948466.0,11129638,22078104.0,1426491,,7441685,,85468,-255036,,,,1576353,11414816.0,0,0,,70.39,,1139855,9838463,2886000,,,,,,,,,,,,,,,,,,,,,,,,,,,,,,,,,,,,,,,,,,,,,,,,,,,,,,,,,,,,,,
2026,2,sii,2026-08-20,6885,全福生技,1046811.0,616339.0,1663150.0,37441.0,5471,42912.0,1330610,,998160,,17902,,,,,77418,1620238.0,0,0,,11.59,,-803852,1542820,0,,,,,,,,,,,,,,,,,,,,,,,,,,,,,,,,,,,,,,,,,,,,,,,,,,,,,,,,,,,,,,
2026,2,sii,2026-08-20,6901,鑽石投資,7241544.0,5194681.0,12436225.0,69437.0,56558,125995.0,8533600,,1886867,,,,,,,,12310230.0,,0,,14.43,,1889763,,0,,,,,,,,,,,,,,,,,,,,,,,,,,,,,,,,,,,,,,,,,,,,,,,,,,,,,,,,,,,,,,
2026,2,sii,2026-08-20,6902,GOGOLOOK,1182332.0,247324.0,1429656.0,511689.0,103370,615059.0,355299,,434510,,-13310,,,,,,814597.0,0,0,,22.93,,38098,814597,0,,,,,,,,,,,,,,,,,,,,,,,,,,,,,,,,,,,,,,,,,,,,,,,,,,,,,,,,,,,,,,
2026,2,sii,2026-08-20,6906,現觀科,970910.0,18099.0,989009.0,285593.0,8618,294211.0,335374,,461225,,3550,-181485,,,,,694798.0,0,0,,21.55,,76134,694798,1300000,,,,,,,,,,,,,,,,,,,,,,,,,,,,,,,,,,,,,,,,,,,,,,,,,,,,,,,,,,,,,,
2026,2,sii,2026-08-20,6908,宏碁遊戲-創,2127569.0,1424056.0,3551625.0,1286153.0,215369,1501522.0,371800,,858028,,32089,,,0,,750214,2050103.0,0,0,,34.96,,37972,1299889,0,,,,,,,,,,,,,,,,,,,,,,,,,,,,,,,,,,,,,,,,,,,,,,,,,,,,,,,,,,,,,,
2026,2,sii,2026-08-20,6909,創控,1031315.0,130232.0,1161547.0,122384.0,16155,138539.0,675506,,233435,,-5703,,,,,,1023008.0,0,225300,,15.17,,119770,,0,,,,,,,,,,,,,,,,,,,,,,,,,,,,,,,,,,,,,,,,,,,,,,,,,,,,,,,,,,,,,,
2026,2,sii,2026-08-20,6914,阜爾運通,2442543.0,8801280.0,11243823.0,3100565.0,4536161,7636726.0,794712,,1640141,,2908,,,,,,3607097.0,,0,,54.47,,1169336,3607097,0,,,,,,,,,,,,,,,,,,,,,,,,,,,,,,,,,,,,,,,,,,,,,,,,,,,,,,,,,,,,,,
2026,2,sii,2026-08-20,6916,華凌,1419425.0,1209063.0,2628488.0,1299072.0,278470,1577542.0,675000,,186310,,42032,,,,,5598,1050946.0,,0,,15.49,,142006,1045348,0,,,,,,,,,,,,,,,,,,,,,,,,,,,,,,,,,,,,,,,,,,,,,,,,,,,,,,,,,,,,,,
2026,2,sii,2026-08-20,6918,愛派司,1067826.0,480578.0,1548404.0,183174.0,162403,345577.0,345710,,549430,,16920,-43937,,,,3050,1202827.0,0,0,,35.21,,331654,1199777,500000,,,,,,,,,,,,,,,,,,,,,,,,,,,,,,,,,,,,,,,,,,,,,,,,,,,,,,,,,,,,,,
2026,2,sii,2026-08-20,6919,康霈*,4198291.0,5232567.0,9430858.0,69932.0,153945,223877.0,778600,,9271863,,-462733,-130521,,,,,9206981.0,0,0,,5.92,,-250228,9206981,901000,,,,,,,,,,,,,,,,,,,,,,,,,,,,,,,,,,,,,,,,,,,,,,,,,,,,,,,,,,,,,,
2026,2,sii,2026-08-20,6921,嘉雨思-創,164781.0,136466.0,301247.0,33776.0,,33776.0,320619,,1872,,0,,,,,,267471.0,,0,,8.34,,-55020,,0,,,,,,,,,,,,,,,,,,,,,,,,,,,,,,,,,,,,,,,,,,,,,,,,,,,,,,,,,,,,,,
2026,2,sii,2026-08-20,6923,中台,532607.0,3688350.0,4220957.0,838431.0,881039,1719470.0,914880,,1249615,,-59386,-85702,,,,,2501487.0,,0,,27.66,,482080,2501487,1049000,,,,,,,,,,,,,,,,,,,,,,,,,,,,,,,,,,,,,,,,,,,,,,,,,,,,,,,,,,,,,,
2026,2,sii,2026-08-20,6924,榮惠-KY創,1146492.0,85271.0,1231763.0,638560.0,36092,674652.0,206240,,144602,,11140,0,,,,,557111.0,0,0,,27.01,,195129,557111,0,,,,,,,,,,,,,,,,,,,,,,,,,,,,,,,,,,,,,,,,,,,,,,,,,,,,,,,,,,,,,,
2026,2,sii,2026-08-20,6928,攸泰科技,2340391.0,370521.0,2710912.0,637374.0,61000,698374.0,860000,,1106618,,26337,,,,,,2012538.0,0,0,,23.4,,19583,2012538,0,,,,,,,,,,,,,,,,,,,,,,,,,,,,,,,,,,,,,,,,,,,,,,,,,,,,,,,,,,,,,,
2026,2,sii,2026-08-20,6931,青松健康,1053501.0,1741665.0,2795166.0,250903.0,1214152,1465055.0,661522,,392122,,141,,,,,33165,1330111.0,0,0,,19.61,,243161,1296946,0,,,,,,,,,,,,,,,,,,,,,,,,,,,,,,,,,,,,,,,,,,,,,,,,,,,,,,,,,,,,,,
2026,2,sii,2026-08-20,6934,心誠鎂,472160.0,195528.0,667688.0,51957.0,86160,138117.0,361303,,927651,,168,,,,,,529571.0,0,0,,14.66,,-759551,529571,0,,,,,,,,,,,,,,,,,,,,,,,,,,,,,,,,,,,,,,,,,,,,,,,,,,,,,,,,,,,,,,
2026,2,sii,2026-08-20,6936,永鴻生技,1133832.0,641285.0,1775117.0,433048.0,16622,449670.0,728040,,182894,,,,,,,,1325447.0,0,0,,18.21,,414513,,0,,,,,,,,,,,,,,,,,,,,,,,,,,,,,,,,,,,,,,,,,,,,,,,,,,,,,,,,,,,,,,
2026,2,sii,2026-08-20,6937,天虹,3680067.0,1531247.0,5211314.0,1390698.0,230635,1621333.0,676553,,1679533,,9581,-31962,,,,44177,3589981.0,0,0,,52.55,,1212099,3545804,180000,,,,,,,,,,,,,,,,,,,,,,,,,,,,,,,,,,,,,,,,,,,,,,,,,,,,,,,,,,,,,,
2026,2,sii,2026-08-20,6944,兆聯實業,15156066.0,3070280.0,18226346.0,9279652.0,482891,9762543.0,996943,,3207755,,50887,,,,,,8463803.0,0,0,,110.37,,4208218,8463803,0,,,,,,,,,,,,,,,,,,,,,,,,,,,,,,,,,,,,,,,,,,,,,,,,,,,,,,,,,,,,,,
2026,2,sii,2026-08-20,6947,台鎔科技,976574.0,7016332.0,7992906.0,1591194.0,4131164,5722358.0,943333,,776667,,,,,,,,2270548.0,,0,,24.07,,550548,2270548,0,,,,,,,,,,,,,,,,,,,,,,,,,,,,,,,,,,,,,,,,,,,,,,,,,,,,,,,,,,,,,,
2026,2,sii,2026-08-20,6949,沛爾生醫-創,2338714.0,816864.0,3155578.0,232187.0,101404,333591.0,655801,,3713203,,322,-600,,,,249944,2821987.0,0,0,,39.24,,-1796683,2572043,30000,,,,,,,,,,,,,,,,,,,,,,,,,,,,,,,,,,,,,,,,,,,,,,,,,,,,,,,,,,,,,,
2026,2,sii,2026-08-20,6951,青新-創,584325.0,1125542.0,1709867.0,572150.0,24696,596846.0,520000,,356695,,,,,,,,1113021.0,0,0,,24.2,,236326,1113021,0,,,,,,,,,,,,,,,,,,,,,,,,,,,,,,,,,,,,,,,,,,,,,,,,,,,,,,,,,,,,,,
2026,2,sii,2026-08-20,6952,大武山,687439.0,3155496.0,3842935.0,1166036.0,847046,2013082.0,683450,,467110,,,-49013,,0,,365815,1829853.0,0,0,,21.74,,362491,1464038,1000000,,,,,,,,,,,,,,,,,,,,,,,,,,,,,,,,,,,,,,,,,,,,,,,,,,,,,,,,,,,,,,
2026,2,sii,2026-08-20,6955,邦睿生技-創,639897.0,82992.0,722889.0,64110.0,2063,66173.0,303810,,251141,,-37,,,,,,656716.0,0,0,,26.48,,101802,656716,0,,,,,,,,,,,,,,,,,,,,,,,,,,,,,,,,,,,,,,,,,,,,,,,,,,,,,,,,,,,,,,
2026,2,sii,2026-08-20,6958,日盛台駿,48047723.0,25952863.0,74000586.0,52600042.0,10683755,63283797.0,4614539,,5499440,,246979,0,,,,170038,10716789.0,,0,,23.9,,185793,10546751,0,,,,,,,,,,,,,,,,,,,,,,,,,,,,,,,,,,,,,,,,,,,,,,,,,,,,,,,,,,,,,,
2026,2,sii,2026-08-20,6962,奕力-KY,12267795.0,13382694.0,25650489.0,5127815.0,620107,5747922.0,4923966,,5477777,,100933,,,,,,19902567.0,,0,,40.42,,9399891,19902567,0,,,,,,,,,,,,,,,,,,,,,,,,,,,,,,,,,,,,,,,,,,,,,,,,,,,,,,,,,,,,,,
2026,2,sii,2026-08-20,6969,成信實業*-創,358537.0,759611.0,1118148.0,183264.0,449724,632988.0,709197,,2734,,,,,,,,485160.0,0,0,,11.06,,-226771,485160,0,,,,,,,,,,,,,,,,,,,,,,,,,,,,,,,,,,,,,,,,,,,,,,,,,,,,,,,,,,,,,,
2026,2,sii,2026-08-20,6988,威力暘-創,702415.0,561044.0,1263459.0,237677.0,330821,568498.0,476000,,309850,,22004,-39835,,,,,694961.0,0,0,,15.31,,-73058,694961,2200000,,,,,,,,,,,,,,,,,,,,,,,,,,,,,,,,,,,,,,,,,,,,,,,,,,,,,,,,,,,,,,
2026,2,sii,2026-08-20,6994,富威電力,3166237.0,4017659.0,7183896.0,2660670.0,1848175,4508845.0,741621,,1387979,,548,-95624,,,,350744,2675051.0,0,0,,32.12,,289783,2324307,1802857,,,,,,,,,,,,,,,,,,,,,,,,,,,,,,,,,,,,,,,,,,,,,,,,,,,,,,,,,,,,,,
2026,2,sii,2026-08-20,7610,聯友金屬-創,4604989.0,1973676.0,6578665.0,1590657.0,1857178,3447835.0,583055,,916262,,-580,,,,,14629,3130830.0,0,0,,64.14,,1617464,3116201,0,,,,,,,,,,,,,,,,,,,,,,,,,,,,,,,,,,,,,,,,,,,,,,,,,,,,,,,,,,,,,,
2026,2,sii,2026-08-20,7631,聚賢研發-創,1620268.0,275992.0,1896260.0,750789.0,223219,974008.0,201420,,339461,,6404,,,,,,922252.0,0,0,,45.79,,374967,922252,0,,,,,,,,,,,,,,,,,,,,,,,,,,,,,,,,,,,,,,,,,,,,,,,,,,,,,,,,,,,,,,
2026,2,sii,2026-08-20,7689,大鵬科CLMX,3719825.0,2328914.0,6048739.0,2253618.0,2108603,4362221.0,531643,,354870,,-340,,,,,,1686518.0,,0,,31.72,,800345,1686518,0,,,,,,,,,,,,,,,,,,,,,,,,,,,,,,,,,,,,,,,,,,,,,,,,,,,,,,,,,,,,,,
2026,2,sii,2026-08-20,7705,三商餐飲,1036383.0,2909553.0,3945936.0,1713634.0,732362,2445996.0,660673,,540668,,-6944,,,,,0,1499940.0,0,0,,22.7,,305543,1499940,0,,,,,,,,,,,,,,,,,,,,,,,,,,,,,,,,,,,,,,,,,,,,,,,,,,,,,,,,,,,,,,
2026,2,sii,2026-08-20,7711,永擎,15409622.0,570541.0,15980163.0,10547352.0,7205,10554557.0,717004,,3050674,,-8022,-12682,,,,,5425606.0,,0,,75.72,,1678632,5425606,48000,,,,,,,,,,,,,,,,,,,,,,,,,,,,,,,,,,,,,,,,,,,,,,,,,,,,,,,,,,,,,,
2026,2,sii,2026-08-20,7721,微程式,845615.0,859491.0,1705106.0,226131.0,189877,416008.0,553700,,623709,,14493,,,,,,1289098.0,0,0,,23.28,,97196,1289098,0,,,,,,,,,,,,,,,,,,,,,,,,,,,,,,,,,,,,,,,,,,,,,,,,,,,,,,,,,,,,,,
2026,2,sii,2026-08-20,7722,LINEPAY,23915135.0,1427855.0,25342990.0,13167865.0,1169531,14337396.0,714000,,8545560,,-14855,,,,,,11005594.0,,0,,161.85,,1760889,11005594,0,,,,,,,,,,,,,,,,,,,,,,,,,,,,,,,,,,,,,,,,,,,,,,,,,,,,,,,,,,,,,,
2026,2,sii,2026-08-20,7730,暉盛-創,999698.0,285688.0,1285386.0,213688.0,95921,309609.0,386366,,248516,,-158,0,,,,0,975777.0,,0,,26.52,,341053,975777,0,,,,,,,,,,,,,,,,,,,,,,,,,,,,,,,,,,,,,,,,,,,,,,,,,,,,,,,,,,,,,,
2026,2,sii,2026-08-20,7732,金興精密,1060218.0,1100083.0,2160301.0,351811.0,38140,389951.0,646800,,716722,,-9130,-40306,,,,,1770350.0,0,0,,27.8,,456264,1770350,1000000,,,,,,,,,,,,,,,,,,,,,,,,,,,,,,,,,,,,,,,,,,,,,,,,,,,,,,,,,,,,,,
2026,2,sii,2026-08-20,7736,虎山,2604367.0,1901731.0,4506098.0,686177.0,314988,1001165.0,760000,,761854,,-23687,-45388,,,,,3504933.0,,0,,46.38,,2052154,3504933,425000,,,,,,,,,,,,,,,,,,,,,,,,,,,,,,,,,,,,,,,,,,,,,,,,,,,,,,,,,,,,,,
2026,2,sii,2026-08-20,7740,熙特爾-創,5522819.0,1370170.0,6892989.0,4515379.0,579482,5094861.0,600000,,522429,,-34125,,,,,306544,1798128.0,,0,,28.04,,403280,1491584,0,,,,,,,,,,,,,,,,,,,,,,,,,,,,,,,,,,,,,,,,,,,,,,,,,,,,,,,,,,,,,,
2026,2,sii,2026-08-20,7750,新代,21622624.0,2948656.0,24571280.0,9455103.0,1670845,11125948.0,718430,,5699414,,251656,-9900,,,,,13445332.0,,0,,187.49,,6785732,13445332,132000,,,,,,,,,,,,,,,,,,,,,,,,,,,,,,,,,,,,,,,,,,,,,,,,,,,,,,,,,,,,,,
2026,2,sii,2026-08-20,7760,享溫馨,356352.0,4216622.0,4572974.0,461860.0,2025062,2486922.0,660480,,831659,,,-15102,,,,,2086052.0,,0,,31.81,,609015,,463000,,,,,,,,,,,,,,,,,,,,,,,,,,,,,,,,,,,,,,,,,,,,,,,,,,,,,,,,,,,,,,
2026,2,sii,2026-08-20,7765,中華資安,2705219.0,396732.0,3101951.0,1135605.0,51784,1187389.0,406810,,1082562,,6580,,,,,,1914562.0,,0,,47.06,,418610,,0,,,,,,,,,,,,,,,,,,,,,,,,,,,,,,,,,,,,,,,,,,,,,,,,,,,,,,,,,,,,,,
2026,2,sii,2026-08-20,7768,頌勝科技,4140807.0,2754824.0,6895631.0,1256381.0,1117381,2373762.0,700650,,3475961,,11465,,,,,37792,4521869.0,0,0,,64.0,,296001,4484077,0,,,,,,,,,,,,,,,,,,,,,,,,,,,,,,,,,,,,,,,,,,,,,,,,,,,,,,,,,,,,,,
2026,2,sii,2026-08-20,7769,鴻勁,81039630.0,4319089.0,85358719.0,28200340.0,277787,28478127.0,1799300,,34547147,,340636,0,,,,80007,56880592.0,,0,,315.68,,20113502,56800585,0,,,,,,,,,,,,,,,,,,,,,,,,,,,,,,,,,,,,,,,,,,,,,,,,,,,,,,,,,,,,,,
2026,2,sii,2026-08-20,7780,大研生醫*,5988173.0,189205.0,6177378.0,1260872.0,44696,1305568.0,810024,,3814952,,124585,-82409,,,,,4871810.0,0,0,,6.05,,204658,4871810,4460000,,,,,,,,,,,,,,,,,,,,,,,,,,,,,,,,,,,,,,,,,,,,,,,,,,,,,,,,,,,,,,
2026,2,sii,2026-08-20,7786,東方風能,4473436.0,14703463.0,19176899.0,5251902.0,4193326,9445228.0,1759539,,4152024,,-143,,,,,,9731671.0,0,0,,55.31,,3820251,9731671,0,,,,,,,,,,,,,,,,,,,,,,,,,,,,,,,,,,,,,,,,,,,,,,,,,,,,,,,,,,,,,,
2026,2,sii,2026-08-20,7788,松川精密,8079918.0,5281716.0,13361634.0,4313210.0,2250843,6564053.0,797460,,3593144,,61198,,,,,548147,6797581.0,,0,,78.37,,1797632,6249434,0,,,,,,,,,,,,,,,,,,,,,,,,,,,,,,,,,,,,,,,,,,,,,,,,,,,,,,,,,,,,,,
2026,2,sii,2026-08-20,7791,皇家可口,1206019.0,2603415.0,3809434.0,485216.0,131157,616373.0,800000,,699871,,920186,,,,,,3193061.0,,0,,39.91,,773004,,0,,,,,,,,,,,,,,,,,,,,,,,,,,,,,,,,,,,,,,,,,,,,,,,,,,,,,,,,,,,,,,
2026,2,sii,2026-08-20,7795,長廣,3666762.0,350054.0,4016816.0,847383.0,327302,1174685.0,788285,,1898390,,-418059,,,,,,2842131.0,,0,,36.05,,573515,2842131,0,,,,,,,,,,,,,,,,,,,,,,,,,,,,,,,,,,,,,,,,,,,,,,,,,,,,,,,,,,,,,,
2026,2,sii,2026-08-20,7799,禾榮科,10038031.0,1455887.0,11493918.0,73941.0,255128,329069.0,1582450,,10456372,,-708976,,,,,,11164849.0,0,249500,,70.55,,-164997,11164849,0,,,,,,,,,,,,,,,,,,,,,,,,,,,,,,,,,,,,,,,,,,,,,,,,,,,,,,,,,,,,,,
2026,2,sii,2026-08-20,7803,雲象科技-創,558352.0,104656.0,663008.0,50979.0,30982,81961.0,944129,,120545,,-4188,,,,,,581047.0,0,0,,6.15,,-479439,581047,0,,,,,,,,,,,,,,,,,,,,,,,,,,,,,,,,,,,,,,,,,,,,,,,,,,,,,,,,,,,,,,
2026,2,sii,2026-08-20,7818,溢泰實業,8521248.0,6378261.0,14899509.0,4039976.0,1422292,5462268.0,1679460,,2143154,,505534,-37365,,,,0,9437241.0,,0,,56.39,,5146458,9437241,592000,,,,,,,,,,,,,,,,,,,,,,,,,,,,,,,,,,,,,,,,,,,,,,,,,,,,,,,,,,,,,,
2026,2,sii,2026-08-20,7821,神數,6998118.0,570452.0,7568570.0,4557878.0,325097,4882975.0,1219133,,1045553,,51238,,,0,,0,2685595.0,0,0,,22.03,,369671,2685595,0,,,,,,,,,,,,,,,,,,,,,,,,,,,,,,,,,,,,,,,,,,,,,,,,,,,,,,,,,,,,,,
2026,2,sii,2026-08-20,7822,倍利科,7952341.0,305512.0,8257853.0,2179452.0,42072,2221524.0,455608,,4836297,,0,,,,,11151,6036329.0,,0,,132.24,,733273,6025178,0,,,,,,,,,,,,,,,,,,,,,,,,,,,,,,,,,,,,,,,,,,,,,,,,,,,,,,,,,,,,,,
2026,2,sii,2026-08-20,7835,永悅健康-創,451820.0,266293.0,718113.0,500081.0,38917,538998.0,439444,,161500,,-30570,,,,,3122,179115.0,0,0,,4.0,,-394381,175993,0,,,,,,,,,,,,,,,,,,,,,,,,,,,,,,,,,,,,,,,,,,,,,,,,,,,,,,,,,,,,,,
2026,2,sii,2026-08-20,7855,和運租車,5295885.0,55885441.0,61181326.0,40467865.0,14137650,54605515.0,1925279,,50808,,101791,,,,,246937,6575811.0,0,0,,32.87,,4250996,6328874,0,,,,,,,,,,,,,,,,,,,,,,,,,,,,,,,,,,,,,,,,,,,,,,,,,,,,,,,,,,,,,,
2026,2,sii,2026-08-20,8011,台通,1575473.0,5552435.0,7127908.0,883336.0,2383952,3267288.0,1659219,,1216219,,11309,,,,,685725,3860620.0,,0,,19.13,,288148,3174895,0,,,,,,,,,,,,,,,,,,,,,,,,,,,,,,,,,,,,,,,,,,,,,,,,,,,,,,,,,,,,,,
2026,2,sii,2026-08-20,8016,矽創,17333133.0,7998525.0,25331658.0,7492162.0,488329,7980491.0,1201369,,2081083,,1261318,-221105,,,,4137857,17351167.0,,0,,112.35,,8890645,13213310,2527000,,,,,,,,,,,,,,,,,,,,,,,,,,,,,,,,,,,,,,,,,,,,,,,,,,,,,,,,,,,,,,
2026,2,sii,2026-08-20,8021,尖點,6803281.0,4203879.0,11007160.0,2843177.0,1268445,4111622.0,1470881,,2241705,,56216,0,,,,589301,6895538.0,,0,,42.87,,2537435,6306237,0,,,,,,,,,,,,,,,,,,,,,,,,,,,,,,,,,,,,,,,,,,,,,,,,,,,,,,,,,,,,,,
2026,2,sii,2026-08-20,8028,昇陽半導體,3318717.0,10639410.0,13958127.0,2441684.0,5404998,7846682.0,1835503,,2927446,,,-141412,,,,,6111445.0,0,0,,33.39,,1489908,,500000,,,,,,,,,,,,,,,,,,,,,,,,,,,,,,,,,,,,,,,,,,,,,,,,,,,,,,,,,,,,,,
2026,2,sii,2026-08-20,8033,雷虎,2429000.0,2058767.0,4487767.0,719362.0,330502,1049864.0,1646298,,1953665,,9459,,,,,182786,3437903.0,,0,,19.77,,-354305,3255117,0,,,,,,,,,,,,,,,,,,,,,,,,,,,,,,,,,,,,,,,,,,,,,,,,,,,,,,,,,,,,,,
2026,2,sii,2026-08-20,8039,台虹,10471770.0,6128411.0,16600181.0,4408299.0,967283,5375582.0,2638040,,2555274,,486966,,,,,28361,11224599.0,,135000,,42.44,,5515958,11196238,0,,,,,,,,,,,,,,,,,,,,,,,,,,,,,,,,,,,,,,,,,,,,,,,,,,,,,,,,,,,,,,
2026,2,sii,2026-08-20,8045,達運光電,2027305.0,1076389.0,3103694.0,768431.0,391237,1159668.0,950418,,809818,,-8998,,,,,188,1944026.0,0,0,,20.45,,192600,1943838,0,,,,,,,,,,,,,,,,,,,,,,,,,,,,,,,,,,,,,,,,,,,,,,,,,,,,,,,,,,,,,,
2026,2,sii,2026-08-20,8046,南電,29602706.0,35240781.0,64843487.0,8739401.0,6843192,15582593.0,6461655,,18125648,,84119,,,,,,49260894.0,0,0,,76.24,,24589472,49260894,0,,,,,,,,,,,,,,,,,,,,,,,,,,,,,,,,,,,,,,,,,,,,,,,,,,,,,,,,,,,,,,
2026,2,sii,2026-08-20,8070,長華*,34300119.0,17905696.0,52205815.0,14583579.0,5781678,20365257.0,725648,,5286393,,15538173,-876070,,,,5296360,31840558.0,,0,,37.85,,5870054,26544198,24288786,,,,,,,,,,,,,,,,,,,,,,,,,,,,,,,,,,,,,,,,,,,,,,,,,,,,,,,,,,,,,,
2026,2,sii,2026-08-20,8072,陞泰,1722622.0,1020663.0,2743285.0,331795.0,32311,364106.0,800000,,17561,,10794,,,,,97997,2379179.0,,0,,28.51,,1452827,2281182,0,,,,,,,,,,,,,,,,,,,,,,,,,,,,,,,,,,,,,,,,,,,,,,,,,,,,,,,,,,,,,,
2026,2,sii,2026-08-20,8081,致新,9321170.0,4467408.0,13788578.0,3608452.0,432403,4040855.0,861721,,1430805,,1077487,-50882,,,,1629345,9747723.0,0,0,,94.74,,4799247,8118378,485433,,,,,,,,,,,,,,,,,,,,,,,,,,,,,,,,,,,,,,,,,,,,,,,,,,,,,,,,,,,,,,
2026,2,sii,2026-08-20,8101,華冠,147507.0,443522.0,591029.0,273834.0,70840,344674.0,521662,,136964,,-12658,,,,,25710,246355.0,,0,,4.23,,-425323,220645,0,,,,,,,,,,,,,,,,,,,,,,,,,,,,,,,,,,,,,,,,,,,,,,,,,,,,,,,,,,,,,,
2026,2,sii,2026-08-20,8103,瀚荃,5015060.0,1893153.0,6908213.0,2356932.0,499380,2856312.0,784367,,1081900,,80845,-19764,,,,2391,4051901.0,,0,,51.91,,2122162,4049510,425000,,,,,,,,,,,,,,,,,,,,,,,,,,,,,,,,,,,,,,,,,,,,,,,,,,,,,,,,,,,,,,
2026,2,sii,2026-08-20,8104,錸寶,2518067.0,6072805.0,8590872.0,2514886.0,2751675,5266561.0,1040582,,1593471,,-61099,0,,,,311861,3324311.0,,0,,28.95,,439496,3012450,0,,,,,,,,,,,,,,,,,,,,,,,,,,,,,,,,,,,,,,,,,,,,,,,,,,,,,,,,,,,,,,
2026,2,sii,2026-08-20,8110,華東,8860298.0,14671778.0,23532076.0,3240310.0,1029649,4269959.0,5177399,,764681,,7496414,-54659,,,,-2155,19262117.0,,0,,37.43,,5880437,19264272,3000000,,,,,,,,,,,,,,,,,,,,,,,,,,,,,,,,,,,,,,,,,,,,,,,,,,,,,,,,,,,,,,
2026,2,sii,2026-08-20,8112,至上,167086541.0,2190847.0,169277388.0,130586686.0,14917903,145504589.0,5552931,,7544279,,109337,-112193,,,,1319065,23772799.0,,0,,40.66,,9359380,22453734,3000000,,,,,,,,,,,,,,,,,,,,,,,,,,,,,,,,,,,,,,,,,,,,,,,,,,,,,,,,,,,,,,
2026,2,sii,2026-08-20,8114,振樺電,12993951.0,9539925.0,22533876.0,7852550.0,718673,8571223.0,1076409,,5167771,,-75346,,,,,4051534,13962653.0,0,0,,92.08,,3742285,9911119,0,,,,,,,,,,,,,,,,,,,,,,,,,,,,,,,,,,,,,,,,,,,,,,,,,,,,,,,,,,,,,,
2026,2,sii,2026-08-20,8131,福懋科,10177429.0,9355048.0,19532477.0,3665989.0,468231,4134220.0,4422222,,2411686,,2168588,,,,,,15398257.0,0,0,,34.82,,6395761,,0,,,,,,,,,,,,,,,,,,,,,,,,,,,,,,,,,,,,,,,,,,,,,,,,,,,,,,,,,,,,,,
2026,2,sii,2026-08-20,8150,南茂,25573013.0,21391147.0,46964160.0,10716453.0,11397613,22114066.0,7045231,,5018340,,453024,-128115,,,,,24850094.0,0,0,,35.5,,12461614,24850094,4540000,,,,,,,,,,,,,,,,,,,,,,,,,,,,,,,,,,,,,,,,,,,,,,,,,,,,,,,,,,,,,,
2026,2,sii,2026-08-20,8162,微矽電子-創,745915.0,1834023.0,2579938.0,486873.0,653748,1140621.0,687020,,262422,,12539,,,,,,1439317.0,0,0,,20.95,,477336,,0,,,,,,,,,,,,,,,,,,,,,,,,,,,,,,,,,,,,,,,,,,,,,,,,,,,,,,,,,,,,,,
2026,2,sii,2026-08-20,8163,達方,21716281.0,13277840.0,34994121.0,15657822.0,6021606,21679428.0,2800000,,4072009,,360608,-89024,,,,2551704,13314693.0,0,0,,39.0,,3619396,10762989,4000000,,,,,,,,,,,,,,,,,,,,,,,,,,,,,,,,,,,,,,,,,,,,,,,,,,,,,,,,,,,,,,
2026,2,sii,2026-08-20,8201,無敵,479581.0,175244.0,654825.0,172615.0,35948,208563.0,623663,,,,44748,,,,,,446262.0,,0,,7.16,,-222149,446262,0,,,,,,,,,,,,,,,,,,,,,,,,,,,,,,,,,,,,,,,,,,,,,,,,,,,,,,,,,,,,,,
2026,2,sii,2026-08-20,8210,勤誠,20927888.0,8503798.0,29431686.0,14005305.0,2713779,16719084.0,1253192,,1788530,,120701,,,,,242046,12712602.0,0,0,,99.51,,9308133,12470556,0,,,,,,,,,,,,,,,,,,,,,,,,,,,,,,,,,,,,,,,,,,,,,,,,,,,,,,,,,,,,,,
2026,2,sii,2026-08-20,8213,志超,24338684.0,9503743.0,33842427.0,13728734.0,2454494,16183228.0,2712425,,2875694,,561048,,,,,662573,17659199.0,0,0,,62.66,,10847459,16996626,0,,,,,,,,,,,,,,,,,,,,,,,,,,,,,,,,,,,,,,,,,,,,,,,,,,,,,,,,,,,,,,
2026,2,sii,2026-08-20,8215,明基材,9525082.0,14202395.0,23727477.0,8997845.0,7492531,16490376.0,3206745,,193709,,62491,,,,,2436466,7237101.0,0,0,,14.97,,1337690,4800635,0,,,,,,,,,,,,,,,,,,,,,,,,,,,,,,,,,,,,,,,,,,,,,,,,,,,,,,,,,,,,,,
2026,2,sii,2026-08-20,8222,寶一,1178186.0,1041319.0,2219505.0,605596.0,680814,1286410.0,685735,,53264,,0,,,,,,933095.0,,0,,13.61,,194096,,0,,,,,,,,,,,,,,,,,,,,,,,,,,,,,,,,,,,,,,,,,,,,,,,,,,,,,,,,,,,,,,
2026,2,sii,2026-08-20,8249,菱光,4369547.0,5550384.0,9919931.0,2773631.0,145483,2919114.0,1378245,,1136820,,2388733,-53829,,,,1435,7000817.0,0,0,,51.33,,2149413,6999382,1459800,,,,,,,,,,,,,,,,,,,,,,,,,,,,,,,,,,,,,,,,,,,,,,,,,,,,,,,,,,,,,,
2026,2,sii,2026-08-20,8261,富鼎,5809620.0,1277352.0,7086972.0,1377245.0,2677,1379922.0,1188784,,3015419,,-67991,,,,,564,5707050.0,,0,,48.0,,1570274,5706486,0,,,,,,,,,,,,,,,,,,,,,,,,,,,,,,,,,,,,,,,,,,,,,,,,,,,,,,,,,,,,,,
2026,2,sii,2026-08-20,8271,宇瞻,20175047.0,1769314.0,21944361.0,10921100.0,1333638,12254738.0,1296142,,1733637,,-228725,0,,,,177488,9689623.0,0,0,,73.39,,6711081,9512135,0,,,,,,,,,,,,,,,,,,,,,,,,,,,,,,,,,,,,,,,,,,,,,,,,,,,,,,,,,,,,,,
2026,2,sii,2026-08-20,8341,日友,1999266.0,8219592.0,10218858.0,1778754.0,2625796,4404550.0,1300000,,2588984,,114527,,,,,473940,5814308.0,0,0,,41.08,,1336857,5340368,0,,,,,,,,,,,,,,,,,,,,,,,,,,,,,,,,,,,,,,,,,,,,,,,,,,,,,,,,,,,,,,
2026,2,sii,2026-08-20,8367,建新國際,2053927.0,15991311.0,18045238.0,2717714.0,10701470,13419184.0,921720,,802484,,-22799,,,,,1363980,4626054.0,,0,,35.39,,1560669,3262074,0,,,,,,,,,,,,,,,,,,,,,,,,,,,,,,,,,,,,,,,,,,,,,,,,,,,,,,,,,,,,,,
2026,2,sii,2026-08-20,8374,羅昇,3662748.0,2091558.0,5754306.0,2127212.0,699406,2826618.0,1122505,,379423,,1979,,,,,852670,2927688.0,0,0,,18.49,,571111,2075018,0,,,,,,,,,,,,,,,,,,,,,,,,,,,,,,,,,,,,,,,,,,,,,,,,,,,,,,,,,,,,,,
2026,2,sii,2026-08-20,8422,可寧衛*,7725094.0,18774223.0,26499317.0,7368306.0,7393638,14761944.0,1358763,,4767872,,-16135,,,,,1463669,11737373.0,,0,,7.57,,4163204,10273704,0,,,,,,,,,,,,,,,,,,,,,,,,,,,,,,,,,,,,,,,,,,,,,,,,,,,,,,,,,,,,,,
2026,2,sii,2026-08-20,8438,昶昕,1558752.0,1768286.0,3327038.0,1130559.0,197106,1327665.0,699430,,620816,,-5276,,,,,,1999373.0,,0,,28.59,,684403,1999373,0,,,,,,,,,,,,,,,,,,,,,,,,,,,,,,,,,,,,,,,,,,,,,,,,,,,,,,,,,,,,,,
2026,2,sii,2026-08-20,8443,阿瘦,745046.0,772455.0,1517501.0,591877.0,299256,891133.0,668000,,96222,,,,,,,0,626368.0,0,0,,9.38,,-137854,626368,0,,,,,,,,,,,,,,,,,,,,,,,,,,,,,,,,,,,,,,,,,,,,,,,,,,,,,,,,,,,,,,
2026,2,sii,2026-08-20,8454,富邦媒,12678504.0,16048997.0,28727501.0,18463668.0,1877066,20340734.0,2649753,,1723579,,-190941,,,,,81848,8386767.0,,0,,31.34,,4122528,8304919,0,,,,,,,,,,,,,,,,,,,,,,,,,,,,,,,,,,,,,,,,,,,,,,,,,,,,,,,,,,,,,,
2026,2,sii,2026-08-20,8462,柏文,2847329.0,10038877.0,12886206.0,3639389.0,6828995,10468384.0,803801,,942351,,-28735,0,,,,11407,2417822.0,6500,0,,29.94,,688998,2406415,0,,,,,,,,,,,,,,,,,,,,,,,,,,,,,,,,,,,,,,,,,,,,,,,,,,,,,,,,,,,,,,
2026,2,sii,2026-08-20,8463,潤泰材,3915323.0,6534654.0,10449977.0,4120597.0,3322267,7442864.0,1500000,,746018,,-219539,,,,,525326,3007113.0,0,0,,16.55,,455308,2481787,0,,,,,,,,,,,,,,,,,,,,,,,,,,,,,,,,,,,,,,,,,,,,,,,,,,,,,,,,,,,,,,
2026,2,sii,2026-08-20,8464,億豐,23828081.0,15598315.0,39426396.0,6194762.0,3855266,10050028.0,2930202,,4572007,,849177,,,,,561565,29376368.0,0,0,,98.34,,20463417,28814803,0,,,,,,,,,,,,,,,,,,,,,,,,,,,,,,,,,,,,,,,,,,,,,,,,,,,,,,,,,,,,,,
2026,2,sii,2026-08-20,8467,波力-KY,2961790.0,1911058.0,4872848.0,2173018.0,110068,2283086.0,483736,,894335,,-40986,0,,,,490,2589762.0,,0,,53.53,,1252187,2589272,0,,,,,,,,,,,,,,,,,,,,,,,,,,,,,,,,,,,,,,,,,,,,,,,,,,,,,,,,,,,,,,
2026,2,sii,2026-08-20,8473,山林水,7737608.0,8984355.0,16721963.0,5097885.0,4143591,9241476.0,2019289,,4572062,,-118572,,,,,518653,7480487.0,0,0,,38.19,,489055,6961834,0,,,,,,,,,,,,,,,,,,,,,,,,,,,,,,,,,,,,,,,,,,,,,,,,,,,,,,,,,,,,,,
2026,2,sii,2026-08-20,8476,台境*,3470811.0,831335.0,4302146.0,1914933.0,542921,2457854.0,831132,,468414,,-9373,-108372,,,,36532,1844292.0,0,0,,11.56,,625959,1807760,4952000,,,,,,,,,,,,,,,,,,,,,,,,,,,,,,,,,,,,,,,,,,,,,,,,,,,,,,,,,,,,,,
2026,2,sii,2026-08-20,8478,東哥遊艇,11697424.0,3948222.0,15645646.0,3383325.0,3108599,6491924.0,939723,,3307151,,337164,0,,,,,9153722.0,,0,,97.41,,4569684,9153722,0,,,,,,,,,,,,,,,,,,,,,,,,,,,,,,,,,,,,,,,,,,,,,,,,,,,,,,,,,,,,,,
2026,2,sii,2026-08-20,8481,政伸,1507535.0,560589.0,2068124.0,365960.0,5870,371830.0,666019,,146895,,17618,,,,,,1696294.0,,0,,25.47,,865762,1696294,0,,,,,,,,,,,,,,,,,,,,,,,,,,,,,,,,,,,,,,,,,,,,,,,,,,,,,,,,,,,,,,
2026,2,sii,2026-08-20,8487,愛爾達-創,1100230.0,169490.0,1269720.0,566311.0,73225,639536.0,265350,,215676,,,,,,,,630184.0,,0,,23.75,,149158,,0,,,,,,,,,,,,,,,,,,,,,,,,,,,,,,,,,,,,,,,,,,,,,,,,,,,,,,,,,,,,,,
2026,2,sii,2026-08-20,8488,吉源-KY,2938311.0,2617524.0,5555835.0,3076961.0,23423,3100384.0,735000,,1543584,,-271266,,,,,,2455451.0,0,0,,33.41,,448133,2455451,0,,,,,,,,,,,,,,,,,,,,,,,,,,,,,,,,,,,,,,,,,,,,,,,,,,,,,,,,,,,,,,
2026,2,sii,2026-08-20,8926,台汽電,29175704.0,51932249.0,81107953.0,20070745.0,30400556,50471301.0,8302820,,5175883,,-39739,,,,,10761090,30636652.0,,0,,23.94,,6436598,19875562,0,,,,,,,,,,,,,,,,,,,,,,,,,,,,,,,,,,,,,,,,,,,,,,,,,,,,,,,,,,,,,,
2026,2,sii,2026-08-20,8940,新天地,443205.0,1663792.0,2106997.0,398710.0,785424,1184134.0,674910,,127463,,,,,,,96495,922863.0,,0,,12.24,,23995,826368,0,,,,,,,,,,,,,,,,,,,,,,,,,,,,,,,,,,,,,,,,,,,,,,,,,,,,,,,,,,,,,,
2026,2,sii,2026-08-20,8996,高力,6388238.0,3874246.0,10262484.0,3975732.0,1156228,5131960.0,935015,,1669825,,462322,-118088,,,,9290,5130524.0,,0,,55.07,,2172160,5121234,500000,,,,,,,,,,,,,,,,,,,,,,,,,,,,,,,,,,,,,,,,,,,,,,,,,,,,,,,,,,,,,,
2026,2,sii,2026-08-20,9802,鈺齊-KY,9446663.0,13090118.0,22536781.0,7492072.0,1416598,8908670.0,2009917,,6605628,,-862726,0,,,,16950,13628111.0,,0,,67.72,,5858342,13611161,0,,,,,,,,,,,,,,,,,,,,,,,,,,,,,,,,,,,,,,,,,,,,,,,,,,,,,,,,,,,,,,
2026,2,sii,2026-08-20,9902,台火,698671.0,687334.0,1386005.0,49934.0,33446,83380.0,980496,,49549,,0,,,,,2856,1302625.0,,0,,13.26,,269724,1299769,0,,,,,,,,,,,,,,,,,,,,,,,,,,,,,,,,,,,,,,,,,,,,,,,,,,,,,,,,,,,,,,
2026,2,sii,2026-08-20,9904,寶成,159464861.0,251569212.0,411034073.0,97893453.0,42395408,140288861.0,29467872,,4548991,,16203140,,,,,83728913,270745212.0,,0,,63.46,,136796296,187016299,0,,,,,,,,,,,,,,,,,,,,,,,,,,,,,,,,,,,,,,,,,,,,,,,,,,,,,,,,,,,,,,
2026,2,sii,2026-08-20,9905,大華,11041387.0,2088603.0,13129990.0,3779224.0,506893,4286117.0,3050000,,24431,,1130313,0,,,,276326,8843873.0,0,0,,28.09,,4362803,8567547,0,,,,,,,,,,,,,,,,,,,,,,,,,,,,,,,,,,,,,,,,,,,,,,,,,,,,,,,,,,,,,,
2026,2,sii,2026-08-20,9906,欣巴巴,8783846.0,51230.0,8835076.0,6321112.0,996100,7317212.0,911432,,215153,,0,,,,,,1517864.0,,0,,16.79,,391279,1517864,0,,,,,,,,,,,,,,,,,,,,,,,,,,,,,,,,,,,,,,,,,,,,,,,,,,,,,,,,,,,,,,
2026,2,sii,2026-08-20,9907,統一實,16183001.0,19340465.0,35523466.0,9322280.0,4433674,13755954.0,15791453,,233034,,-428875,,,,,885647,21767512.0,0,0,,13.22,,5286253,20881865,0,,,,,,,,,,,,,,,,,,,,,,,,,,,,,,,,,,,,,,,,,,,,,,,,,,,,,,,,,,,,,,
2026,2,sii,2026-08-20,9908,大台北,9335014.0,13794648.0,23129662.0,3215478.0,3452389,6667867.0,5163580,,136773,,3611128,-17944,,,,1587920,16461795.0,,0,,29.7,,5980338,14873875,15493101,,,,,,,,,,,,,,,,,,,,,,,,,,,,,,,,,,,,,,,,,,,,,,,,,,,,,,,,,,,,,,
2026,2,sii,2026-08-20,9910,豐泰,24004162.0,27840708.0,51844870.0,17496767.0,8986715,26483482.0,9874828,,47171,,-686080,,,,,1708824,25361388.0,,0,,23.95,,14416645,23652564,0,,,,,,,,,,,,,,,,,,,,,,,,,,,,,,,,,,,,,,,,,,,,,,,,,,,,,,,,,,,,,,
2026,2,sii,2026-08-20,9911,櫻花,5342820.0,5215616.0,10558436.0,3201248.0,720751,3921999.0,2223323,,251458,,47370,-21248,,,,99881,6636437.0,57300,0,,29.71,,4035653,6536556,2312932,,,,,,,,,,,,,,,,,,,,,,,,,,,,,,,,,,,,,,,,,,,,,,,,,,,,,,,,,,,,,,
2026,2,sii,2026-08-20,9912,偉聯,390853.0,418007.0,808860.0,420827.0,24641,445468.0,537926,,33756,,-90758,,,,,10694,363392.0,,0,,6.56,,-128226,352698,0,,,,,,,,,,,,,,,,,,,,,,,,,,,,,,,,,,,,,,,,,,,,,,,,,,,,,,,,,,,,,,
2026,2,sii,2026-08-20,9914,美利達,16561756.0,19209110.0,35770866.0,11588708.0,4218240,15806948.0,2989838,,1323153,,293145,,,,,457432,19963918.0,,0,,65.24,,14900350,19506486,0,,,,,,,,,,,,,,,,,,,,,,,,,,,,,,,,,,,,,,,,,,,,,,,,,,,,,,,,,,,,,,
2026,2,sii,2026-08-20,9917,中保科,11533471.0,20038407.0,31571878.0,11680122.0,6745798,18425920.0,4737570,,1239439,,-231260,-215966,,,,582278,13145958.0,0,0,,28.29,,7033897,12563680,7145805,,,,,,,,,,,,,,,,,,,,,,,,,,,,,,,,,,,,,,,,,,,,,,,,,,,,,,,,,,,,,,
2026,2,sii,2026-08-20,9918,欣天然,2472322.0,3625085.0,6097407.0,1181461.0,1538668,2720129.0,1805375,,87426,,0,-46828,,,,0,3377278.0,0,0,,18.97,,1531305,3377278,2527863,,,,,,,,,,,,,,,,,,,,,,,,,,,,,,,,,,,,,,,,,,,,,,,,,,,,,,,,,,,,,,
2026,2,sii,2026-08-20,9919,康那香,2453807.0,3223907.0,5677714.0,1324692.0,2491819,3816511.0,1953628,,26989,,91652,,,,,,1861203.0,0,0,,9.53,,-211066,1861203,0,,,,,,,,,,,,,,,,,,,,,,,,,,,,,,,,,,,,,,,,,,,,,,,,,,,,,,,,,,,,,,
2026,2,sii,2026-08-20,9921,巨大,53223018.0,19760922.0,72983940.0,28891354.0,6832839,35724193.0,3920654,,4806157,,-357866,-282415,,,,3203226,37259747.0,,0,,87.75,,25969991,34056521,3940000,,,,,,,,,,,,,,,,,,,,,,,,,,,,,,,,,,,,,,,,,,,,,,,,,,,,,,,,,,,,,,
2026,2,sii,2026-08-20,9924,福興,4379441.0,4657812.0,9037253.0,1811037.0,306569,2117606.0,1507617,,567114,,-19571,,,,,49806,6919647.0,0,0,,45.57,,4814681,6869841,0,,,,,,,,,,,,,,,,,,,,,,,,,,,,,,,,,,,,,,,,,,,,,,,,,,,,,,,,,,,,,,
2026,2,sii,2026-08-20,9925,新保,12293160.0,9943856.0,22237016.0,5900781.0,546680,6447461.0,3874896,,152592,,4474328,-39521,,,,1290164,15789555.0,,0,,37.74,,6037096,14499391,3283811,,,,,,,,,,,,,,,,,,,,,,,,,,,,,,,,,,,,,,,,,,,,,,,,,,,,,,,,,,,,,,
2026,2,sii,2026-08-20,9926,新海,4426013.0,5303310.0,9729323.0,2926817.0,2369107,5295924.0,1795041,,,,988474,,,,,,4433399.0,,0,,24.7,,1649884,4433399,0,,,,,,,,,,,,,,,,,,,,,,,,,,,,,,,,,,,,,,,,,,,,,,,,,,,,,,,,,,,,,,
2026,2,sii,2026-08-20,9927,泰銘,5742376.0,1003224.0,6745600.0,1144965.0,272835,1417800.0,1200000,,975330,,-453982,,,,,26174,5327800.0,,0,,44.18,,3580278,5301626,0,,,,,,,,,,,,,,,,,,,,,,,,,,,,,,,,,,,,,,,,,,,,,,,,,,,,,,,,,,,,,,
2026,2,sii,2026-08-20,9928,中視,298131.0,4971799.0,5269930.0,2497252.0,688312,3185564.0,707246,,67856,,322275,,,,,28,2084366.0,,0,,29.47,,986961,2084338,0,,,,,,,,,,,,,,,,,,,,,,,,,,,,,,,,,,,,,,,,,,,,,,,,,,,,,,,,,,,,,,
2026,2,sii,2026-08-20,9929,秋雨,589880.0,1185839.0,1775719.0,310260.0,581344,891604.0,1012800,,4345,,-138007,,,,,30249,884115.0,,0,,8.43,,-25272,853866,0,,,,,,,,,,,,,,,,,,,,,,,,,,,,,,,,,,,,,,,,,,,,,,,,,,,,,,,,,,,,,,
2026,2,sii,2026-08-20,9930,中聯資源,2896828.0,8388696.0,11285524.0,3213072.0,1663437,4876509.0,2485404,,162398,,-117599,,,,,223955,6409015.0,,0,,24.89,,3654857,6185060,0,,,,,,,,,,,,,,,,,,,,,,,,,,,,,,,,,,,,,,,,,,,,,,,,,,,,,,,,,,,,,,
2026,2,sii,2026-08-20,9931,欣高,3093608.0,4546794.0,7640402.0,2545402.0,1098930,3644332.0,1203693,,30113,,1303554,,,,,112522,3996070.0,0,0,,32.26,,1346188,3883548,0,,,,,,,,,,,,,,,,,,,,,,,,,,,,,,,,,,,,,,,,,,,,,,,,,,,,,,,,,,,,,,
2026,2,sii,2026-08-20,9933,中鼎,88324407.0,55192664.0,143517071.0,80798666.0,33306470,114105136.0,9620117,,7976994,,-2266015,-11835,,,,5474943,29411935.0,433513,0,,25.39,,8617731,23936992,1383632,,,,,,,,,,,,,,,,,,,,,,,,,,,,,,,,,,,,,,,,,,,,,,,,,,,,,,,,,,,,,,
2026,2,sii,2026-08-20,9934,成霖,10356918.0,6301955.0,16658873.0,5785573.0,4392547,10178120.0,4110170,,996792,,-46367,,,,,,6480753.0,,0,,15.77,,1420158,6480753,0,,,,,,,,,,,,,,,,,,,,,,,,,,,,,,,,,,,,,,,,,,,,,,,,,,,,,,,,,,,,,,
2026,2,sii,2026-08-20,9935,慶豐富,4674678.0,4419995.0,9094673.0,3725992.0,2684001,6409993.0,1778389,,111098,,-53189,-41186,,,,,2684680.0,,,,15.27,,889568,2684680,1998000,,,,,,,,,,,,,,,,,,,,,,,,,,,,,,,,,,,,,,,,,,,,,,,,,,,,,,,,,,,,,,
2026,2,sii,2026-08-20,9937,全國,1847554.0,11098932.0,12946486.0,5416807.0,1989828,7406635.0,3090430,,24067,,17004,,,,,0,5539851.0,0,0,,17.93,,2408350,5539851,0,,,,,,,,,,,,,,,,,,,,,,,,,,,,,,,,,,,,,,,,,,,,,,,,,,,,,,,,,,,,,,
2026,2,sii,2026-08-20,9938,百和,13380866.0,22410938.0,35791804.0,12117177.0,6971373,19088550.0,2979639,,775359,,182802,,,,,3657071,16703254.0,,0,,43.78,,9108383,13046183,0,,,,,,,,,,,,,,,,,,,,,,,,,,,,,,,,,,,,,,,,,,,,,,,,,,,,,,,,,,,,,,
2026,2,sii,2026-08-20,9939,宏全,17470405.0,31822410.0,49292815.0,16101017.0,13011297,29112314.0,2957865,,6825654,,-2389746,,,,,403309,20180501.0,,0,,66.86,,12383419,19777192,0,,,,,,,,,,,,,,,,,,,,,,,,,,,,,,,,,,,,,,,,,,,,,,,,,,,,,,,,,,,,,,
2026,2,sii,2026-08-20,9940,信義,16541353.0,15099528.0,31640881.0,5166901.0,13076332,18243233.0,7368465,,64115,,-7518,,,,,124120,13397648.0,,0,,18.01,,5848466,13273528,0,,,,,,,,,,,,,,,,,,,,,,,,,,,,,,,,,,,,,,,,,,,,,,,,,,,,,,,,,,,,,,
2026,2,sii,2026-08-20,9941,裕融,237887730.0,51777520.0,289665250.0,242135650.0,6770532,248906182.0,6871490,,14536252,,100947,,,,,320699,40759068.0,,0,,59.85,,18929680,40438369,0,,,,,,,,,,,,,,,,,,,,,,,,,,,,,,,,,,,,,,,,,,,,,,,,,,,,,,,,,,,,,,
2026,2,sii,2026-08-20,9942,茂順,3458845.0,2991551.0,6450396.0,1746475.0,524876,2271351.0,831613,,214743,,-56256,,,,,3930,4179045.0,0,0,,50.21,,3185015,4175115,0,,,,,,,,,,,,,,,,,,,,,,,,,,,,,,,,,,,,,,,,,,,,,,,,,,,,,,,,,,,,,,
2026,2,sii,2026-08-20,9943,好樂迪,1738300.0,4006041.0,5744341.0,1040859.0,981695,2022554.0,1251715,,284,,-56022,0,,,,20074,3721787.0,0,0,,29.57,,2505736,3701713,0,,,,,,,,,,,,,,,,,,,,,,,,,,,,,,,,,,,,,,,,,,,,,,,,,,,,,,,,,,,,,,
2026,2,sii,2026-08-20,9944,新麗,2951654.0,2954556.0,5906210.0,1607638.0,732318,2339956.0,1059081,,224504,,102388,0,,,,77244,3566254.0,,0,,32.94,,2103037,3489010,0,,,,,,,,,,,,,,,,,,,,,,,,,,,,,,,,,,,,,,,,,,,,,,,,,,,,,,,,,,,,,,
2026,2,sii,2026-08-20,9945,潤泰新,57949308.0,198555259.0,256504567.0,36560737.0,52445881,89006618.0,28442251,,17314365,,-4729424,-226335,,,,7203564,167497949.0,0,0,,56.85,,119493528,160294385,24608093,,,,,,,,,,,,,,,,,,,,,,,,,,,,,,,,,,,,,,,,,,,,,,,,,,,,,,,,,,,,,,
2026,2,sii,2026-08-20,9946,三發地產,15398339.0,1810546.0,17208885.0,6843873.0,3202002,10045875.0,3265542,,35740,,123465,-87232,,,,,7163010.0,0,0,,22.25,,3825495,7163010,4550000,,,,,,,,,,,,,,,,,,,,,,,,,,,,,,,,,,,,,,,,,,,,,,,,,,,,,,,,,,,,,,
2026,2,sii,2026-08-20,9955,佳龍,597631.0,2409597.0,3007228.0,304864.0,1357837,1662701.0,1044246,,990883,,-23356,,,,,,1344527.0,,0,,12.88,,-667246,1344527,0,,,,,,,,,,,,,,,,,,,,,,,,,,,,,,,,,,,,,,,,,,,,,,,,,,,,,,,,,,,,,,
2026,2,sii,2026-08-20,9958,世紀鋼,23569039.0,34568845.0,58137884.0,19302213.0,13501897,32804110.0,2468967,,7095835,,-115016,0,,,,13555132,25333774.0,0,0,,47.71,,2328856,11778642,0,,,,,,,,,,,,,,,,,,,,,,,,,,,,,,,,,,,,,,,,,,,,,,,,,,,,,,,,,,,,,,
